"","Date","Bedfordshire and Hertfordshire","West Midlands","Herefordshire, Worcestershire and Warwickshire","Shropshire and Staffordshire","Gloucestershire, Wiltshire and Bristol/Bath area","Dorset and Somerset","Lancashire","North Yorkshire","West Yorkshire","Hampshire and Isle of Wight","Greater Manchester","Surrey, East and West Sussex","Outer London - South","Inner London - East","Kent","Outer London - East and North East","Cumbria","Northumberland and Tyne and Wear","East Anglia","Essex","East Wales","West Wales and The Valleys","Cheshire","Merseyside","Leicestershire, Rutland and Northamptonshire","Derbyshire and Nottinghamshire","Tees Valley and Durham","South Yorkshire","East Yorkshire and Northern Lincolnshire","Lincolnshire","Devon","Inner London - West","Outer London - West and North West","Cornwall and Isles of Scilly","Berkshire, Buckinghamshire and Oxfordshire"
"1","1995-02-01",1.0156,1.0027,1.0056,1.0246,1.0168,1.013,1.0039,1.0034,1.0098,1.001,1.0112,0.9936,1.0068,1.0014,1.0084,1.0094,1.0372,0.9871,1.0151,1.0201,1.0192,0.9738,1.0189,1.0322,1.0167,0.9787,0.9993,0.9977,1.0217,0.9996,0.9943,1.0027,1.0051,1.038,1.0103
"2","1995-03-01",1.01,1.0052,0.9993,1.0142,1.0211,1.0147,1.0049,1.0147,1.0128,0.9994,1.0246,0.9985,1.0116,1.0348,1.0074,1.0188,1.0411,1.0078,1.0179,1.0273,1.0117,0.985,1.01,1.0194,1.0058,0.9946,0.9961,1.0051,1.0036,1.0008,0.9874,1.0191,1.0084,1.008,1.0088
"3","1995-04-01",1.0149,0.9835,0.9949,1.0065,1.017,1.0113,1.0117,1.02,1.007,1.0062,1.0118,1.003,1.0098,1.015,1.0057,1.0194,1.039,1.0116,1.0096,1.016,1.0016,0.9806,1.0158,1.0113,1.0191,0.9887,1.0006,0.9895,1.0281,0.9999,0.9922,1.0249,1.0107,1.0183,1.003
"4","1995-05-01",1.0142,0.9933,1.0002,1.0188,1.017,1.0157,1.0079,1.0095,1.0002,1.0075,1.0273,1.0036,1.0145,1.0359,1.0048,1.0182,1.0277,1.0025,1.0207,1.0227,1.0042,1.0024,1.0221,1.008,1.0172,0.9891,1.0097,1.0045,1.0004,0.9998,0.9845,1.011,1.0246,1.0273,1.004
"5","1995-06-01",1.0147,1.006,1.013,1.0184,1.0289,1.0184,0.9891,1.0137,1.0063,1.0074,1.0232,1.0151,1.0283,1.05,1.0094,1.0343,1.0457,1.0016,1.0168,1.0204,1.0064,0.9962,1.0292,1.0113,1.0348,1.0011,1.0009,1.0004,1.0144,0.9917,1.0014,1.0146,1.0251,1.0339,1.0196
"6","1995-07-01",1.0105,0.9914,1.0078,1.0081,1.0108,1.007,0.9925,1.0055,1.01,1.0059,1.0048,1.0032,1.0145,1.0356,1.0033,1.0121,1.0195,0.9952,1.0146,1.0231,0.9949,0.9833,1.014,0.9968,1.0174,0.9867,0.9935,0.9941,0.9966,0.9966,0.9865,1.0324,1.0301,1.0206,1.0045
"7","1995-08-01",1.0098,0.986,0.9978,1.0108,1.0162,1.0064,0.9921,0.9992,0.9901,1.0064,1.0072,1.0086,1.015,1.0434,1.0058,1.0179,1.0072,0.9919,1.0136,1.0156,1.0007,0.9837,1.0191,1.0038,1.0084,0.9819,0.9868,0.9867,1.0079,0.987,0.995,1.0384,1.0247,1.0152,1.0105
"8","1995-09-01",1.0105,0.9929,0.9981,1.0022,1.0232,1.0105,1.0003,1.0065,1.0018,1.0085,1.0071,1.004,1.021,1.0416,1.0032,1.0103,1.0182,0.999,1.0135,1.0211,1.004,0.9943,1.0273,0.9979,1.0243,0.9934,0.9927,1.0087,0.9958,0.9998,0.9847,1.0263,1.0359,1.0165,1.0134
"9","1995-10-01",1.0055,1.0048,1.0016,1.0175,1.0109,1.0074,0.9812,1.0181,1.0048,1.0083,1.007,1.0054,1.0188,1.0603,1.0073,1.0139,1.0212,0.9954,1.0117,1.0081,0.9906,0.9735,1.02,0.9776,1.0063,0.9884,1.0002,0.9885,0.9945,0.9853,0.9817,1.0621,1.0387,1.0328,1.0133
"10","1995-11-01",1.0233,0.9957,1.0094,1.0173,1.0175,1.0121,1.0004,1.0205,1.0055,1.0145,1.0164,1.0104,1.0226,1.0464,1.0091,1.0128,1.0149,1.0047,1.0213,1.0223,1.001,1.0019,1.0108,0.9855,1.0167,0.9855,0.9876,1.0022,0.9914,1.0011,0.9735,1.0608,1.029,1.0255,1.0155
"11","1995-12-01",1.0269,1.006,1.0212,1.0131,1.0334,1.0075,0.9957,1.0206,1.0027,1.0197,1.0169,1.0168,1.0405,1.0646,1.0106,1.0259,1.0288,1.0003,1.0117,1.0318,0.9984,0.9852,1.0227,1.0031,1.0225,0.9925,1.0135,1.007,0.9933,0.9951,0.9904,1.0497,1.0459,1.0364,1.0246
"12","1996-01-01",1.0232,0.9864,1.0032,1.0023,1.0167,1.0119,0.979,0.9986,0.9886,1.0114,1.0051,1.0156,1.0258,1.0778,1.009,1.0168,1.0082,0.9794,0.9924,1.0171,0.9832,0.9921,1.0214,0.9743,1.0214,0.9799,1.009,0.9869,0.9897,0.9956,0.9903,1.069,1.0475,1.0267,1.0141
"13","1996-02-01",1.0212,1.0002,1.0165,1.0037,1.0309,1.02,0.9855,0.9958,0.996,1.0173,1.0326,1.0194,1.0402,1.0855,1.0097,1.0212,1.0354,0.9894,1.0035,1.0109,1.0107,0.9774,1.0121,1.0076,1.0197,0.9766,0.9771,0.9975,0.9957,0.9759,0.977,1.0594,1.0612,1.0411,1.0294
"14","1996-03-01",1.0179,0.9883,1.0019,1.0177,1.0318,1.009,0.9796,1.0024,0.9941,1.0291,1.0234,1.0276,1.0328,1.0837,1.013,1.0338,1.0297,0.9971,1.0128,1.0205,0.999,0.985,1.0211,1.0006,1.0239,0.9925,0.9869,1.0024,0.9852,1.0027,0.9889,1.0552,1.0498,1.0247,1.0308
"15","1996-04-01",1.0214,1.0051,1.0024,1.0127,1.0338,1.0282,0.9715,1.0063,0.9953,1.0263,1.0029,1.0259,1.0528,1.0699,1.0215,1.0345,1.0158,0.9913,1.0143,1.0217,1.0067,0.9933,1.0199,0.9943,1.0239,0.9784,1.0024,1.0016,0.9996,0.9963,0.9931,1.0647,1.0856,1.0193,1.0259
"16","1996-05-01",1.0345,0.9906,1.0247,1.0138,1.0374,1.0236,0.9822,1.0068,0.996,1.029,1.0117,1.03,1.0496,1.0949,1.0177,1.0428,1.0251,1.0088,1.0112,1.0276,1.0092,0.9917,1.0202,1.0008,1.0216,0.9958,0.9921,0.9846,0.9949,0.9981,1.0086,1.0697,1.0553,1.0485,1.0364
"17","1996-06-01",1.0425,1.0039,1.0325,1.0149,1.0536,1.028,0.9926,1.0138,1.0075,1.0369,1.0259,1.0388,1.0583,1.1016,1.029,1.0565,1.0482,1.0159,1.0225,1.0412,1.0227,0.9947,1.0297,1.0098,1.0325,1.0007,1.017,0.9952,0.9974,1.0073,0.9986,1.1121,1.073,1.0544,1.0471
"18","1996-07-01",1.0386,0.9974,1.0164,1.0175,1.041,1.0367,0.979,1.0097,0.9918,1.0373,1.0073,1.0437,1.0517,1.0928,1.0338,1.0568,1.0076,0.9942,1.0227,1.0347,1.0075,1.0088,1.0225,0.985,1.0264,0.9835,0.9948,1.0023,0.9804,1.0112,0.9967,1.0975,1.0814,1.0647,1.0493
"19","1996-08-01",1.059,1.0013,1.0283,1.0191,1.0508,1.0494,0.9853,1.0035,0.994,1.0451,1.0177,1.0472,1.0736,1.0968,1.0369,1.0594,1.0095,1.0025,1.0229,1.0438,1.0221,1.0038,1.0175,0.9953,1.0404,0.9978,0.9974,0.9785,0.9901,1.0156,0.9966,1.1227,1.0828,1.0532,1.0542
"20","1996-09-01",1.0559,1.0152,1.0421,1.0271,1.0571,1.055,0.9819,1.0241,0.996,1.0553,1.026,1.0624,1.0751,1.1155,1.0396,1.0711,1.0333,1.0083,1.0275,1.0535,1.0353,1.0054,1.0327,1.0043,1.0463,1.0074,0.9951,1.0118,0.9949,1.0034,1.0112,1.1447,1.095,1.0544,1.0661
"21","1996-10-01",1.0594,1.016,1.0398,1.0356,1.0648,1.0525,0.9845,1.0365,1.009,1.0616,1.0324,1.0735,1.0931,1.1086,1.0465,1.0687,1.0409,1.0178,1.0321,1.048,1.0355,1.0053,1.0245,0.9939,1.0508,1.0008,1.0005,1.0045,0.9866,1.0188,1.0179,1.1286,1.1019,1.0615,1.0702
"22","1996-11-01",1.0799,1.0206,1.05,1.0399,1.071,1.0591,0.9918,1.0151,1.0111,1.0705,1.023,1.0788,1.091,1.1437,1.0504,1.0864,1.0371,1.0114,1.0479,1.07,1.0261,1.0118,1.0369,1.0094,1.053,1.0069,1.0047,1.0048,0.9941,1.0208,1.0232,1.1459,1.1168,1.0719,1.0783
"23","1996-12-01",1.0903,1.0323,1.055,1.032,1.0829,1.0712,0.9993,1.0472,1.0173,1.0789,1.0359,1.0876,1.1,1.1474,1.0657,1.1068,1.0448,1.0271,1.0485,1.084,1.0312,1.0144,1.0432,1.0223,1.0645,1.0188,0.9969,1.0242,0.996,1.0181,1.0263,1.1615,1.1228,1.0787,1.0948
"24","1997-01-01",1.0985,1.0244,1.0584,1.045,1.0771,1.0719,0.9916,1.0166,1.011,1.0859,1.0271,1.0974,1.1143,1.1573,1.0724,1.0973,1.0207,1.0093,1.0524,1.0768,1.05,1.0035,1.0353,0.9981,1.069,1.004,0.993,1.01,0.9731,1.0235,1.0337,1.1784,1.1352,1.0958,1.1037
"25","1997-02-01",1.0997,1.0216,1.061,1.0469,1.0933,1.1002,1.0071,1.0366,1.0095,1.0966,1.0338,1.1018,1.1232,1.1744,1.0854,1.1029,1.0525,1.0168,1.0523,1.0826,1.0419,1.0176,1.0408,1.0018,1.0663,1.0162,0.9953,1.0151,0.9926,1.0325,1.0317,1.2188,1.1332,1.0826,1.1113
"26","1997-03-01",1.1182,1.0487,1.0699,1.057,1.1027,1.0917,0.9931,1.0407,1.029,1.1036,1.0436,1.1219,1.1353,1.1898,1.0926,1.1276,1.0434,1.029,1.0612,1.1052,1.0604,1.0203,1.0718,1.0283,1.0862,1.0307,1.0118,1.0222,1.0031,1.0334,1.0463,1.2248,1.168,1.1047,1.1289
"27","1997-04-01",1.1298,1.0416,1.0776,1.0555,1.1096,1.1054,1.0014,1.053,1.0183,1.1165,1.0469,1.1311,1.1509,1.1909,1.0921,1.1381,1.0665,1.0295,1.0694,1.1092,1.052,1.0301,1.0619,1.0191,1.0992,1.0243,1.0087,1.0137,1.0014,1.0333,1.047,1.2383,1.1766,1.1079,1.1396
"28","1997-05-01",1.1414,1.0475,1.0898,1.0717,1.1184,1.1197,1.0124,1.0594,1.0197,1.1309,1.0473,1.1479,1.1653,1.2168,1.114,1.1489,1.066,1.0391,1.0808,1.1189,1.0628,1.0331,1.067,1.028,1.0995,1.0347,1.0139,1.028,0.9921,1.0578,1.0616,1.2687,1.2072,1.1219,1.1531
"29","1997-06-01",1.1614,1.0606,1.1077,1.0771,1.1349,1.1289,1.0164,1.0578,1.0218,1.1452,1.0524,1.1623,1.1925,1.2482,1.1263,1.1665,1.075,1.0408,1.0918,1.1384,1.0766,1.0485,1.0751,1.0351,1.1122,1.0499,1.0164,1.0277,1.0041,1.0641,1.07,1.2816,1.2228,1.135,1.1718
"30","1997-07-01",1.1684,1.0605,1.1061,1.0732,1.1374,1.1386,1.0154,1.0665,1.0252,1.1565,1.0508,1.1759,1.2048,1.2633,1.1267,1.1725,1.0751,1.0373,1.1011,1.142,1.0719,1.0376,1.0665,1.0231,1.1079,1.038,1.0189,1.0266,0.9854,1.0651,1.082,1.3073,1.2472,1.1295,1.196
"31","1997-08-01",1.1909,1.0726,1.127,1.0802,1.152,1.1566,1.0276,1.0678,1.0332,1.1827,1.0415,1.1933,1.2283,1.2641,1.1473,1.1854,1.0658,1.06,1.1053,1.1568,1.0872,1.0385,1.0944,1.0277,1.1185,1.0561,1.0115,1.0265,0.9914,1.0646,1.0891,1.3082,1.2554,1.1486,1.2108
"32","1997-09-01",1.2012,1.0777,1.1367,1.0913,1.1583,1.1642,1.0241,1.0752,1.038,1.177,1.0615,1.2101,1.2379,1.2837,1.1598,1.1914,1.0898,1.0586,1.1206,1.1603,1.0993,1.052,1.0998,1.0364,1.1339,1.0583,1.0307,1.0323,1.0057,1.0673,1.0922,1.3415,1.2846,1.1591,1.2275
"33","1997-10-01",1.2198,1.0916,1.1342,1.0858,1.1677,1.1813,1.0278,1.0803,1.0549,1.2021,1.0669,1.2249,1.2557,1.291,1.1756,1.2153,1.0647,1.0546,1.1253,1.1724,1.1036,1.0543,1.0887,1.0346,1.1336,1.0604,1.0336,1.0342,1.011,1.0679,1.1006,1.3472,1.2876,1.1572,1.2348
"34","1997-11-01",1.226,1.0896,1.1556,1.0931,1.185,1.1796,1.0276,1.0896,1.0534,1.2058,1.0666,1.2395,1.2663,1.3039,1.168,1.2242,1.0767,1.0662,1.1349,1.1786,1.1064,1.0432,1.1006,1.0548,1.1475,1.0699,1.0329,1.0514,1.0152,1.0896,1.1077,1.3523,1.305,1.1846,1.2496
"35","1997-12-01",1.2419,1.1003,1.158,1.0962,1.1894,1.1902,1.0402,1.0927,1.0573,1.2168,1.0716,1.2501,1.2869,1.3505,1.1893,1.25,1.0921,1.0787,1.1436,1.2004,1.1296,1.0545,1.1122,1.0462,1.1594,1.0632,1.0292,1.0534,1.0176,1.0887,1.1164,1.36,1.3143,1.1825,1.2641
"36","1998-01-01",1.2408,1.0921,1.1504,1.1049,1.1895,1.211,1.0452,1.0995,1.0382,1.2218,1.0834,1.258,1.2871,1.3312,1.1963,1.2497,1.0831,1.069,1.1506,1.1991,1.1157,1.0566,1.1058,1.0519,1.1457,1.071,1.0354,1.0428,1.0144,1.0915,1.1177,1.3605,1.3176,1.1751,1.2626
"37","1998-02-01",1.2646,1.1095,1.1686,1.1074,1.2006,1.2126,1.0411,1.1013,1.0566,1.2304,1.0858,1.2657,1.2926,1.3276,1.202,1.2568,1.1009,1.0896,1.154,1.2049,1.1096,1.0627,1.1252,1.0678,1.1525,1.0784,1.0391,1.0656,1.0061,1.0987,1.1289,1.383,1.3298,1.1846,1.2809
"38","1998-03-01",1.261,1.109,1.1689,1.1087,1.214,1.2133,1.0419,1.099,1.0663,1.242,1.0891,1.2742,1.3057,1.3629,1.2163,1.2741,1.0915,1.0861,1.1547,1.2139,1.1349,1.0662,1.129,1.0689,1.168,1.0786,1.0282,1.056,1.025,1.0976,1.1278,1.4058,1.3536,1.2189,1.2874
"39","1998-04-01",1.2758,1.1083,1.1789,1.1172,1.2308,1.2264,1.0498,1.1097,1.0606,1.2561,1.0906,1.2896,1.3301,1.3743,1.2245,1.2766,1.1123,1.0809,1.1672,1.2296,1.1349,1.0664,1.1329,1.0639,1.178,1.089,1.0442,1.0575,1.0236,1.1029,1.1341,1.4083,1.3588,1.2118,1.3028
"40","1998-05-01",1.2924,1.1244,1.1855,1.1237,1.2306,1.243,1.048,1.1219,1.0648,1.2676,1.0904,1.3028,1.3467,1.4045,1.2323,1.302,1.117,1.0908,1.176,1.2391,1.1445,1.0772,1.1429,1.0585,1.1922,1.0938,1.0447,1.06,1.0334,1.1092,1.1464,1.4275,1.3785,1.2073,1.3223
"41","1998-06-01",1.3041,1.1322,1.2002,1.1276,1.2507,1.2449,1.0689,1.1181,1.0705,1.2717,1.1039,1.3217,1.3572,1.4326,1.2508,1.3088,1.124,1.0988,1.1923,1.2565,1.1392,1.0891,1.1559,1.0751,1.1925,1.0962,1.0469,1.0749,1.0353,1.1091,1.1473,1.4253,1.4017,1.241,1.3318
"42","1998-07-01",1.3186,1.1406,1.2001,1.1341,1.2504,1.2599,1.0537,1.1347,1.0756,1.2848,1.1039,1.3258,1.3606,1.4166,1.2486,1.3164,1.1168,1.0949,1.195,1.2582,1.1474,1.0883,1.151,1.0659,1.2019,1.1015,1.0441,1.0694,1.0276,1.1248,1.1669,1.4561,1.4181,1.2446,1.3412
"43","1998-08-01",1.3276,1.1333,1.2153,1.1529,1.2709,1.2682,1.0528,1.134,1.0776,1.2937,1.1024,1.3388,1.378,1.4432,1.2622,1.3325,1.1292,1.097,1.2054,1.267,1.1494,1.0845,1.162,1.0677,1.2112,1.1038,1.0441,1.0718,1.0238,1.1197,1.1705,1.4575,1.4364,1.2579,1.3528
"44","1998-09-01",1.331,1.1486,1.2208,1.1343,1.2711,1.2823,1.0597,1.1388,1.0868,1.2981,1.1119,1.3505,1.379,1.4482,1.2741,1.3367,1.138,1.1087,1.2151,1.2811,1.1531,1.0931,1.1653,1.0745,1.2197,1.1145,1.0479,1.0951,1.0339,1.1255,1.1659,1.4848,1.4286,1.2672,1.3541
"45","1998-10-01",1.3373,1.1599,1.2311,1.1424,1.2827,1.2821,1.0647,1.1341,1.0871,1.3074,1.1169,1.3455,1.404,1.4489,1.2737,1.3507,1.1426,1.12,1.2194,1.2773,1.1697,1.0996,1.1721,1.0938,1.2252,1.1138,1.0636,1.0815,1.0293,1.1392,1.1771,1.4708,1.4367,1.2681,1.3609
"46","1998-11-01",1.3462,1.1514,1.2278,1.1551,1.2882,1.2865,1.0707,1.1564,1.0928,1.3139,1.1231,1.3645,1.4055,1.4455,1.2827,1.3536,1.1465,1.1217,1.2213,1.283,1.1731,1.1035,1.1765,1.0912,1.2273,1.1275,1.0631,1.078,1.0278,1.1419,1.1795,1.4614,1.4399,1.258,1.3743
"47","1998-12-01",1.3635,1.1644,1.237,1.1632,1.3035,1.2902,1.0745,1.146,1.0958,1.3207,1.1321,1.3697,1.4044,1.4628,1.2926,1.3715,1.1417,1.128,1.2375,1.3031,1.1796,1.1098,1.1867,1.0816,1.2343,1.131,1.0695,1.0889,1.0447,1.1555,1.1894,1.4797,1.4651,1.271,1.3841
"48","1999-01-01",1.3559,1.1526,1.2369,1.1652,1.3012,1.2913,1.0758,1.1506,1.0892,1.3164,1.1293,1.3544,1.4056,1.4672,1.2955,1.3607,1.1653,1.1185,1.2345,1.2977,1.171,1.1093,1.1853,1.087,1.2329,1.1246,1.0618,1.0901,1.0229,1.1417,1.1886,1.4628,1.448,1.2874,1.3801
"49","1999-02-01",1.3561,1.1804,1.2483,1.1667,1.3024,1.2909,1.0787,1.1426,1.0877,1.3279,1.1398,1.367,1.4156,1.4801,1.3062,1.3609,1.1453,1.1186,1.2397,1.2896,1.1743,1.1045,1.1963,1.0993,1.2417,1.131,1.0599,1.096,1.0392,1.1427,1.1954,1.4914,1.4608,1.2931,1.3856
"50","1999-03-01",1.3663,1.1739,1.2542,1.1717,1.3138,1.3097,1.0795,1.1644,1.0995,1.332,1.1387,1.3816,1.4362,1.4928,1.297,1.3725,1.1528,1.1311,1.2428,1.3207,1.1924,1.103,1.2051,1.1006,1.2537,1.142,1.0579,1.0983,1.0404,1.1539,1.202,1.4996,1.4793,1.3088,1.4
"51","1999-04-01",1.3821,1.1832,1.2712,1.1769,1.3327,1.326,1.0866,1.1601,1.1046,1.3532,1.1495,1.3983,1.4488,1.5155,1.3155,1.3859,1.1505,1.1486,1.2586,1.3198,1.2027,1.1225,1.222,1.1091,1.2699,1.141,1.0662,1.1055,1.0512,1.1603,1.2087,1.5124,1.4885,1.2997,1.4117
"52","1999-05-01",1.4008,1.1913,1.2773,1.1855,1.3438,1.3494,1.0894,1.1804,1.1178,1.3633,1.1589,1.4149,1.4667,1.5294,1.3233,1.4105,1.1778,1.1492,1.2726,1.3362,1.1989,1.1295,1.2223,1.1272,1.2758,1.16,1.0675,1.0965,1.0382,1.1706,1.2163,1.5445,1.5232,1.3182,1.4358
"53","1999-06-01",1.4234,1.2021,1.2956,1.1912,1.3678,1.3577,1.0859,1.1899,1.116,1.3791,1.1725,1.4382,1.4971,1.5734,1.3503,1.437,1.177,1.1547,1.2864,1.3484,1.2077,1.1255,1.2351,1.1191,1.2858,1.1629,1.0727,1.1116,1.0559,1.1837,1.2361,1.5819,1.5482,1.3231,1.4539
"54","1999-07-01",1.4396,1.2086,1.3004,1.2068,1.3803,1.3732,1.1036,1.1844,1.1149,1.394,1.167,1.4549,1.5198,1.603,1.3646,1.4448,1.1772,1.1512,1.2978,1.3571,1.2103,1.137,1.248,1.1199,1.2958,1.1607,1.0849,1.124,1.0437,1.2024,1.2535,1.6056,1.5609,1.3436,1.4785
"55","1999-08-01",1.4554,1.2204,1.3326,1.2109,1.4118,1.4006,1.1149,1.2188,1.1275,1.4197,1.1827,1.4828,1.5488,1.6324,1.3868,1.4688,1.199,1.1639,1.314,1.3824,1.2368,1.1512,1.2661,1.135,1.3099,1.1756,1.0814,1.1338,1.0576,1.1981,1.2583,1.6423,1.6022,1.3439,1.5032
"56","1999-09-01",1.4929,1.2234,1.3324,1.2196,1.4316,1.4217,1.1014,1.2215,1.1384,1.4416,1.1927,1.5081,1.5766,1.6642,1.3986,1.4881,1.2133,1.1728,1.3275,1.407,1.2492,1.145,1.2716,1.1399,1.3216,1.1882,1.0893,1.1319,1.0589,1.2131,1.2736,1.6633,1.6315,1.3816,1.5328
"57","1999-10-01",1.5126,1.245,1.3524,1.232,1.4561,1.4505,1.1186,1.2307,1.1437,1.4691,1.1977,1.539,1.6062,1.693,1.4191,1.5141,1.2057,1.169,1.3467,1.4259,1.2646,1.1578,1.2766,1.1489,1.3369,1.1861,1.0912,1.1545,1.0674,1.208,1.2927,1.6974,1.6705,1.3966,1.5542
"58","1999-11-01",1.5344,1.2569,1.3666,1.239,1.4833,1.4654,1.1187,1.2266,1.1504,1.4921,1.1955,1.5625,1.6446,1.7134,1.4488,1.5501,1.2156,1.1854,1.3661,1.437,1.2823,1.1585,1.3045,1.155,1.3523,1.2037,1.094,1.1489,1.0683,1.2264,1.3211,1.7476,1.7051,1.4129,1.5842
"59","1999-12-01",1.5641,1.2695,1.3876,1.2538,1.4994,1.5016,1.1276,1.2651,1.1687,1.5205,1.223,1.5893,1.6732,1.754,1.4768,1.5702,1.2193,1.1892,1.3892,1.468,1.2916,1.1717,1.3147,1.1712,1.3715,1.2192,1.1121,1.1643,1.07,1.2376,1.3244,1.7682,1.7326,1.4246,1.6205
"60","2000-01-01",1.5743,1.2604,1.3945,1.2703,1.5096,1.5048,1.1303,1.2657,1.1535,1.5285,1.219,1.6035,1.6979,1.7737,1.4868,1.5799,1.2308,1.1912,1.4055,1.4821,1.3053,1.1761,1.3137,1.1622,1.3724,1.213,1.1084,1.1616,1.0648,1.2305,1.3348,1.7701,1.7318,1.4351,1.6287
"61","2000-02-01",1.6004,1.2825,1.4019,1.2701,1.5253,1.5205,1.1376,1.2726,1.1619,1.5557,1.2337,1.6263,1.7198,1.796,1.4995,1.607,1.2243,1.1908,1.4186,1.4908,1.2944,1.1752,1.3395,1.1797,1.3923,1.2272,1.1104,1.1481,1.0705,1.2459,1.3512,1.7891,1.7714,1.4165,1.6517
"62","2000-03-01",1.6281,1.2841,1.4222,1.2859,1.5595,1.5375,1.1423,1.294,1.1807,1.5866,1.2559,1.6534,1.7489,1.8413,1.5294,1.6369,1.2233,1.2025,1.4438,1.5221,1.3102,1.1884,1.3379,1.1955,1.4148,1.2326,1.1226,1.1777,1.0789,1.2775,1.3809,1.8297,1.7935,1.4874,1.6831
"63","2000-04-01",1.6501,1.3064,1.4431,1.2834,1.5901,1.5763,1.1524,1.2959,1.1885,1.6154,1.2453,1.6864,1.7948,1.8776,1.5603,1.6703,1.2465,1.2089,1.4697,1.5469,1.3268,1.201,1.3648,1.2052,1.421,1.2423,1.1176,1.1843,1.1034,1.2782,1.4015,1.8804,1.8491,1.4843,1.7116
"64","2000-05-01",1.6789,1.3219,1.4591,1.2897,1.6169,1.5921,1.1545,1.3179,1.1909,1.6354,1.2572,1.708,1.8243,1.8983,1.5692,1.7072,1.2412,1.2257,1.4874,1.5713,1.3333,1.2055,1.3697,1.2204,1.4445,1.261,1.124,1.1828,1.1045,1.2887,1.4391,1.9104,1.8644,1.5135,1.7408
"65","2000-06-01",1.704,1.3456,1.486,1.3117,1.6398,1.6147,1.1776,1.3357,1.2081,1.6731,1.2672,1.7489,1.8619,1.9565,1.6078,1.7202,1.2561,1.223,1.5081,1.6027,1.3507,1.2244,1.3883,1.2269,1.4646,1.2721,1.1229,1.2015,1.0962,1.3102,1.4452,1.9281,1.904,1.5282,1.7735
"66","2000-07-01",1.7265,1.3469,1.4899,1.3234,1.6498,1.6342,1.1691,1.3545,1.2188,1.6803,1.2808,1.7569,1.8648,1.9682,1.6097,1.7454,1.2716,1.2245,1.5342,1.6203,1.3689,1.2141,1.3924,1.2187,1.4823,1.2818,1.1365,1.2121,1.0984,1.3034,1.4537,1.9446,1.8966,1.5657,1.7895
"67","2000-08-01",1.7447,1.3731,1.5069,1.3375,1.6784,1.6465,1.1781,1.3659,1.2425,1.707,1.2979,1.7683,1.8793,1.9667,1.636,1.7654,1.2923,1.2539,1.547,1.627,1.3693,1.2203,1.409,1.2272,1.4938,1.2898,1.1447,1.2054,1.1129,1.3432,1.4587,1.9694,1.9132,1.5902,1.8055
"68","2000-09-01",1.7502,1.3679,1.5055,1.3398,1.6635,1.6588,1.1811,1.3685,1.2291,1.7143,1.3,1.7693,1.8827,1.9783,1.6597,1.7772,1.2992,1.2441,1.5527,1.6559,1.3838,1.2379,1.4005,1.2339,1.5209,1.3063,1.1369,1.2282,1.1341,1.3348,1.4849,1.935,1.898,1.6016,1.802
"69","2000-10-01",1.7504,1.3716,1.5251,1.3548,1.6857,1.6658,1.2049,1.3879,1.2374,1.723,1.3081,1.7795,1.8843,1.9705,1.642,1.7874,1.2951,1.249,1.5622,1.6486,1.3855,1.2394,1.4332,1.2577,1.5076,1.3009,1.1486,1.2272,1.1268,1.351,1.4856,1.933,1.9098,1.6167,1.8088
"70","2000-11-01",1.7707,1.3875,1.5384,1.3648,1.69,1.6696,1.1848,1.4038,1.2374,1.7187,1.3021,1.7893,1.8895,1.9736,1.6506,1.7797,1.2981,1.2575,1.5611,1.6563,1.4034,1.2431,1.4384,1.2601,1.5219,1.304,1.154,1.218,1.1264,1.3535,1.501,1.9317,1.9358,1.5888,1.8042
"71","2000-12-01",1.78,1.4018,1.5549,1.3796,1.6916,1.6873,1.217,1.3946,1.2466,1.7426,1.3305,1.8031,1.9079,2.011,1.6768,1.8057,1.3186,1.2724,1.5886,1.6867,1.4075,1.248,1.4465,1.2862,1.5443,1.3438,1.1533,1.2489,1.1336,1.372,1.5028,1.9593,1.9343,1.596,1.8222
"72","2001-01-01",1.7682,1.4002,1.5361,1.3597,1.6968,1.6721,1.2109,1.4059,1.2577,1.7358,1.3061,1.7956,1.9127,2.0263,1.6685,1.7962,1.2907,1.2697,1.575,1.6726,1.393,1.2487,1.4554,1.2721,1.5324,1.3157,1.1445,1.2169,1.1277,1.3757,1.5248,1.9775,1.9418,1.5918,1.8189
"73","2001-02-01",1.7713,1.423,1.5552,1.3796,1.7134,1.6905,1.209,1.4258,1.2429,1.7471,1.3234,1.8166,1.9037,2.0111,1.6828,1.8105,1.3082,1.2758,1.5949,1.679,1.4224,1.247,1.4631,1.275,1.5398,1.3259,1.1722,1.2131,1.138,1.3857,1.5251,1.9835,1.9391,1.6117,1.8356
"74","2001-03-01",1.7947,1.4247,1.5731,1.3918,1.7246,1.7028,1.2129,1.4284,1.2582,1.7694,1.3421,1.8305,1.9181,2.0637,1.6988,1.8285,1.3171,1.297,1.6096,1.7072,1.4161,1.253,1.4819,1.2755,1.5744,1.3409,1.1705,1.2311,1.1398,1.3959,1.5446,2.0006,1.9758,1.6312,1.847
"75","2001-04-01",1.8116,1.4483,1.5789,1.4056,1.753,1.7205,1.226,1.4527,1.2799,1.7888,1.3501,1.8557,1.9427,2.0873,1.7201,1.863,1.3394,1.2931,1.6373,1.7261,1.4473,1.2631,1.4892,1.306,1.5862,1.3635,1.1542,1.2675,1.1533,1.4439,1.5763,2.0263,1.9815,1.6641,1.8759
"76","2001-05-01",1.8478,1.4582,1.6115,1.4375,1.7708,1.7512,1.2262,1.4722,1.2909,1.8102,1.3788,1.8821,1.9698,2.1216,1.7415,1.886,1.3582,1.2994,1.6543,1.7472,1.4561,1.2795,1.515,1.313,1.5957,1.3762,1.1912,1.2773,1.1593,1.4449,1.6004,2.072,2.0192,1.6919,1.8936
"77","2001-06-01",1.8654,1.4813,1.6295,1.4276,1.8057,1.7772,1.2531,1.4856,1.2995,1.8482,1.3799,1.9137,2.0034,2.1492,1.7618,1.9295,1.36,1.3362,1.6857,1.7746,1.4948,1.2942,1.5224,1.3148,1.6324,1.4007,1.1952,1.3041,1.1716,1.444,1.6225,2.0909,2.0545,1.7156,1.9247
"78","2001-07-01",1.876,1.4914,1.6303,1.4413,1.816,1.7892,1.2523,1.5144,1.3235,1.8643,1.3922,1.9284,2.028,2.1693,1.7753,1.9418,1.3601,1.3534,1.7057,1.7964,1.5009,1.3061,1.5402,1.3285,1.6359,1.4018,1.1857,1.296,1.1745,1.4691,1.6571,2.1195,2.0827,1.7275,1.9431
"79","2001-08-01",1.8997,1.5083,1.662,1.4686,1.8494,1.8276,1.2625,1.527,1.3308,1.8878,1.4107,1.955,2.0456,2.1894,1.8057,1.9723,1.3816,1.3461,1.7433,1.8265,1.4962,1.3204,1.5473,1.3454,1.655,1.4356,1.2155,1.3113,1.1912,1.4916,1.6919,2.137,2.1119,1.7718,1.9744
"80","2001-09-01",1.9298,1.5268,1.6751,1.4713,1.8745,1.8486,1.2648,1.5558,1.3469,1.9089,1.4126,1.9681,2.0762,2.2232,1.8288,2.0235,1.3838,1.3426,1.7657,1.8494,1.54,1.3256,1.5559,1.3654,1.6781,1.4487,1.2321,1.3298,1.1997,1.5015,1.7185,2.1696,2.1252,1.7653,1.9869
"81","2001-10-01",1.9415,1.5409,1.6794,1.4958,1.8872,1.8664,1.2809,1.567,1.359,1.9286,1.4347,1.9962,2.0956,2.2398,1.851,2.019,1.3972,1.3712,1.7816,1.8722,1.5362,1.3281,1.5864,1.3611,1.7041,1.4561,1.2128,1.3367,1.2209,1.5185,1.7188,2.1579,2.1539,1.8242,2.0081
"82","2001-11-01",1.9591,1.5572,1.7147,1.5026,1.8946,1.8902,1.2957,1.5938,1.3585,1.951,1.4414,2.0068,2.1245,2.2499,1.8568,2.0535,1.3766,1.3926,1.8106,1.8907,1.5531,1.3448,1.6076,1.3751,1.7074,1.472,1.2241,1.3329,1.2282,1.5538,1.7376,2.1716,2.1569,1.8365,2.028
"83","2001-12-01",2.0026,1.5773,1.7165,1.53,1.9152,1.9021,1.3013,1.6374,1.3784,1.9723,1.4679,2.0394,2.1492,2.2867,1.8896,2.0999,1.4333,1.4119,1.8373,1.9298,1.5844,1.3461,1.6233,1.4118,1.751,1.5041,1.2471,1.3707,1.2619,1.5639,1.7715,2.1957,2.1905,1.8762,2.0458
"84","2002-01-01",1.9766,1.5694,1.7216,1.5091,1.9236,1.9198,1.3047,1.6145,1.3815,1.9786,1.4711,2.026,2.1506,2.2739,1.8847,2.0732,1.4327,1.4064,1.834,1.9182,1.5693,1.3529,1.6186,1.3964,1.7365,1.4854,1.2412,1.3722,1.2449,1.5578,1.7735,2.1669,2.1872,1.8739,2.0488
"85","2002-02-01",2.0112,1.5862,1.7388,1.5301,1.9396,1.9452,1.3218,1.634,1.3907,1.9968,1.4676,2.0408,2.153,2.2881,1.9036,2.0939,1.4602,1.4309,1.8403,1.9418,1.6076,1.3611,1.6398,1.4109,1.772,1.5071,1.2547,1.3616,1.2508,1.5794,1.7874,2.2058,2.1978,1.9002,2.055
"86","2002-03-01",2.0393,1.6093,1.7603,1.5531,1.9814,1.9617,1.3335,1.6549,1.4124,2.0191,1.483,2.0692,2.1725,2.327,1.932,2.1393,1.4534,1.4453,1.887,1.9712,1.6333,1.3734,1.6684,1.4402,1.7902,1.5659,1.272,1.4078,1.2763,1.6275,1.8344,2.2041,2.2386,1.9547,2.0959
"87","2002-04-01",2.0657,1.648,1.8023,1.5825,2.003,2.0028,1.3457,1.6892,1.4295,2.054,1.5169,2.0999,2.2168,2.3476,1.9659,2.1644,1.4819,1.4715,1.9303,2.0085,1.6451,1.3953,1.6798,1.4293,1.8254,1.5852,1.2922,1.4208,1.3006,1.6543,1.8567,2.2713,2.2685,1.9895,2.1151
"88","2002-05-01",2.1139,1.6698,1.8276,1.6191,2.0464,2.0465,1.3924,1.7597,1.4628,2.0964,1.5556,2.1411,2.2499,2.3921,2.0068,2.2103,1.5099,1.5304,1.9583,2.0486,1.6802,1.4235,1.729,1.4789,1.8679,1.62,1.3209,1.4415,1.3632,1.6888,1.9163,2.2938,2.3047,2.0504,2.1574
"89","2002-06-01",2.1629,1.7238,1.8865,1.6575,2.1028,2.1046,1.4158,1.792,1.523,2.1501,1.5889,2.1886,2.3048,2.4688,2.0549,2.2797,1.5123,1.5635,2.0147,2.1126,1.7496,1.4588,1.7772,1.5045,1.9179,1.6713,1.3527,1.5264,1.3779,1.76,1.9686,2.3457,2.3466,2.1529,2.203
"90","2002-07-01",2.2006,1.7418,1.9099,1.6983,2.1464,2.1447,1.4383,1.8268,1.5308,2.1836,1.5857,2.2154,2.3304,2.478,2.0973,2.3058,1.5596,1.5775,2.0603,2.1571,1.7626,1.4898,1.7861,1.535,1.9482,1.7109,1.3741,1.5222,1.4139,1.7834,2.0075,2.372,2.389,2.1575,2.2328
"91","2002-08-01",2.2475,1.7869,1.9502,1.7265,2.2007,2.1994,1.4758,1.8708,1.5776,2.2349,1.628,2.2694,2.3844,2.5178,2.1448,2.3634,1.5774,1.628,2.107,2.2016,1.8382,1.52,1.8323,1.5388,1.9964,1.7511,1.3883,1.5555,1.4365,1.8679,2.0922,2.4222,2.4419,2.2527,2.2658
"92","2002-09-01",2.2968,1.8268,1.9872,1.7615,2.2469,2.2427,1.4758,1.9215,1.587,2.2801,1.6565,2.2959,2.42,2.5669,2.1844,2.4174,1.5928,1.6803,2.1453,2.2434,1.8427,1.5258,1.85,1.5762,2.0472,1.8021,1.4131,1.5855,1.4599,1.8937,2.1318,2.3988,2.459,2.3139,2.3014
"93","2002-10-01",2.3452,1.8539,2.0236,1.7924,2.275,2.2877,1.5092,1.9309,1.6078,2.3002,1.6711,2.3339,2.4586,2.5739,2.2249,2.4591,1.6085,1.6877,2.1607,2.2931,1.8487,1.5698,1.8783,1.5933,2.0701,1.8261,1.4495,1.6047,1.486,1.9294,2.1702,2.4509,2.479,2.3226,2.3331
"94","2002-11-01",2.3824,1.8962,2.0626,1.8397,2.3111,2.3402,1.5297,1.9642,1.6519,2.349,1.689,2.369,2.497,2.6043,2.2509,2.4867,1.6648,1.7355,2.1976,2.3258,1.9174,1.6,1.916,1.6257,2.1211,1.8758,1.4889,1.6428,1.5406,1.9764,2.1853,2.4451,2.5295,2.417,2.3643
"95","2002-12-01",2.4275,1.9299,2.0856,1.8796,2.3445,2.3619,1.5781,2.015,1.6906,2.3821,1.7207,2.4152,2.541,2.6505,2.2985,2.5488,1.673,1.793,2.2411,2.374,1.9501,1.624,1.9392,1.7096,2.1626,1.9072,1.4943,1.6795,1.579,2.0122,2.2357,2.4416,2.5597,2.4734,2.3926
"96","2003-01-01",2.454,1.9488,2.1148,1.8636,2.3446,2.3912,1.5658,2.0064,1.6745,2.3902,1.7221,2.4248,2.5618,2.6479,2.3145,2.5339,1.698,1.7668,2.2367,2.3861,1.9537,1.6325,1.9496,1.6637,2.1622,1.9244,1.5094,1.7045,1.5721,2.0283,2.2513,2.4545,2.579,2.4606,2.4
"97","2003-02-01",2.4572,1.9662,2.132,1.8917,2.3727,2.4201,1.5929,2.0302,1.7063,2.4402,1.768,2.4284,2.5752,2.6438,2.3404,2.5915,1.7415,1.7746,2.2758,2.4332,1.9861,1.6707,1.9945,1.6956,2.196,1.9675,1.521,1.7291,1.6053,2.0686,2.2766,2.449,2.6099,2.4667,2.4177
"98","2003-03-01",2.4797,1.9996,2.162,1.9326,2.3901,2.4297,1.6169,2.0838,1.7466,2.4425,1.7588,2.4586,2.601,2.673,2.361,2.5981,1.7581,1.8479,2.2976,2.4637,2.017,1.6839,2.0106,1.7045,2.2129,1.9815,1.5643,1.7557,1.5992,2.082,2.2894,2.4294,2.6203,2.5269,2.4353
"99","2003-04-01",2.4943,2.0235,2.1604,1.9698,2.4142,2.4559,1.6507,2.0804,1.7752,2.4643,1.8055,2.4784,2.5877,2.6873,2.3876,2.6258,1.7901,1.9048,2.3015,2.4592,2.0426,1.725,2.0409,1.7721,2.2519,2.024,1.5946,1.8141,1.6413,2.1264,2.3295,2.4552,2.6073,2.5516,2.4434
"100","2003-05-01",2.5142,2.0516,2.2013,1.976,2.4249,2.4778,1.6712,2.1441,1.8137,2.4652,1.8354,2.4902,2.6438,2.7255,2.4184,2.6473,1.8293,1.9515,2.335,2.5002,2.0844,1.7467,2.0719,1.7807,2.2863,2.0483,1.6457,1.8363,1.6876,2.1769,2.3521,2.4648,2.6335,2.6109,2.4605
"101","2003-06-01",2.5265,2.1019,2.2422,2.0172,2.4651,2.5122,1.7189,2.1683,1.8592,2.5039,1.8891,2.5137,2.622,2.696,2.4468,2.6468,1.85,2.0025,2.3686,2.5078,2.1149,1.7954,2.0831,1.837,2.3364,2.0837,1.6694,1.8693,1.7528,2.1931,2.3812,2.448,2.6647,2.6285,2.4789
"102","2003-07-01",2.5358,2.1049,2.2476,2.0369,2.4454,2.5206,1.722,2.1928,1.8675,2.4798,1.9035,2.5158,2.6308,2.7151,2.4492,2.6499,1.8791,2.01,2.3625,2.5146,2.147,1.8131,2.1271,1.8297,2.3267,2.111,1.7067,1.8987,1.7648,2.2272,2.4035,2.4557,2.6485,2.649,2.4776
"103","2003-08-01",2.5474,2.1339,2.282,2.0669,2.4546,2.534,1.7937,2.2156,1.9126,2.5021,1.9281,2.509,2.6382,2.7066,2.4625,2.6575,1.9539,2.0901,2.3715,2.511,2.1712,1.8579,2.1354,1.8936,2.3709,2.1438,1.7356,1.9195,1.7804,2.2555,2.4229,2.4665,2.6621,2.6837,2.4816
"104","2003-09-01",2.5462,2.1453,2.2893,2.0918,2.4798,2.5436,1.7818,2.2298,1.9224,2.5069,1.9704,2.5188,2.6514,2.7194,2.4763,2.6788,1.9953,2.0798,2.402,2.538,2.1678,1.8958,2.1689,1.9303,2.3779,2.1692,1.752,1.9308,1.8161,2.2504,2.4267,2.4697,2.6669,2.7261,2.4942
"105","2003-10-01",2.5629,2.182,2.3234,2.1307,2.4981,2.574,1.8267,2.273,1.9576,2.5318,1.9812,2.5291,2.6726,2.7172,2.4977,2.7107,1.9996,2.101,2.4143,2.5454,2.1824,1.9134,2.1797,1.9493,2.3871,2.1832,1.8131,1.9766,1.8455,2.2891,2.4459,2.4715,2.6895,2.757,2.5072
"106","2003-11-01",2.5888,2.2001,2.3431,2.159,2.5109,2.5966,1.8453,2.2955,1.9982,2.5548,2.0119,2.5647,2.6845,2.7632,2.5212,2.7335,2.0357,2.1426,2.4504,2.5991,2.2407,1.9774,2.2355,2.0073,2.4208,2.2174,1.8327,2.0375,1.8385,2.3064,2.5081,2.4921,2.7114,2.7783,2.5281
"107","2003-12-01",2.615,2.2472,2.3893,2.2183,2.5508,2.6492,1.9057,2.3279,2.0202,2.582,2.0577,2.585,2.6906,2.7785,2.5571,2.754,2.068,2.2067,2.4807,2.6136,2.2772,2.032,2.2618,2.0574,2.4464,2.2474,1.8751,2.0798,1.9167,2.3405,2.5108,2.5116,2.7344,2.8114,2.5459
"108","2004-01-01",2.6267,2.2377,2.3548,2.1997,2.5425,2.6678,1.9139,2.3434,2.0326,2.5956,2.0498,2.6009,2.713,2.7728,2.5753,2.7527,2.1155,2.2168,2.4849,2.6036,2.2946,2.0604,2.2639,2.058,2.455,2.2254,1.8525,2.078,1.8914,2.354,2.5322,2.5398,2.7449,2.8961,2.5447
"109","2004-02-01",2.6257,2.2485,2.4084,2.2386,2.5856,2.6962,1.934,2.3549,2.0464,2.6138,2.0595,2.6206,2.7296,2.7855,2.5896,2.7594,2.116,2.204,2.4979,2.6364,2.3201,2.0677,2.294,2.112,2.4671,2.2829,1.9051,2.1254,1.9405,2.3834,2.5465,2.5461,2.7714,2.8774,2.5766
"110","2004-03-01",2.6581,2.2737,2.437,2.251,2.5888,2.6897,1.9496,2.3866,2.0818,2.6294,2.1048,2.6342,2.7481,2.818,2.6105,2.7879,2.1999,2.2418,2.5328,2.6664,2.3409,2.0911,2.309,2.123,2.5063,2.2945,1.9615,2.1645,2.024,2.4298,2.5777,2.5832,2.7831,2.9066,2.587
"111","2004-04-01",2.6774,2.3218,2.4734,2.2988,2.6325,2.73,2.0268,2.4754,2.1342,2.6643,2.184,2.6645,2.7815,2.8503,2.6515,2.8072,2.2866,2.3187,2.5658,2.6912,2.4054,2.1742,2.3752,2.1987,2.5464,2.3505,2.0311,2.246,2.0515,2.4524,2.6581,2.6115,2.7902,2.9703,2.616
"112","2004-05-01",2.7204,2.3616,2.4946,2.3505,2.6752,2.8022,2.1202,2.4871,2.1859,2.6932,2.2081,2.69,2.8023,2.8905,2.67,2.8608,2.3171,2.366,2.6188,2.7191,2.4435,2.2208,2.4384,2.2893,2.587,2.3849,2.1109,2.2951,2.1207,2.5115,2.7153,2.6469,2.8441,3.0328,2.6463
"113","2004-06-01",2.7591,2.4045,2.5533,2.4127,2.7194,2.8048,2.1397,2.5568,2.2198,2.7278,2.2839,2.73,2.8349,2.9224,2.7349,2.8827,2.3603,2.4258,2.6437,2.7756,2.5234,2.3059,2.4703,2.3452,2.6498,2.4304,2.1472,2.3382,2.1591,2.5215,2.7309,2.6722,2.8734,3.0959,2.6666
"114","2004-07-01",2.7587,2.4257,2.5695,2.4462,2.737,2.8331,2.1894,2.5671,2.2731,2.7307,2.2978,2.7423,2.8713,2.951,2.7365,2.8954,2.4224,2.4547,2.697,2.7822,2.531,2.3589,2.4981,2.3927,2.6645,2.4707,2.2032,2.3684,2.2194,2.5874,2.7758,2.6938,2.8892,3.1447,2.6905
"115","2004-08-01",2.8045,2.4637,2.6022,2.4734,2.764,2.8722,2.205,2.6336,2.2861,2.7513,2.3579,2.7785,2.8993,2.9861,2.7792,2.9429,2.4532,2.518,2.7064,2.8198,2.5758,2.3963,2.5348,2.4047,2.6887,2.5159,2.2286,2.4088,2.2248,2.6277,2.8344,2.72,2.9017,3.1349,2.7228
"116","2004-09-01",2.8224,2.4733,2.6238,2.4885,2.784,2.8813,2.2166,2.5928,2.3043,2.7808,2.3994,2.7926,2.9314,2.995,2.7854,2.96,2.4572,2.503,2.7392,2.8512,2.602,2.3859,2.5258,2.4648,2.7287,2.5375,2.2379,2.4344,2.2542,2.6164,2.8374,2.7213,2.9026,3.1827,2.7306
"117","2004-10-01",2.8233,2.4983,2.6325,2.5039,2.8032,2.8832,2.2479,2.64,2.3545,2.7993,2.3743,2.7948,2.9246,2.9949,2.8141,2.9753,2.4888,2.5422,2.7188,2.8623,2.6002,2.4238,2.5592,2.459,2.7132,2.5103,2.2844,2.4372,2.2501,2.6432,2.86,2.7112,2.9215,3.2151,2.7431
"118","2004-11-01",2.828,2.4927,2.654,2.5263,2.804,2.8989,2.269,2.6452,2.3451,2.7973,2.4273,2.8058,2.9329,3.0058,2.8259,2.987,2.4642,2.5346,2.7511,2.8896,2.6341,2.4342,2.5978,2.4987,2.7335,2.5462,2.3192,2.4721,2.2672,2.6496,2.8369,2.7105,2.9287,3.2382,2.7433
"119","2004-12-01",2.8541,2.5382,2.6675,2.5279,2.8139,2.8876,2.2592,2.6801,2.3603,2.8012,2.421,2.8051,2.9309,3.0116,2.8259,3.0008,2.5116,2.5798,2.7643,2.8718,2.6267,2.4763,2.599,2.471,2.7582,2.5503,2.3472,2.4674,2.2902,2.6579,2.8491,2.6857,2.946,3.1613,2.7545
"120","2005-01-01",2.8318,2.4919,2.6327,2.5085,2.8023,2.8565,2.2158,2.6131,2.3526,2.7804,2.396,2.8014,2.9224,3.02,2.7878,2.9777,2.5002,2.4981,2.7279,2.8368,2.6616,2.4237,2.5888,2.4983,2.7028,2.5204,2.2876,2.4928,2.2695,2.6509,2.8463,2.6663,2.9011,3.1775,2.7341
"121","2005-02-01",2.8275,2.512,2.6341,2.5305,2.8007,2.8905,2.2732,2.6302,2.3492,2.7761,2.4119,2.7966,2.9437,2.997,2.8394,2.9743,2.4869,2.5322,2.7323,2.8713,2.6554,2.4273,2.5688,2.4798,2.7335,2.5301,2.2702,2.466,2.2665,2.6702,2.8419,2.6869,2.9149,3.1558,2.7423
"122","2005-03-01",2.8248,2.5328,2.6659,2.5496,2.803,2.9,2.2871,2.6978,2.3804,2.7876,2.4478,2.8006,2.9117,3.0072,2.8207,2.9996,2.5913,2.5506,2.748,2.8613,2.6268,2.4749,2.6075,2.4864,2.726,2.5403,2.2909,2.502,2.3243,2.647,2.8534,2.6875,2.921,3.1982,2.7506
"123","2005-04-01",2.8489,2.5384,2.6809,2.5726,2.8359,2.9242,2.2986,2.6983,2.4068,2.8053,2.4457,2.8035,2.9134,3.0016,2.8467,3.0164,2.5796,2.5772,2.774,2.8834,2.673,2.4684,2.6132,2.5455,2.7608,2.5664,2.3393,2.5264,2.2824,2.6715,2.8779,2.7263,2.9102,3.2002,2.7531
"124","2005-05-01",2.8676,2.5458,2.7083,2.5734,2.8401,2.9326,2.3411,2.7651,2.4263,2.8192,2.4877,2.82,2.9313,3.024,2.8497,3.0047,2.5864,2.5865,2.7846,2.9036,2.6836,2.4924,2.6312,2.5601,2.7691,2.5715,2.3505,2.5462,2.3529,2.7033,2.893,2.7481,2.9435,3.2185,2.7678
"125","2005-06-01",2.8828,2.574,2.7136,2.6029,2.8453,2.9488,2.3712,2.7453,2.4536,2.8371,2.5135,2.8386,2.9656,3.0375,2.8667,3.023,2.5892,2.6153,2.8143,2.9232,2.6934,2.515,2.6489,2.555,2.7862,2.5846,2.3782,2.5769,2.3617,2.6925,2.9133,2.7667,2.9525,3.3019,2.7776
"126","2005-07-01",2.8612,2.5744,2.7108,2.6079,2.8477,2.9601,2.3427,2.74,2.4368,2.8284,2.5077,2.8508,2.9451,3.0632,2.8834,3.0361,2.6088,2.6249,2.8095,2.9187,2.7179,2.5509,2.6512,2.5566,2.7771,2.6013,2.3811,2.5612,2.3592,2.6864,2.9249,2.771,2.9451,3.2625,2.7682
"127","2005-08-01",2.8754,2.6031,2.72,2.6234,2.8683,2.9645,2.37,2.755,2.4651,2.8256,2.5114,2.8565,2.9401,3.0325,2.8885,3.0163,2.6488,2.633,2.8027,2.9291,2.7126,2.5515,2.6506,2.575,2.7867,2.6041,2.3678,2.6005,2.368,2.7149,2.9202,2.7764,2.9491,3.2594,2.7814
"128","2005-09-01",2.8883,2.5902,2.7384,2.6301,2.8755,2.9698,2.3668,2.7486,2.4765,2.8277,2.5335,2.8465,2.9375,3.0816,2.8784,3.0326,2.6173,2.6279,2.8123,2.9379,2.6968,2.5587,2.6457,2.5399,2.7982,2.599,2.3727,2.5635,2.3672,2.7083,2.9097,2.7867,2.97,3.2867,2.7739
"129","2005-10-01",2.8723,2.6027,2.7103,2.6266,2.8784,2.9727,2.379,2.7456,2.4822,2.8185,2.5424,2.8686,2.9657,3.1167,2.8761,3.0581,2.6396,2.6239,2.829,2.9413,2.6966,2.5625,2.6775,2.5621,2.8019,2.6219,2.4122,2.596,2.374,2.7169,2.9381,2.7884,2.9899,3.2563,2.7879
"130","2005-11-01",2.8895,2.6019,2.7388,2.6526,2.9027,2.9858,2.405,2.7603,2.483,2.8326,2.5439,2.8637,2.9558,3.0997,2.909,3.0449,2.6403,2.634,2.8332,2.9544,2.7297,2.5669,2.7097,2.5932,2.8149,2.6169,2.4153,2.6088,2.3892,2.7099,2.9503,2.8112,2.9852,3.3077,2.8031
"131","2005-12-01",2.9087,2.6273,2.7507,2.6508,2.9114,2.9957,2.4187,2.8035,2.5045,2.8478,2.592,2.8966,2.9731,3.1449,2.9197,3.0679,2.6664,2.6452,2.8686,2.9705,2.7462,2.5609,2.6969,2.6184,2.8157,2.6283,2.4512,2.6298,2.3761,2.7454,2.9681,2.815,2.98,3.3179,2.8113
"132","2006-01-01",2.893,2.6082,2.751,2.6491,2.9018,2.9922,2.4121,2.7926,2.5009,2.8453,2.5543,2.8655,2.9669,3.1342,2.9224,3.0791,2.7001,2.6404,2.8396,2.9487,2.7434,2.5921,2.6877,2.5931,2.8071,2.6535,2.4035,2.6016,2.3726,2.7193,2.9579,2.8156,2.974,3.2707,2.8138
"133","2006-02-01",2.925,2.6254,2.774,2.6628,2.9125,3.0155,2.4617,2.7961,2.5148,2.8455,2.5852,2.8925,2.9884,3.1558,2.9268,3.0766,2.7164,2.6356,2.8722,2.9677,2.7165,2.578,2.7033,2.5804,2.8342,2.6523,2.4514,2.6397,2.3985,2.7366,2.9851,2.8442,2.9977,3.2985,2.8428
"134","2006-03-01",2.9319,2.6441,2.7743,2.6907,2.9322,3.0327,2.4472,2.8226,2.5496,2.8827,2.5926,2.9068,3.0087,3.1842,2.9482,3.0955,2.6916,2.6846,2.895,2.9801,2.7809,2.5944,2.7078,2.6041,2.8621,2.6586,2.4329,2.6726,2.4318,2.782,2.9883,2.8701,3.006,3.3918,2.8452
"135","2006-04-01",2.945,2.6552,2.7894,2.701,2.9734,3.05,2.4681,2.8424,2.5634,2.8984,2.6335,2.9251,3.0185,3.1934,2.9777,3.112,2.7747,2.7096,2.9181,2.9917,2.7717,2.6351,2.7326,2.6095,2.8712,2.6884,2.4543,2.6941,2.4708,2.7965,3.0232,2.911,3.0359,3.3506,2.8653
"136","2006-05-01",2.9763,2.6832,2.8102,2.7272,2.9961,3.0753,2.4996,2.8956,2.5736,2.9224,2.6414,2.9607,3.0467,3.2495,2.9831,3.1342,2.7601,2.6971,2.9462,3.0327,2.8029,2.6466,2.7445,2.66,2.8852,2.7036,2.4736,2.6761,2.4649,2.8191,3.039,2.9702,3.0588,3.3726,2.8908
"137","2006-06-01",3.0035,2.7003,2.8278,2.7662,3.044,3.1067,2.5355,2.8934,2.6039,2.9509,2.664,2.9915,3.0865,3.283,3.0191,3.1567,2.8091,2.7432,2.9797,3.0627,2.8266,2.6824,2.7601,2.6878,2.9146,2.7203,2.5054,2.7234,2.4879,2.8333,3.0749,2.9974,3.0948,3.4523,2.9244
"138","2006-07-01",3.0148,2.6984,2.8444,2.7671,3.0385,3.12,2.534,2.8937,2.6104,2.9579,2.6511,3.0014,3.0889,3.3347,3.0332,3.1664,2.7979,2.7662,2.988,3.0629,2.8472,2.6755,2.7762,2.6803,2.9334,2.7159,2.5092,2.7504,2.5008,2.8379,3.0953,3.0618,3.1187,3.4335,2.9301
"139","2006-08-01",3.0379,2.7126,2.8612,2.7677,3.0555,3.1482,2.5486,2.9212,2.6162,2.9833,2.6795,3.0304,3.1368,3.3474,3.0464,3.215,2.8494,2.7382,3.0072,3.0772,2.8712,2.6979,2.7976,2.7014,2.9441,2.7359,2.4904,2.7295,2.5186,2.8622,3.1025,3.0882,3.1386,3.501,2.9444
"140","2006-09-01",3.0512,2.7423,2.8729,2.7994,3.087,3.1454,2.5618,2.946,2.649,2.9984,2.6969,3.0549,3.1617,3.4,3.0639,3.2288,2.8506,2.7717,3.0449,3.0943,2.8807,2.7211,2.8053,2.6961,2.9699,2.7447,2.5129,2.743,2.525,2.8772,3.1281,3.1375,3.1842,3.4868,2.9693
"141","2006-10-01",3.0702,2.7364,2.8979,2.7898,3.1144,3.1679,2.583,2.9649,2.6675,3.0197,2.7079,3.0725,3.1873,3.4223,3.0666,3.2322,2.8414,2.7705,3.062,3.1195,2.9052,2.7238,2.8118,2.7362,2.9831,2.7524,2.5127,2.7748,2.5434,2.8862,3.1383,3.1581,3.2076,3.513,2.9836
"142","2006-11-01",3.1008,2.7557,2.9066,2.8085,3.1408,3.2066,2.5906,2.9776,2.6791,3.0532,2.7486,3.1036,3.1931,3.4582,3.0981,3.2727,2.8779,2.7944,3.085,3.1329,2.9193,2.7418,2.8398,2.7429,2.9947,2.772,2.5403,2.7954,2.5817,2.9122,3.17,3.1784,3.2266,3.5406,3.0165
"143","2006-12-01",3.1295,2.7843,2.9373,2.8412,3.173,3.2145,2.6289,2.9965,2.7109,3.0614,2.7707,3.1344,3.2469,3.508,3.1393,3.2904,2.9051,2.8221,3.1246,3.1749,2.923,2.793,2.8643,2.754,3.0303,2.8092,2.6186,2.8211,2.6164,2.9397,3.1996,3.2455,3.2755,3.5775,3.0537
"144","2007-01-01",3.1346,2.7668,2.9205,2.8327,3.1799,3.2324,2.616,3.0114,2.7104,3.0634,2.7421,3.1403,3.2798,3.5227,3.1428,3.3311,2.9225,2.8265,3.1162,3.1637,2.8979,2.791,2.8659,2.7838,3.027,2.7821,2.5742,2.7852,2.6046,2.927,3.1956,3.2545,3.2858,3.5896,3.0592
"145","2007-02-01",3.1636,2.7814,2.9319,2.8484,3.1851,3.266,2.6208,3.0065,2.7198,3.102,2.7621,3.1679,3.2992,3.5817,3.1345,3.3381,2.9079,2.7846,3.1148,3.1839,2.9141,2.8014,2.862,2.7698,3.0416,2.7996,2.582,2.7921,2.6219,2.9197,3.2279,3.3215,3.3174,3.6015,3.0925
"146","2007-03-01",3.1774,2.8053,2.962,2.8696,3.2195,3.2725,2.6575,3.0578,2.7496,3.1212,2.7873,3.1795,3.326,3.6056,3.1949,3.3744,2.9198,2.8432,3.1729,3.2064,2.9325,2.8009,2.8874,2.7721,3.0526,2.8169,2.612,2.8255,2.6192,2.9632,3.2467,3.3904,3.3521,3.612,3.1129
"147","2007-04-01",3.2139,2.8112,2.9837,2.9013,3.238,3.3045,2.6795,3.0701,2.7684,3.158,2.8095,3.2203,3.3711,3.7064,3.1887,3.3833,2.9871,2.8842,3.197,3.229,2.9552,2.8209,2.8857,2.8089,3.0761,2.8289,2.5978,2.9004,2.634,2.9834,3.2599,3.495,3.3949,3.6351,3.1473
"148","2007-05-01",3.2388,2.8559,2.9928,2.9246,3.2785,3.3174,2.6917,3.0896,2.7779,3.1765,2.8118,3.2655,3.4145,3.7314,3.2211,3.4447,2.9767,2.9015,3.2149,3.2618,2.9896,2.8447,2.9208,2.8276,3.1109,2.8365,2.6435,2.8925,2.6714,2.9957,3.2909,3.5357,3.4328,3.6817,3.1843
"149","2007-06-01",3.2934,2.862,3.0211,2.9348,3.3081,3.3483,2.7058,3.136,2.7979,3.1976,2.8387,3.3075,3.4444,3.8081,3.2604,3.5108,3.0347,2.9382,3.2514,3.3009,2.9993,2.8598,2.9585,2.8422,3.1209,2.8618,2.6509,2.9044,2.6895,2.9997,3.3155,3.6263,3.5078,3.7501,3.2221
"150","2007-07-01",3.2795,2.8472,3.0406,2.9119,3.3204,3.3813,2.7269,3.1047,2.8071,3.2219,2.8532,3.3378,3.5111,3.8742,3.2701,3.5167,3.0346,2.8873,3.2593,3.3046,3.0138,2.8721,2.9619,2.8442,3.1475,2.8769,2.6508,2.8948,2.703,3.0356,3.3358,3.6844,3.5253,3.7511,3.2277
"151","2007-08-01",3.3292,2.8622,3.0483,2.938,3.3274,3.3914,2.7215,3.1333,2.829,3.2368,2.8773,3.374,3.57,3.9096,3.2977,3.5548,3.0942,2.907,3.2826,3.3477,3.0172,2.9042,2.9556,2.8795,3.15,2.861,2.671,2.9246,2.6951,3.0209,3.3453,3.7598,3.5507,3.7206,3.2631
"152","2007-09-01",3.3462,2.8769,3.0439,2.982,3.3596,3.3998,2.7457,3.1522,2.8229,3.2502,2.8733,3.3768,3.5919,3.9216,3.3007,3.5826,3.0784,2.9452,3.2897,3.3659,3.0481,2.9035,2.9825,2.8444,3.1619,2.8805,2.6768,2.9531,2.716,3.0683,3.3588,3.7539,3.5915,3.7582,3.273
"153","2007-10-01",3.3536,2.872,3.0485,2.9631,3.3412,3.429,2.7244,3.1539,2.8224,3.2613,2.8913,3.3959,3.5906,3.9608,3.3209,3.5897,3.1061,2.9371,3.296,3.3829,3.0312,2.9224,3.0016,2.8446,3.1438,2.8834,2.6878,2.9188,2.7285,3.0241,3.3632,3.7503,3.5957,3.7922,3.2707
"154","2007-11-01",3.3499,2.8898,3.0663,2.9703,3.342,3.4241,2.7616,3.133,2.8329,3.2693,2.8911,3.4026,3.5962,3.9836,3.3436,3.6072,3.0788,2.924,3.3022,3.3803,3.0741,2.9116,2.9667,2.8474,3.1501,2.8846,2.6959,2.9493,2.7072,3.0633,3.3608,3.7867,3.6291,3.7784,3.2822
"155","2007-12-01",3.3556,2.8893,3.0409,2.9447,3.3425,3.4353,2.7432,3.1999,2.8587,3.2584,2.8888,3.4133,3.6086,3.9876,3.363,3.6197,3.0927,2.9537,3.2987,3.4106,3.0894,2.9082,2.956,2.861,3.1641,2.8755,2.6991,2.9539,2.7285,3.0258,3.3489,3.7563,3.6165,3.7496,3.2894
"156","2008-01-01",3.3509,2.8783,3.0061,2.9312,3.3126,3.3656,2.7012,3.0893,2.8136,3.2492,2.8747,3.4039,3.5979,3.9682,3.3209,3.6327,3.0657,2.8842,3.2541,3.3867,3.0172,2.8746,2.9318,2.8451,3.1044,2.8262,2.6663,2.9404,2.7337,3.0299,3.3595,3.7186,3.6164,3.7227,3.2732
"157","2008-02-01",3.3213,2.8677,3.0144,2.9275,3.3004,3.4039,2.7324,3.1355,2.8146,3.2246,2.8559,3.4018,3.5881,3.9529,3.3193,3.6075,3.0496,2.9058,3.2632,3.3815,3.0117,2.8784,2.8987,2.8301,3.1005,2.8392,2.6457,2.9233,2.6862,2.9926,3.3474,3.76,3.6296,3.7725,3.2574
"158","2008-03-01",3.3069,2.8109,2.9819,2.933,3.2922,3.3652,2.7305,3.0591,2.8093,3.2128,2.8344,3.384,3.5617,3.9566,3.2805,3.5954,3.0943,2.8854,3.2414,3.364,3.0033,2.8608,2.9606,2.8444,3.1002,2.8244,2.6674,2.9273,2.7407,2.9762,3.3177,3.7071,3.5711,3.6771,3.2395
"159","2008-04-01",3.3163,2.8251,2.9834,2.9207,3.2679,3.3782,2.7418,3.0978,2.7932,3.2041,2.8553,3.3574,3.5736,3.9676,3.3222,3.6013,3.0789,2.9132,3.2282,3.3596,2.9795,2.8737,2.9407,2.8665,3.0951,2.8238,2.7025,2.9316,2.7394,3.0264,3.3321,3.7204,3.6053,3.7498,3.2379
"160","2008-05-01",3.3252,2.8629,2.9869,2.9472,3.259,3.357,2.749,3.1247,2.8099,3.2013,2.8423,3.3789,3.5817,3.9936,3.317,3.5902,3.0757,2.9011,3.234,3.3725,2.9884,2.8621,2.9681,2.8133,3.0916,2.8462,2.6772,2.931,2.7263,3.0191,3.3461,3.7634,3.5938,3.7506,3.2272
"161","2008-06-01",3.3007,2.8369,2.9533,2.9486,3.2499,3.3212,2.7153,3.112,2.7846,3.1746,2.8407,3.3202,3.5524,3.9592,3.2966,3.5602,3.0559,2.9088,3.1677,3.3322,2.9379,2.8672,2.9332,2.8586,3.0627,2.8151,2.6454,2.9122,2.6955,3.0075,3.2597,3.7109,3.6191,3.6574,3.2194
"162","2008-07-01",3.2777,2.7725,2.9261,2.8514,3.1905,3.2779,2.6676,3.0239,2.7533,3.1355,2.7686,3.2773,3.507,3.8453,3.2304,3.5141,3.0383,2.8223,3.1404,3.2824,2.9071,2.8248,2.8713,2.7827,3.0309,2.7758,2.6327,2.8907,2.6988,2.9517,3.227,3.6986,3.5788,3.6423,3.1829
"163","2008-08-01",3.183,2.7428,2.9097,2.8495,3.1196,3.2127,2.6749,3.0284,2.7289,3.085,2.7816,3.2442,3.4117,3.836,3.1935,3.4266,3.0506,2.8009,3.0872,3.209,2.8698,2.8067,2.8563,2.7563,2.9356,2.7375,2.5579,2.837,2.6753,2.9163,3.196,3.5718,3.4449,3.5604,3.0979
"164","2008-09-01",3.1158,2.6987,2.8646,2.8081,3.0699,3.1417,2.6312,2.9594,2.6866,3.0291,2.7405,3.1496,3.3593,3.737,3.1313,3.4081,2.9775,2.817,3.0358,3.1251,2.8503,2.746,2.8236,2.7462,2.9093,2.6829,2.514,2.8022,2.6269,2.853,3.1734,3.5531,3.4084,3.5707,3.0315
"165","2008-10-01",3.0542,2.6593,2.7578,2.7768,2.998,3.0804,2.5866,2.9298,2.5937,2.9787,2.7023,3.0949,3.2907,3.6628,3.0633,3.3424,3.0329,2.7395,2.9699,3.0842,2.84,2.7594,2.7748,2.6985,2.8348,2.6298,2.5296,2.8014,2.5927,2.7774,3.1012,3.4533,3.3163,3.5074,2.9695
"166","2008-11-01",2.9984,2.6542,2.7222,2.7401,2.9603,3.0451,2.5863,2.896,2.6017,2.9115,2.6438,3.0057,3.2345,3.6262,3.0095,3.273,2.9241,2.6798,2.9354,3.0127,2.7895,2.7044,2.7154,2.5932,2.8116,2.6196,2.4954,2.8266,2.6429,2.7369,3.0508,3.4252,3.2969,3.416,2.9374
"167","2008-12-01",2.9492,2.5864,2.6787,2.6895,2.9001,2.9953,2.4695,2.8514,2.5375,2.8562,2.6323,2.9583,3.1817,3.575,2.9658,3.2778,2.8557,2.7208,2.8709,2.9815,2.7634,2.6712,2.6781,2.6477,2.7648,2.6005,2.4367,2.6665,2.4991,2.7284,3.0023,3.3787,3.2741,3.4107,2.9009
"168","2009-01-01",2.8952,2.5307,2.6628,2.7099,2.8567,2.9565,2.4917,2.8092,2.5579,2.8121,2.5444,2.9299,3.1118,3.5159,2.8695,3.1709,2.8893,2.6128,2.8362,2.9186,2.7305,2.6066,2.6467,2.5537,2.7269,2.563,2.4333,2.6578,2.4761,2.6731,2.9432,3.3203,3.1938,3.3393,2.8479
"169","2009-02-01",2.8946,2.5521,2.6047,2.6478,2.8247,2.8996,2.4525,2.7736,2.4962,2.7978,2.5124,2.9098,3.0679,3.5056,2.8295,3.1279,2.8561,2.6351,2.796,2.9296,2.6401,2.59,2.6317,2.5852,2.6821,2.4935,2.4506,2.6793,2.4597,2.6042,2.9008,3.2831,3.1606,3.3027,2.7989
"170","2009-03-01",2.8358,2.503,2.6495,2.5962,2.8108,2.8564,2.4529,2.744,2.5017,2.779,2.504,2.8829,3.0356,3.4766,2.8278,3.1036,2.8833,2.6012,2.7945,2.8778,2.6687,2.5983,2.6107,2.5334,2.658,2.5021,2.4095,2.6438,2.4067,2.6224,2.911,3.2855,3.1502,3.3543,2.7932
"171","2009-04-01",2.8339,2.5139,2.611,2.6172,2.8255,2.8893,2.4665,2.8047,2.4736,2.7723,2.5293,2.8815,3.0031,3.4761,2.8216,3.0918,2.8762,2.602,2.7852,2.9045,2.6406,2.6117,2.5894,2.5212,2.6596,2.5151,2.3929,2.6326,2.4569,2.6661,2.938,3.3115,3.1098,3.3692,2.8055
"172","2009-05-01",2.8961,2.4889,2.6431,2.6479,2.8376,2.9345,2.4744,2.8117,2.5016,2.799,2.536,2.9044,3.0421,3.5144,2.8658,3.1403,2.8381,2.5837,2.8301,2.9023,2.6795,2.5937,2.6358,2.5005,2.6751,2.5063,2.4109,2.5987,2.4621,2.6601,2.9485,3.358,3.1078,3.3046,2.8451
"173","2009-06-01",2.8906,2.4921,2.6545,2.6403,2.8657,2.9584,2.4611,2.7808,2.5081,2.8233,2.5265,2.9372,3.0728,3.5626,2.8867,3.1238,2.8834,2.6064,2.826,2.9063,2.6856,2.6544,2.6698,2.5288,2.7119,2.5435,2.4296,2.5763,2.4511,2.6463,2.9777,3.3948,3.179,3.3478,2.8676
"174","2009-07-01",2.9205,2.547,2.7093,2.6533,2.8912,2.9908,2.499,2.8226,2.5166,2.8642,2.5449,2.9745,3.1076,3.5924,2.8898,3.1512,2.8956,2.6396,2.8649,2.9577,2.7424,2.6615,2.6412,2.5519,2.7168,2.577,2.3437,2.6304,2.4683,2.7056,3.0276,3.4597,3.2264,3.4163,2.886
"175","2009-08-01",2.9514,2.5536,2.694,2.6521,2.9544,3.0104,2.4765,2.8721,2.5093,2.8898,2.5736,3.0084,3.1404,3.6189,2.9431,3.187,2.8884,2.6329,2.904,2.9919,2.7363,2.6815,2.6782,2.5593,2.7534,2.5844,2.4199,2.6335,2.4603,2.7144,3.0337,3.4932,3.2698,3.4275,2.9366
"176","2009-09-01",2.9983,2.5821,2.698,2.6729,2.9741,3.0446,2.5092,2.865,2.5449,2.9319,2.592,3.0578,3.1817,3.6745,2.9871,3.2369,2.8854,2.6563,2.9201,3.0055,2.7404,2.682,2.6789,2.5657,2.7828,2.5738,2.4188,2.6601,2.4685,2.7039,3.0499,3.5582,3.2942,3.4684,2.9444
"177","2009-10-01",3.0201,2.5646,2.7316,2.6839,2.9957,3.0835,2.5439,2.8782,2.5393,2.9549,2.5958,3.0721,3.2376,3.7189,2.9943,3.2771,2.9452,2.6356,2.9333,3.0281,2.773,2.66,2.7015,2.556,2.7921,2.6123,2.4381,2.6841,2.4986,2.7011,3.0853,3.5981,3.3558,3.4401,2.9738
"178","2009-11-01",3.0642,2.5726,2.7562,2.6936,3.0109,3.0905,2.5519,2.9119,2.5621,2.9882,2.6134,3.1106,3.2724,3.7369,3.006,3.2407,2.9892,2.6747,2.9676,3.0557,2.7764,2.7024,2.745,2.5653,2.8009,2.607,2.4677,2.6778,2.4704,2.7418,3.1095,3.6719,3.3556,3.484,3.0093
"179","2009-12-01",3.0765,2.6006,2.7716,2.7152,3.0245,3.1215,2.5272,2.9464,2.5736,3.0011,2.6265,3.14,3.3003,3.7559,3.0273,3.3261,2.9512,2.7008,2.9698,3.0878,2.7815,2.7086,2.7352,2.5916,2.8321,2.6464,2.4392,2.7079,2.5057,2.762,3.1179,3.6919,3.4346,3.5053,3.0258
"180","2010-01-01",3.084,2.6156,2.8059,2.7149,3.0598,3.1481,2.5104,2.8644,2.5827,3.0418,2.5862,3.1695,3.3268,3.8045,3.0127,3.4334,2.9825,2.664,2.9775,3.1023,2.7666,2.687,2.7996,2.5179,2.849,2.6226,2.4221,2.6754,2.4945,2.75,3.1288,3.7501,3.4397,3.4401,3.042
"181","2010-02-01",3.1137,2.6388,2.7616,2.7197,3.0572,3.1347,2.5193,2.9615,2.5906,3.019,2.6114,3.1882,3.3584,3.8302,3.0616,3.3319,2.9836,2.678,3.001,3.0917,2.7707,2.666,2.7063,2.5855,2.8449,2.6416,2.3932,2.7,2.5111,2.7539,3.1385,3.7409,3.459,3.5213,3.0351
"182","2010-03-01",3.1126,2.6194,2.7876,2.7196,3.0703,3.1447,2.5583,2.9253,2.5732,3.0421,2.6254,3.1793,3.3632,3.849,3.0654,3.3466,2.9557,2.6588,3.0358,3.1248,2.8225,2.7031,2.7,2.6004,2.8341,2.645,2.4567,2.6945,2.4983,2.7469,3.1526,3.7929,3.473,3.5331,3.058
"183","2010-04-01",3.1716,2.6567,2.8056,2.7344,3.0808,3.1744,2.5128,2.9465,2.5761,3.0494,2.6285,3.1957,3.3687,3.8633,3.0741,3.3405,2.9763,2.6928,3.0342,3.1488,2.8212,2.7139,2.784,2.6003,2.8622,2.6751,2.4788,2.695,2.5255,2.7842,3.1921,3.846,3.4899,3.5525,3.0755
"184","2010-05-01",3.1669,2.6326,2.8014,2.7501,3.1119,3.168,2.5244,2.9487,2.5763,3.0543,2.6465,3.2444,3.3883,3.8983,3.1039,3.4058,3.0218,2.667,3.0354,3.1454,2.7916,2.7242,2.757,2.5701,2.86,2.6528,2.4106,2.7073,2.5187,2.7802,3.1815,3.8113,3.5129,3.5376,3.1175
"185","2010-06-01",3.1847,2.6343,2.8177,2.7604,3.118,3.1907,2.5821,2.9837,2.5977,3.0766,2.6591,3.2604,3.4166,3.9531,3.0991,3.4101,2.9989,2.7196,3.0714,3.1614,2.8534,2.747,2.7536,2.6004,2.8853,2.7003,2.439,2.7387,2.5393,2.7962,3.1822,3.8028,3.5519,3.5587,3.1157
"186","2010-07-01",3.1998,2.6535,2.8112,2.7454,3.1333,3.2185,2.5482,2.9858,2.5988,3.0919,2.6267,3.2576,3.4301,3.9443,3.1359,3.4528,2.935,2.7189,3.072,3.189,2.8661,2.7362,2.7684,2.6183,2.9066,2.6781,2.455,2.7159,2.5711,2.7838,3.1971,3.893,3.6001,3.6055,3.1401
"187","2010-08-01",3.2091,2.6614,2.8359,2.7615,3.131,3.2043,2.5467,2.9757,2.6065,3.0875,2.6532,3.2747,3.4365,3.957,3.1334,3.4553,2.9908,2.7043,3.0728,3.1818,2.8488,2.7462,2.7904,2.6374,2.8914,2.6855,2.4577,2.689,2.5417,2.7823,3.1924,3.9508,3.6006,3.5895,3.1493
"188","2010-09-01",3.206,2.6759,2.8393,2.7606,3.1464,3.1991,2.5484,2.9866,2.607,3.0987,2.6673,3.2731,3.4483,3.9652,3.1254,3.4238,2.9733,2.7107,3.0654,3.1771,2.8513,2.7298,2.7542,2.577,2.8987,2.6699,2.4542,2.7486,2.5344,2.7837,3.2124,3.9068,3.6116,3.6114,3.1498
"189","2010-10-01",3.2201,2.6453,2.8281,2.7209,3.1173,3.16,2.5214,2.9308,2.5843,3.068,2.6349,3.2609,3.45,3.9511,3.1048,3.451,2.9973,2.6648,3.0886,3.1905,2.8227,2.7381,2.7604,2.6242,2.8909,2.6403,2.4117,2.6948,2.5301,2.7581,3.1763,3.8879,3.5831,3.5421,3.1277
"190","2010-11-01",3.1942,2.6472,2.791,2.7103,3.0868,3.1822,2.5354,2.9954,2.5702,3.0606,2.6476,3.2422,3.4106,3.9638,3.0796,3.4079,3.0111,2.6337,3.0476,3.1502,2.7677,2.6759,2.7985,2.5633,2.876,2.6235,2.4356,2.682,2.5363,2.7842,3.1698,3.8955,3.5884,3.573,3.1019
"191","2010-12-01",3.1588,2.6419,2.8107,2.7176,3.0655,3.1681,2.504,2.9762,2.5442,3.0644,2.6218,3.2306,3.3974,3.9596,3.0876,3.3934,2.9502,2.6708,3.0203,3.1424,2.7811,2.6921,2.7373,2.6066,2.8714,2.6333,2.4187,2.6451,2.5214,2.7224,3.1484,3.8828,3.5768,3.5,3.0972
"192","2011-01-01",3.184,2.5959,2.8024,2.7113,3.054,3.1369,2.4654,2.8866,2.5395,3.011,2.6081,3.1954,3.4049,3.9724,3.067,3.4476,2.9219,2.6523,3.0018,3.1463,2.7763,2.6867,2.684,2.535,2.8507,2.6287,2.382,2.6468,2.4809,2.7594,3.1274,3.858,3.548,3.5343,3.0595
"193","2011-02-01",3.1413,2.588,2.7679,2.7156,3.0323,3.0817,2.4575,2.9579,2.5366,3.0276,2.5631,3.1877,3.3339,4.0139,3.0391,3.3836,2.9701,2.6044,2.9998,3.1269,2.7695,2.658,2.7029,2.5824,2.823,2.6228,2.3421,2.6419,2.4584,2.6689,3.1139,3.8738,3.5406,3.5165,3.1041
"194","2011-03-01",3.1467,2.5856,2.7552,2.6689,3.0295,3.1062,2.4815,2.8799,2.4968,3.0465,2.5878,3.1874,3.3328,3.9239,3.0318,3.3838,2.9904,2.6116,3.0065,3.129,2.771,2.6695,2.7444,2.5275,2.8317,2.5888,2.4057,2.6295,2.4603,2.7383,3.1092,3.9548,3.5509,3.4758,3.063
"195","2011-04-01",3.1523,2.5777,2.7575,2.6947,3.0536,3.1423,2.4905,2.9335,2.5285,3.0427,2.6068,3.2069,3.3798,3.9941,3.0191,3.4051,2.9644,2.6341,2.9962,3.1171,2.8163,2.6595,2.7138,2.5308,2.8327,2.6401,2.3808,2.6431,2.4908,2.7355,3.1323,3.9936,3.5841,3.524,3.0919
"196","2011-05-01",3.1524,2.5693,2.7772,2.696,3.0501,3.1335,2.5031,2.9088,2.5382,3.0315,2.578,3.2119,3.4146,3.9881,3.0577,3.4024,2.947,2.6429,3.005,3.1174,2.7633,2.6673,2.7148,2.5276,2.8707,2.6268,2.389,2.6887,2.5006,2.7398,3.1289,3.972,3.5816,3.5052,3.0788
"197","2011-06-01",3.1869,2.6053,2.8062,2.6927,3.0705,3.1252,2.4477,2.9387,2.5382,3.0683,2.5668,3.2348,3.3811,4.0346,3.0829,3.4129,2.9974,2.6416,3.0385,3.1501,2.7606,2.6763,2.7353,2.5431,2.8344,2.6171,2.3538,2.6292,2.4628,2.7381,3.1329,4.0286,3.5949,3.5121,3.1019
"198","2011-07-01",3.1749,2.6058,2.7775,2.7014,3.1036,3.1509,2.4567,2.9411,2.524,3.067,2.585,3.2551,3.45,4.0632,3.0621,3.444,2.9657,2.6061,3.0332,3.1421,2.8078,2.6572,2.7594,2.5247,2.833,2.6236,2.3491,2.6303,2.4742,2.7448,3.1666,4.1054,3.6541,3.5876,3.1292
"199","2011-08-01",3.1989,2.5882,2.7929,2.6964,3.0796,3.1335,2.4422,2.9364,2.5507,3.0676,2.5879,3.2409,3.4859,4.1046,3.0651,3.4472,2.9612,2.6343,3.0392,3.1511,2.7821,2.6844,2.7002,2.555,2.8574,2.6285,2.3721,2.6444,2.4673,2.7699,3.1342,4.0468,3.6649,3.5132,3.1126
"200","2011-09-01",3.1661,2.5662,2.8173,2.7158,3.0559,3.1315,2.4718,2.928,2.5171,3.0471,2.5736,3.2523,3.4467,4.0724,3.043,3.4654,2.9489,2.6199,3.0247,3.1444,2.8047,2.6614,2.7364,2.5045,2.8602,2.629,2.3243,2.6616,2.4711,2.7248,3.1487,4.1159,3.6346,3.5371,3.114
"201","2011-10-01",3.1616,2.5703,2.795,2.6847,3.0627,3.1429,2.4458,2.9204,2.4968,3.0511,2.5701,3.2453,3.462,4.0711,3.0511,3.4399,2.911,2.5816,3.0391,3.1627,2.7763,2.6381,2.699,2.5324,2.8587,2.6135,2.3544,2.6292,2.4616,2.7263,3.1422,4.0724,3.6475,3.5006,3.1214
"202","2011-11-01",3.1755,2.5977,2.8071,2.6954,3.0762,3.141,2.4462,2.9264,2.4914,3.0638,2.5728,3.2461,3.4661,4.0901,3.0462,3.4506,2.8933,2.6139,3.0392,3.1385,2.7932,2.6301,2.7246,2.5277,2.8507,2.606,2.3077,2.6532,2.4724,2.7231,3.1283,4.0971,3.6484,3.4965,3.116
"203","2011-12-01",3.1958,2.5909,2.7865,2.6823,3.0624,3.1411,2.4605,2.8765,2.5033,3.0478,2.5722,3.2441,3.4988,4.1261,3.0556,3.4252,2.9617,2.6078,3.0235,3.1463,2.7692,2.6537,2.7094,2.5403,2.8287,2.6125,2.3627,2.6301,2.4354,2.7405,3.0965,4.1164,3.677,3.5306,3.1143
"204","2012-01-01",3.1979,2.5614,2.7833,2.6716,3.0701,3.1077,2.4337,2.9702,2.4813,3.0534,2.5564,3.2257,3.4545,4.1369,3.0348,3.4345,2.8991,2.5574,3.0198,3.1554,2.8067,2.6001,2.6944,2.5048,2.8389,2.5794,2.3089,2.5738,2.4945,2.7282,3.1131,4.1825,3.6589,3.4721,3.1099
"205","2012-02-01",3.1921,2.555,2.7723,2.6551,3.0664,3.1172,2.398,2.8892,2.4703,3.0455,2.5482,3.2517,3.4512,4.1333,3.0253,3.4552,2.9276,2.5246,3.0141,3.1294,2.7516,2.6363,2.6708,2.5154,2.7965,2.5908,2.3274,2.6272,2.4166,2.6971,3.0966,4.1351,3.7136,3.5196,3.1231
"206","2012-03-01",3.1736,2.5726,2.8039,2.6745,3.0655,3.1194,2.4099,2.8841,2.4913,3.0707,2.5705,3.2284,3.4528,4.118,3.0518,3.4327,2.933,2.5998,3.0306,3.1212,2.7746,2.6091,2.7463,2.5094,2.8474,2.5984,2.3135,2.6234,2.4155,2.7345,3.1067,4.1485,3.6579,3.4881,3.1079
"207","2012-04-01",3.2431,2.5597,2.8311,2.655,3.0854,3.134,2.4478,2.9307,2.4866,3.0815,2.5828,3.2751,3.5763,4.2022,3.0799,3.4854,2.9426,2.6452,3.0515,3.1729,2.7833,2.6673,2.6964,2.5316,2.8399,2.6,2.3173,2.6067,2.4459,2.7124,3.1227,4.2829,3.714,3.559,3.1421
"208","2012-05-01",3.2301,2.6098,2.7995,2.6674,3.1068,3.1819,2.3924,2.9201,2.509,3.0884,2.5768,3.3026,3.5839,4.3052,3.0799,3.5286,2.8863,2.6074,3.0459,3.175,2.7847,2.6552,2.7041,2.4961,2.8604,2.6445,2.3522,2.6191,2.4404,2.7171,3.1438,4.3453,3.7456,3.5314,3.1568
"209","2012-06-01",3.2176,2.6219,2.8264,2.7117,3.1325,3.1677,2.4817,2.9589,2.5157,3.0954,2.5981,3.331,3.5589,4.2983,3.0979,3.5366,2.8772,2.5966,3.0753,3.2089,2.787,2.6545,2.6959,2.5289,2.8852,2.6217,2.3493,2.6247,2.4934,2.7388,3.137,4.3884,3.8246,3.5535,3.1809
"210","2012-07-01",3.2567,2.5828,2.8256,2.7036,3.1036,3.1672,2.4288,2.9145,2.5007,3.0912,2.5754,3.3323,3.5842,4.3074,3.1201,3.5279,2.9065,2.5945,3.0689,3.1877,2.7998,2.652,2.716,2.4739,2.8899,2.633,2.3367,2.6178,2.4635,2.7464,3.1514,4.4237,3.8152,3.5656,3.1879
"211","2012-08-01",3.254,2.5852,2.8185,2.6822,3.1428,3.1657,2.4056,2.9433,2.4952,3.1097,2.6015,3.3366,3.6213,4.4061,3.1324,3.5606,2.9183,2.6046,3.0962,3.2142,2.7597,2.6633,2.7523,2.5196,2.8687,2.6482,2.3405,2.6186,2.4557,2.7611,3.1493,4.4632,3.8339,3.5042,3.1898
"212","2012-09-01",3.2682,2.6136,2.8298,2.6857,3.1264,3.1507,2.4167,2.915,2.4756,3.1026,2.5591,3.3449,3.5953,4.371,3.1005,3.5313,2.9195,2.6031,3.097,3.1948,2.8331,2.6393,2.7323,2.4795,2.8825,2.6419,2.3222,2.6035,2.4592,2.7217,3.1718,4.4679,3.7983,3.5077,3.215
"213","2012-10-01",3.2433,2.6009,2.8237,2.6977,3.1119,3.1524,2.4081,2.9426,2.474,3.1026,2.5965,3.3249,3.6016,4.369,3.102,3.5621,2.8714,2.582,3.0732,3.2258,2.8118,2.6257,2.726,2.468,2.8655,2.6401,2.2845,2.676,2.4006,2.7425,3.1629,4.3947,3.8373,3.5112,3.1865
"214","2012-11-01",3.2511,2.5756,2.8314,2.6886,3.135,3.1613,2.4182,2.9106,2.4798,3.1143,2.5765,3.3309,3.6,4.411,3.1212,3.5645,2.9102,2.5799,3.0778,3.1874,2.765,2.6392,2.7243,2.5054,2.8749,2.6375,2.3031,2.6435,2.4308,2.7202,3.1476,4.4168,3.8301,3.5321,3.2194
"215","2012-12-01",3.2504,2.597,2.831,2.6808,3.1416,3.1513,2.3918,2.9268,2.4851,3.0965,2.5707,3.3429,3.6533,4.4259,3.1172,3.551,2.8917,2.581,3.0705,3.1858,2.811,2.6344,2.7316,2.4812,2.8853,2.6299,2.294,2.5994,2.4414,2.7695,3.1709,4.5327,3.8675,3.5211,3.2109
"216","2013-01-01",3.2418,2.6015,2.8354,2.667,3.1199,3.1528,2.3801,2.907,2.4292,3.0824,2.5362,3.337,3.6287,4.3895,3.1134,3.5614,2.8435,2.5577,3.0628,3.2019,2.8125,2.6157,2.6948,2.5054,2.8434,2.6128,2.2889,2.623,2.4117,2.7478,3.1411,4.4948,3.8751,3.5548,3.2004
"217","2013-02-01",3.2525,2.5784,2.8276,2.6907,3.1282,3.1549,2.4168,2.8949,2.4655,3.0704,2.5957,3.3586,3.6478,4.4033,3.1094,3.6045,2.866,2.5562,3.0946,3.1621,2.7625,2.6674,2.7131,2.4535,2.8647,2.6147,2.2656,2.6328,2.4417,2.7322,3.1341,4.5433,3.8522,3.489,3.1833
"218","2013-03-01",3.28,2.5922,2.8327,2.694,3.142,3.1832,2.3776,2.9171,2.4766,3.0853,2.5442,3.3419,3.7086,4.4008,3.1234,3.6021,2.9091,2.5572,3.0712,3.2017,2.7913,2.6195,2.7207,2.485,2.889,2.6434,2.2828,2.5792,2.4873,2.7458,3.1519,4.5493,3.923,3.4894,3.2027
"219","2013-04-01",3.2836,2.5965,2.8494,2.688,3.1576,3.171,2.4527,2.9312,2.4718,3.1081,2.6139,3.3846,3.703,4.5373,3.1547,3.5729,2.8897,2.5796,3.1203,3.2133,2.7934,2.6399,2.7017,2.4489,2.8914,2.6445,2.3082,2.6027,2.4544,2.741,3.1802,4.6567,3.8989,3.5249,3.2388
"220","2013-05-01",3.3056,2.6283,2.8745,2.6966,3.167,3.2096,2.4233,2.9559,2.4798,3.1222,2.6074,3.3683,3.7322,4.5646,3.1592,3.6644,2.9354,2.591,3.1149,3.2449,2.8084,2.6327,2.7602,2.4816,2.9197,2.6484,2.3396,2.6455,2.4658,2.8102,3.1632,4.6565,3.9244,3.5447,3.2527
"221","2013-06-01",3.3537,2.6513,2.888,2.7268,3.1777,3.1965,2.4232,2.9463,2.4922,3.1439,2.583,3.4283,3.7448,4.5976,3.1917,3.6738,2.918,2.6173,3.1346,3.2578,2.8272,2.6668,2.7806,2.5036,2.9335,2.6663,2.3575,2.6347,2.467,2.7627,3.193,4.7553,4.0031,3.608,3.2859
"222","2013-07-01",3.3564,2.6453,2.8815,2.7508,3.2063,3.2144,2.437,2.98,2.4871,3.1695,2.5896,3.4339,3.7973,4.6776,3.1939,3.6919,2.9188,2.6426,3.1644,3.2765,2.8363,2.6385,2.7568,2.498,2.9216,2.6817,2.3688,2.6596,2.4585,2.7908,3.2091,4.8569,4.058,3.5589,3.2936
"223","2013-08-01",3.376,2.6304,2.9105,2.7476,3.2146,3.229,2.4402,3.0037,2.4958,3.1877,2.617,3.4559,3.8559,4.737,3.2339,3.7491,2.9184,2.6507,3.1724,3.304,2.8427,2.648,2.7287,2.5299,2.9499,2.6954,2.3285,2.6795,2.4512,2.7723,3.2069,4.8715,4.0973,3.5661,3.3156
"224","2013-09-01",3.3853,2.6545,2.9193,2.7335,3.2356,3.2486,2.4589,3.0174,2.5217,3.1898,2.6315,3.5008,3.8725,4.7899,3.2618,3.7932,2.8947,2.6304,3.1891,3.3159,2.8475,2.6626,2.7649,2.5448,2.9446,2.6873,2.3447,2.7038,2.5129,2.8185,3.2223,4.9647,4.0676,3.5641,3.3444
"225","2013-10-01",3.4119,2.6673,2.8926,2.7509,3.254,3.2591,2.4297,3.0204,2.5162,3.2003,2.6328,3.5074,3.8996,4.8394,3.2484,3.8219,2.9721,2.6227,3.2077,3.3401,2.8623,2.6931,2.7601,2.5215,2.9655,2.7102,2.3074,2.6706,2.4934,2.8285,3.2244,4.9483,4.1343,3.5776,3.3681
"226","2013-11-01",3.4204,2.6785,2.9365,2.7741,3.2621,3.2659,2.4495,2.9821,2.5495,3.2226,2.6491,3.5255,3.9711,4.8811,3.2786,3.8921,2.9472,2.6482,3.1925,3.3304,2.8686,2.6881,2.7829,2.5343,2.9807,2.719,2.3223,2.6682,2.4752,2.8449,3.2251,5.031,4.1483,3.6023,3.3467
"227","2013-12-01",3.4641,2.682,2.9318,2.7923,3.2745,3.2721,2.4652,3.0283,2.5436,3.2337,2.6529,3.541,3.9856,5.0062,3.3017,3.9046,2.9911,2.6569,3.2639,3.3652,2.8831,2.692,2.817,2.5534,3.0075,2.7477,2.3328,2.694,2.5012,2.8465,3.2631,5.132,4.2031,3.6498,3.4081
"228","2014-01-01",3.488,2.6546,2.9348,2.783,3.2731,3.2789,2.4574,3.0491,2.5265,3.2564,2.6396,3.5769,4.0469,5.0074,3.309,3.9185,2.907,2.6164,3.24,3.3744,2.8916,2.6873,2.8348,2.5553,3.017,2.755,2.3416,2.6891,2.4778,2.865,3.2531,5.2157,4.2579,3.5714,3.4249
"229","2014-02-01",3.4784,2.6822,2.9494,2.7901,3.3009,3.2876,2.4689,3.0485,2.5345,3.2754,2.6776,3.5938,4.1252,5.0911,3.336,3.9762,2.9514,2.6808,3.2643,3.4022,2.871,2.7308,2.8245,2.5699,3.0286,2.7473,2.3229,2.7015,2.508,2.9019,3.2636,5.223,4.2581,3.6036,3.4175
"230","2014-03-01",3.53,2.7009,2.9938,2.8194,3.3183,3.3225,2.4595,3.0607,2.5363,3.28,2.6816,3.5917,4.1351,5.1757,3.3516,3.9882,2.95,2.6553,3.2831,3.4103,2.9003,2.7011,2.8148,2.5625,3.0579,2.7636,2.3618,2.7307,2.5084,2.9072,3.2844,5.3394,4.3159,3.6213,3.4397
"231","2014-04-01",3.6018,2.742,3.0124,2.8197,3.3564,3.3525,2.4846,3.0867,2.5846,3.3137,2.7086,3.6484,4.2581,5.3592,3.4121,4.1058,2.9861,2.663,3.3236,3.4619,2.9132,2.7323,2.8507,2.5689,3.0827,2.7883,2.3973,2.7177,2.5555,2.9318,3.2879,5.4591,4.402,3.5951,3.5097
"232","2014-05-01",3.6427,2.7337,3.0121,2.8093,3.4119,3.3702,2.4811,3.0811,2.5921,3.3391,2.7205,3.7143,4.3342,5.4488,3.4537,4.2053,2.9507,2.7018,3.3665,3.5018,2.9519,2.7541,2.8691,2.6096,3.129,2.8181,2.3789,2.7638,2.5642,2.9326,3.339,5.6288,4.4932,3.6548,3.5452
"233","2014-06-01",3.6943,2.7689,3.0736,2.8439,3.4377,3.4099,2.512,3.1375,2.6227,3.382,2.7259,3.758,4.4049,5.4882,3.4602,4.2166,3.0094,2.7097,3.38,3.5357,2.9446,2.7532,2.9064,2.6185,3.1312,2.8201,2.3761,2.7508,2.5381,2.9516,3.3443,5.7369,4.6427,3.632,3.607
"234","2014-07-01",3.7373,2.7787,3.0686,2.8629,3.4535,3.4151,2.51,3.1334,2.6191,3.4114,2.7473,3.8068,4.5038,5.643,3.5416,4.2925,2.9778,2.7213,3.4078,3.6044,2.9841,2.7689,2.9072,2.6259,3.1409,2.8206,2.3915,2.7597,2.5982,2.9794,3.3681,5.7481,4.7038,3.6961,3.6694
"235","2014-08-01",3.7748,2.7957,3.0918,2.871,3.4906,3.4345,2.515,3.1425,2.6376,3.4629,2.7802,3.8581,4.6507,5.7259,3.5783,4.4205,3.0336,2.7498,3.4551,3.6186,2.9739,2.7769,2.9216,2.6493,3.1824,2.8618,2.3886,2.7968,2.6037,2.9895,3.384,5.833,4.7868,3.7158,3.7034
"236","2014-09-01",3.7878,2.7801,3.0912,2.8917,3.4985,3.4459,2.5046,3.1724,2.6278,3.4667,2.7563,3.8865,4.6163,5.7178,3.5971,4.4179,3.0256,2.7379,3.4692,3.6625,3.0058,2.7805,2.9281,2.6635,3.1861,2.848,2.3798,2.7805,2.598,3.0013,3.3959,5.7764,4.7833,3.7524,3.7167
"237","2014-10-01",3.8276,2.8058,3.107,2.8745,3.5243,3.4415,2.5244,3.162,2.6439,3.4623,2.7717,3.9074,4.6343,5.7065,3.6093,4.4262,2.9792,2.7181,3.4759,3.6789,3.0101,2.7674,2.8942,2.6492,3.1921,2.8735,2.3506,2.7818,2.5754,2.9766,3.3847,5.7595,4.7766,3.7512,3.745
"238","2014-11-01",3.8423,2.8256,3.0913,2.9034,3.527,3.433,2.5187,3.1717,2.6276,3.4903,2.7734,3.9104,4.5786,5.7206,3.6539,4.425,3.0497,2.7398,3.4818,3.6716,3.0087,2.7945,2.9377,2.6113,3.2126,2.8673,2.3607,2.7955,2.5922,3.0134,3.3952,5.7123,4.7721,3.7215,3.7553
"239","2014-12-01",3.8835,2.8198,3.1246,2.8882,3.5291,3.4358,2.4996,3.156,2.658,3.5029,2.8068,3.9099,4.5654,5.7213,3.6447,4.5022,2.9641,2.7171,3.5041,3.7193,2.9961,2.7835,2.9395,2.6163,3.2253,2.8731,2.3811,2.813,2.6201,2.9919,3.3763,5.8387,4.7691,3.7215,3.7569
"240","2015-01-01",3.8898,2.8104,3.1139,2.8845,3.5525,3.4536,2.507,3.1347,2.6167,3.5088,2.7869,3.9032,4.5982,5.7005,3.6528,4.5021,2.9888,2.7326,3.4992,3.7016,3.0045,2.7901,2.951,2.6007,3.2107,2.8756,2.3498,2.8215,2.5976,3.0126,3.3973,5.6976,4.8492,3.7428,3.7681
"241","2015-02-01",3.9017,2.8327,3.1102,2.8872,3.5544,3.4221,2.5003,3.1851,2.6472,3.5246,2.7697,3.9266,4.6598,5.7493,3.65,4.4644,3.0358,2.7623,3.5118,3.7266,3.0211,2.8093,2.9396,2.6253,3.2012,2.8745,2.3798,2.8161,2.578,3.0291,3.4232,5.624,4.7914,3.6744,3.7768
"242","2015-03-01",3.8992,2.8395,3.1349,2.8632,3.5557,3.4508,2.508,3.171,2.6422,3.513,2.7871,3.9395,4.6177,5.7663,3.6953,4.5453,3.0056,2.7398,3.5168,3.7417,3.0132,2.7631,2.9187,2.5756,3.2362,2.8786,2.3565,2.7672,2.622,3.0381,3.4302,5.7926,4.7978,3.7479,3.8121
"243","2015-04-01",3.9689,2.8519,3.1464,2.9226,3.6098,3.5022,2.5508,3.234,2.6619,3.576,2.8216,3.9885,4.6883,5.8415,3.6923,4.6113,2.9975,2.7415,3.5409,3.7804,3.0068,2.7906,2.985,2.6753,3.2589,2.9097,2.3916,2.8269,2.6115,3.0595,3.4062,5.803,4.9206,3.815,3.8537
"244","2015-05-01",4.012,2.8554,3.1664,2.933,3.6156,3.5229,2.5845,3.1991,2.6835,3.5882,2.8391,4.0102,4.7606,5.935,3.7503,4.6124,2.9679,2.7648,3.5912,3.8266,3.0479,2.8035,2.983,2.6538,3.2652,2.9055,2.3884,2.815,2.6402,3.0619,3.4399,5.7646,4.9893,3.7574,3.898
"245","2015-06-01",4.0628,2.8655,3.1783,2.9367,3.6595,3.5279,2.5775,3.2567,2.6971,3.6237,2.8455,4.0496,4.7615,5.9361,3.7666,4.6968,3.0321,2.7722,3.6018,3.8376,3.0689,2.8347,3.0005,2.6906,3.3077,2.9187,2.4165,2.8452,2.6318,3.0958,3.4493,5.9603,5.0038,3.8023,3.9406
"246","2015-07-01",4.1309,2.9006,3.2035,2.9704,3.6842,3.5631,2.5416,3.2582,2.7033,3.6412,2.8774,4.1118,4.8756,6.0945,3.8225,4.7825,3.0726,2.7895,3.6476,3.8916,3.0524,2.8209,3.019,2.6656,3.3144,2.9678,2.4236,2.8601,2.6521,3.099,3.4566,5.9101,5.0633,3.8769,3.9879
"247","2015-08-01",4.1756,2.9217,3.2315,2.9923,3.7251,3.5767,2.5743,3.3019,2.7282,3.6833,2.8812,4.151,4.9227,6.1865,3.8698,4.8319,3.0677,2.822,3.6633,3.9223,3.093,2.8015,3.0091,2.7128,3.3378,2.9583,2.4023,2.8819,2.6627,3.1332,3.5135,5.9982,5.1567,3.8358,4.0149
"248","2015-09-01",4.1913,2.9486,3.2408,3.0007,3.7422,3.6116,2.5736,3.3218,2.7156,3.7117,2.8895,4.1618,4.9909,6.1556,3.8817,4.9005,3.0682,2.7795,3.6594,3.9476,3.0893,2.8334,3.0465,2.7591,3.3336,2.9717,2.4158,2.8937,2.6993,3.1271,3.5069,6.0479,5.1607,3.8938,4.0471
"249","2015-10-01",4.2293,2.943,3.2459,2.9952,3.7746,3.6093,2.57,3.2968,2.7414,3.7185,2.9143,4.1962,5.0446,6.2011,3.9203,4.9176,3.1011,2.7933,3.693,4.0149,3.1302,2.8378,3.018,2.7072,3.374,3.0007,2.4243,2.8585,2.6801,3.1514,3.5144,6.0475,5.2616,3.8672,4.0907
"250","2015-11-01",4.2795,2.9639,3.2435,2.9813,3.8018,3.6164,2.5791,3.2949,2.7355,3.7378,2.918,4.2368,5.0678,6.3054,3.9355,5.0118,3.0566,2.8019,3.7138,4.0405,3.1139,2.8727,3.0305,2.7389,3.3988,2.9782,2.4253,2.8969,2.6874,3.1405,3.4791,6.0303,5.2467,3.8755,4.0951
"251","2015-12-01",4.301,2.9599,3.2592,3.013,3.8007,3.6326,2.5861,3.2966,2.7494,3.7717,2.9302,4.2472,5.1054,6.3468,3.9724,5.0589,3.1291,2.8252,3.7368,4.0656,3.0898,2.8643,3.0337,2.7273,3.3801,3.001,2.3946,2.8988,2.6736,3.154,3.5061,6.1252,5.2639,3.8426,4.1703
"252","2016-01-01",4.3448,2.9897,3.2633,3.0025,3.8498,3.6372,2.5717,3.3146,2.7173,3.7614,2.9188,4.3009,5.1516,6.4049,3.9986,5.0819,3.0906,2.7818,3.7409,4.0984,3.137,2.8798,3.0402,2.729,3.405,3.0175,2.3976,2.9007,2.6488,3.1895,3.53,6.1477,5.4367,3.8662,4.1563
"253","2016-02-01",4.4004,2.9738,3.2833,2.9961,3.8599,3.6842,2.5831,3.3463,2.7518,3.7896,2.9056,4.2977,5.2094,6.4734,4.0439,5.2133,3.1295,2.7968,3.7517,4.1371,3.1346,2.8762,3.0714,2.7155,3.4505,3.0159,2.4142,2.932,2.6757,3.1902,3.5102,6.2045,5.4119,3.9015,4.2235
"254","2016-03-01",4.4336,2.9694,3.2743,3.0051,3.8579,3.651,2.6057,3.305,2.7312,3.7781,2.9446,4.3322,5.2842,6.4672,4.0856,5.2165,3.1435,2.7924,3.7909,4.1818,3.1217,2.8765,3.0311,2.7012,3.4124,3.0164,2.4018,2.8759,2.7152,3.183,3.5334,6.1672,5.4111,3.9145,4.2492
"255","2016-04-01",4.4836,3.021,3.3389,3.0701,3.9511,3.669,2.5915,3.3277,2.7867,3.8717,3.0087,4.4051,5.3193,6.5897,4.1399,5.2696,3.0656,2.8344,3.833,4.2449,3.161,2.8903,3.1151,2.7452,3.5046,3.0491,2.4145,2.924,2.7537,3.2687,3.5461,6.3708,5.4542,3.9021,4.3096
"256","2016-05-01",4.6015,3.0501,3.3382,3.0783,3.9722,3.7281,2.598,3.362,2.8054,3.9199,3.018,4.424,5.4045,6.6589,4.196,5.4099,3.1668,2.8556,3.891,4.301,3.1641,2.9253,3.1646,2.7961,3.5503,3.0946,2.4544,2.9434,2.7339,3.2205,3.594,6.2546,5.5296,3.8758,4.3436
"257","2016-06-01",4.6133,3.1056,3.3577,3.0783,3.9878,3.7461,2.6437,3.4293,2.8154,3.9112,3.0264,4.4807,5.4789,6.6589,4.2344,5.4251,3.088,2.8764,3.9269,4.355,3.1815,2.9357,3.1522,2.7729,3.5557,3.0874,2.4238,2.9548,2.7468,3.2546,3.6021,6.2288,5.506,3.9558,4.4286
"258","2016-07-01",4.6786,3.1168,3.4224,3.1079,4.0569,3.7586,2.6326,3.4132,2.8586,3.962,3.0717,4.5246,5.5289,6.7509,4.2795,5.4969,3.1216,2.8231,3.9514,4.419,3.2469,2.9255,3.1573,2.8131,3.5889,3.12,2.4586,3.0068,2.7538,3.2661,3.6415,6.2939,5.6582,3.9302,4.4444
"259","2016-08-01",4.7036,3.1315,3.4003,3.1181,4.0626,3.7885,2.6658,3.4066,2.813,3.9779,3.0701,4.5297,5.543,6.7804,4.2872,5.5173,3.1357,2.8613,3.9555,4.4309,3.2231,2.9321,3.1383,2.8225,3.5939,3.1303,2.4645,3.0104,2.7543,3.2787,3.637,6.252,5.6438,3.9868,4.4747
"260","2016-09-01",4.7108,3.1278,3.3709,3.1149,4.0922,3.8068,2.6378,3.4123,2.8431,4.0007,3.0923,4.501,5.5195,6.7743,4.3087,5.5494,3.1641,2.8447,3.9783,4.4523,3.2027,2.9744,3.1688,2.8161,3.6253,3.1029,2.4546,2.986,2.767,3.2682,3.6575,6.2016,5.5979,4.0085,4.4551
"261","2016-10-01",4.7149,3.1266,3.3873,3.0963,4.0612,3.8234,2.6406,3.3934,2.8516,3.9963,3.0571,4.5523,5.521,6.7341,4.3099,5.5455,3.0961,2.8538,3.9871,4.4718,3.2163,2.949,3.1331,2.791,3.6059,3.1029,2.4431,3.0159,2.7696,3.296,3.6294,6.1597,5.6389,3.998,4.4435
"262","2016-11-01",4.7309,3.1382,3.4274,3.1173,4.0852,3.8087,2.6161,3.4206,2.829,4.0219,3.1013,4.5062,5.4786,6.7517,4.316,5.4462,3.1813,2.8418,3.9982,4.4937,3.2477,2.9512,3.1475,2.8366,3.624,3.1394,2.4287,2.9572,2.775,3.3037,3.6479,6.2194,5.5872,4.0224,4.4392
"263","2016-12-01",4.7806,3.1409,3.4377,3.116,4.11,3.8278,2.6152,3.4056,2.8543,3.9964,3.1049,4.548,5.5191,6.7471,4.3197,5.5615,3.1598,2.8359,4.0086,4.5287,3.2637,2.9734,3.1756,2.83,3.6864,3.1535,2.4247,2.9743,2.7381,3.2858,3.6508,6.1651,5.5809,4.0103,4.4734
"264","2017-01-01",4.8244,3.1829,3.4459,3.1305,4.098,3.8843,2.6488,3.4086,2.8151,4.0242,3.0841,4.5698,5.5031,6.7041,4.3543,5.5987,3.1565,2.8321,4.028,4.556,3.2585,2.9275,3.1627,2.8418,3.6618,3.1582,2.4543,2.9619,2.764,3.3381,3.6581,6.2757,5.6218,3.9951,4.4822
"265","2017-02-01",4.7805,3.1862,3.4291,3.1131,4.1238,3.8268,2.6165,3.4141,2.8423,4.0258,3.0895,4.5363,5.58,6.8395,4.3641,5.577,3.1054,2.8387,4.0448,4.5584,3.2311,2.9514,3.1758,2.8349,3.6692,3.1413,2.4106,2.9852,2.8113,3.3421,3.6743,6.2395,5.6,4.048,4.4984
"266","2017-03-01",4.8137,3.1995,3.4675,3.1284,4.1282,3.8512,2.6261,3.4379,2.823,4.0463,3.1148,4.5548,5.5252,6.7718,4.3626,5.5409,3.151,2.8609,4.0438,4.5703,3.2634,2.9498,3.2111,2.8433,3.7157,3.1494,2.3817,2.9607,2.7728,3.3665,3.6488,6.1825,5.6652,4.0543,4.4894
"267","2017-04-01",4.8441,3.2081,3.5076,3.206,4.1484,3.8845,2.668,3.4478,2.8504,4.0838,3.1478,4.5875,5.5525,6.7531,4.4202,5.669,3.196,2.9022,4.0873,4.6346,3.2899,2.9771,3.24,2.8474,3.7546,3.1827,2.4238,3.0097,2.8544,3.3579,3.6914,6.2432,5.734,4.0214,4.5071
"268","2017-05-01",4.864,3.2551,3.5339,3.1722,4.2058,3.8973,2.6812,3.4078,2.907,4.105,3.1789,4.6298,5.665,6.9198,4.449,5.6568,3.2291,2.9081,4.1395,4.6295,3.2811,2.9705,3.2016,2.8411,3.7544,3.2164,2.4834,3.0067,2.8322,3.3877,3.7351,6.254,5.7546,4.0858,4.5262
"269","2017-06-01",4.8768,3.2839,3.5172,3.1795,4.2299,3.9025,2.6948,3.5028,2.9222,4.1176,3.2023,4.65,5.6159,6.8614,4.5108,5.6651,3.2273,2.8875,4.1308,4.6672,3.3006,2.9893,3.2585,2.8941,3.7788,3.2427,2.4667,3.0361,2.8647,3.408,3.7419,6.2006,5.7783,4.0941,4.5745
"270","2017-07-01",4.9215,3.2879,3.5778,3.2045,4.2836,3.9578,2.7124,3.525,2.9229,4.1711,3.2234,4.6684,5.6921,6.8845,4.5387,5.7582,3.2472,2.9201,4.18,4.7309,3.3839,3.04,3.2783,2.9333,3.8328,3.2655,2.4795,3.0484,2.8763,3.447,3.7671,6.2943,5.7637,4.0822,4.578
"271","2017-08-01",4.9389,3.3287,3.5637,3.2375,4.3227,3.9955,2.7463,3.5995,2.9297,4.1631,3.2437,4.7205,5.737,7.0134,4.5555,5.8329,3.2682,2.9067,4.194,4.73,3.346,3.0356,3.3086,2.9209,3.8497,3.279,2.4556,3.0825,2.8664,3.4773,3.8091,6.3274,5.7755,4.1676,4.6118
"272","2017-09-01",4.939,3.3315,3.5821,3.2095,4.2947,4.0096,2.7188,3.4988,2.9329,4.1666,3.2458,4.6934,5.7295,6.9389,4.5729,5.7683,3.2705,2.9224,4.2403,4.7594,3.3581,3.0712,3.3179,2.9307,3.8683,3.2735,2.4831,3.1155,2.9009,3.4743,3.8039,6.2802,5.8006,4.15,4.5807
"273","2017-10-01",4.9683,3.3367,3.5851,3.2597,4.312,4.0075,2.7047,3.5397,2.9432,4.1943,3.2598,4.6983,5.5962,6.8612,4.6111,5.7631,3.2461,2.9207,4.2484,4.7532,3.3869,3.0719,3.2744,2.9439,3.8738,3.2827,2.4886,3.1054,2.892,3.5114,3.7905,6.179,5.7361,4.1459,4.5784
"274","2017-11-01",4.9382,3.3506,3.6215,3.2534,4.3219,4.0189,2.7322,3.5374,2.9819,4.1898,3.2798,4.7276,5.6153,6.861,4.5805,5.75,3.2144,2.8946,4.2341,4.7331,3.3819,3.0689,3.3448,2.9434,3.8933,3.2928,2.4835,3.0819,2.9052,3.521,3.8102,6.1643,5.6694,4.1704,4.5693
"275","2017-12-01",5.002,3.3746,3.6054,3.2644,4.3086,4.0155,2.7214,3.5498,2.953,4.1761,3.2686,4.6943,5.6828,6.811,4.5976,5.778,3.2828,2.948,4.2288,4.7562,3.405,3.0777,3.311,2.9389,3.8795,3.3213,2.4949,3.1178,2.8939,3.5129,3.818,6.1453,5.7304,4.2357,4.573
"276","2018-01-01",4.9569,3.3737,3.5823,3.2595,4.3402,4.0323,2.7182,3.5437,2.9489,4.1632,3.2692,4.6816,5.6576,6.7667,4.631,5.8046,3.2214,2.9104,4.2421,4.7949,3.4135,3.0911,3.2908,2.977,3.8977,3.2757,2.4615,3.1264,2.9086,3.5118,3.8034,6.0632,5.6634,4.2526,4.5796
"277","2018-02-01",4.975,3.349,3.6105,3.2485,4.3102,3.9957,2.721,3.5734,2.9718,4.1952,3.2932,4.691,5.5197,6.813,4.6203,5.7757,3.2438,2.9361,4.2647,4.7483,3.4219,3.0821,3.2849,2.9043,3.9151,3.3471,2.4606,3.1527,2.8546,3.4847,3.8249,6.0671,5.6457,4.1612,4.5743
"278","2018-03-01",4.938,3.3473,3.6444,3.2698,4.332,4.0475,2.7263,3.5788,2.9425,4.2061,3.3012,4.6869,5.5962,6.8037,4.5479,5.7426,3.295,2.8888,4.284,4.7692,3.4568,3.0663,3.3295,2.8963,3.9092,3.3152,2.4225,3.0942,2.8829,3.5404,3.8308,6.1551,5.6925,4.2532,4.5893
"279","2018-04-01",4.9511,3.4024,3.6496,3.279,4.3671,4.0377,2.7766,3.5984,2.982,4.2159,3.2955,4.708,5.5851,6.8519,4.6161,5.7104,3.2635,2.961,4.2658,4.7926,3.408,3.1027,3.3347,2.9717,3.9415,3.343,2.4996,3.0955,2.9418,3.4917,3.8166,5.986,5.5933,4.2621,4.5804
"280","2018-05-01",4.9826,3.4154,3.6825,3.272,4.3616,4.0444,2.7506,3.6287,2.9929,4.2449,3.3137,4.7337,5.6776,6.9112,4.7131,5.8864,3.225,2.9306,4.297,4.7916,3.4588,3.0934,3.3502,2.9963,3.9303,3.3783,2.5276,3.1051,2.942,3.5587,3.8824,6.0752,5.6811,4.2162,4.5778
"281","2018-06-01",4.9439,3.4615,3.7067,3.3207,4.4226,4.0935,2.7598,3.5966,2.9981,4.2363,3.3731,4.7414,5.6281,6.8374,4.6649,5.7891,3.2332,2.9436,4.3151,4.8063,3.4772,3.1728,3.3934,3.0041,4.0174,3.3981,2.4963,3.2054,2.9644,3.5402,3.9047,6.1371,5.6809,4.2773,4.6109
"282","2018-07-01",4.9926,3.5098,3.7422,3.3606,4.4323,4.1578,2.7765,3.611,3.0212,4.2479,3.406,4.7728,5.6565,6.8903,4.6789,5.8531,3.2669,2.9715,4.3507,4.8366,3.5378,3.1763,3.4087,3.0131,4.0055,3.4146,2.4675,3.1979,2.9485,3.6154,3.9319,6.1345,5.6675,4.3237,4.6077
"283","2018-08-01",5.0202,3.5147,3.7239,3.3809,4.4403,4.1264,2.7832,3.639,3.0641,4.2596,3.4371,4.7824,5.6673,6.8244,4.7114,5.826,3.3638,2.9909,4.3662,4.8871,3.5299,3.188,3.3968,3.031,4.0443,3.4125,2.4985,3.2388,2.994,3.6143,3.9217,6.2312,5.7093,4.316,4.6008
"284","2018-09-01",5.0034,3.5195,3.7406,3.3472,4.4474,4.1348,2.7927,3.6397,3.0382,4.2778,3.4558,4.7891,5.6921,6.7684,4.6916,5.862,3.2829,2.9872,4.3653,4.8261,3.5759,3.2088,3.3855,3.046,4.0526,3.4498,2.4785,3.2135,2.9786,3.6525,3.9604,6.0866,5.6959,4.2927,4.6111
"285","2018-10-01",4.9735,3.5171,3.7375,3.3649,4.4123,4.1475,2.7829,3.6509,3.0602,4.2409,3.4061,4.7326,5.5848,6.8088,4.6756,5.8205,3.3019,2.9956,4.3568,4.9061,3.562,3.2179,3.4197,3.0481,4.0218,3.4629,2.5062,3.1856,2.9581,3.5802,3.9317,5.862,5.6031,4.3594,4.5891
"286","2018-11-01",4.9489,3.5443,3.7668,3.4157,4.4666,4.1247,2.7746,3.6435,3.0417,4.2572,3.4272,4.7635,5.5746,6.7124,4.697,5.7909,3.2905,2.9653,4.3506,4.8725,3.5834,3.212,3.4496,3.0591,4.0598,3.4872,2.4838,3.2484,3.0091,3.6317,3.9503,6.0391,5.6636,4.3801,4.584
"287","2018-12-01",4.9775,3.5498,3.7607,3.3672,4.4372,4.1618,2.8192,3.6045,3.0508,4.2399,3.4555,4.7309,5.4398,6.6873,4.6529,5.8007,3.2764,2.9539,4.3713,4.8668,3.5125,3.2175,3.3947,3.0128,4.047,3.462,2.4786,3.2301,2.9776,3.655,3.9173,5.9405,5.5817,4.3486,4.5264
"288","2019-01-01",4.949,3.5078,3.7322,3.3779,4.4404,4.0785,2.8072,3.6633,3.0295,4.2383,3.4349,4.7234,5.4964,6.7028,4.6564,5.7683,3.3228,2.9347,4.3593,4.863,3.5895,3.1989,3.4269,3.0348,4.0265,3.4481,2.4505,3.1756,3.0123,3.6248,3.925,5.9138,5.5117,4.424,4.5007
"289","2019-02-01",4.8996,3.5363,3.7283,3.3737,4.4082,4.1292,2.7974,3.6155,3.0327,4.2176,3.4633,4.6742,5.5917,6.6684,4.6484,5.7287,3.2933,2.9372,4.3388,4.8321,3.5299,3.2101,3.4064,3.0521,3.9697,3.4757,2.452,3.2421,2.9761,3.6035,3.9181,5.902,5.5536,4.3457,4.5091
"290","2019-03-01",4.9736,3.4979,3.7511,3.3855,4.3936,4.1103,2.7676,3.615,3.0656,4.1839,3.4557,4.6808,5.5043,6.6104,4.6902,5.7546,3.3181,2.8902,4.3249,4.7849,3.5313,3.2492,3.3826,3.0468,4.0554,3.4764,2.4401,3.196,2.9805,3.6697,3.8929,5.8173,5.5101,4.3019,4.5257
"291","2019-04-01",4.9012,3.5722,3.7184,3.3833,4.4021,4.0988,2.788,3.6963,3.0734,4.2377,3.4775,4.6816,5.4576,6.6993,4.6786,5.7454,3.3435,2.9852,4.3282,4.836,3.5566,3.2485,3.4722,2.9998,4.0633,3.5031,2.5128,3.2199,2.9893,3.654,3.9193,5.9016,5.5797,4.3505,4.4842
"292","2019-05-01",4.8921,3.5539,3.7544,3.4268,4.462,4.151,2.8567,3.6425,3.1195,4.2298,3.5054,4.6744,5.5438,6.6445,4.6743,5.7113,3.2966,2.9859,4.3844,4.8429,3.5847,3.2519,3.5087,3.0585,4.0904,3.4782,2.5008,3.2444,3.0451,3.6445,3.9122,5.8735,5.5288,4.3603,4.5168
"293","2019-06-01",4.9472,3.5686,3.7983,3.4151,4.4588,4.1427,2.8188,3.689,3.0769,4.2793,3.555,4.7102,5.4893,6.6313,4.6952,5.7478,3.3002,3.0488,4.3713,4.8824,3.6207,3.2986,3.4857,3.0492,4.0962,3.5473,2.5516,3.2774,3.0586,3.6688,3.9318,5.9484,5.5177,4.3706,4.4915
"294","2019-07-01",4.9622,3.5982,3.7718,3.4133,4.4579,4.2028,2.8721,3.7481,3.1371,4.2569,3.5371,4.7528,5.6124,6.7838,4.7257,5.8084,3.3839,3.0056,4.3851,4.9024,3.6303,3.2805,3.5003,3.1463,4.1005,3.5106,2.5206,3.3085,3.0581,3.6898,4.0021,6.073,5.588,4.3387,4.5473
"295","2019-08-01",4.9455,3.634,3.8247,3.4601,4.4737,4.179,2.8659,3.7361,3.1954,4.3168,3.567,4.7553,5.5547,6.8447,4.7301,5.7761,3.346,3.039,4.4241,4.8875,3.7083,3.3517,3.5404,3.1294,4.0933,3.5649,2.5217,3.2865,3.0433,3.7074,3.9785,6.1609,5.6364,4.4367,4.5515
"296","2019-09-01",4.9263,3.6308,3.7761,3.4553,4.5111,4.1746,2.8874,3.6452,3.1497,4.2777,3.572,4.8308,5.6189,6.9017,4.7739,5.8493,3.4787,3.0453,4.3982,4.8323,3.7057,3.2569,3.5409,3.1657,4.1395,3.5158,2.5608,3.361,3.1009,3.675,3.9582,5.9668,5.6431,4.6462,4.5501
