Date,Hertfordshire,Birmingham,Worcestershire,Dudley,Sandwell,Walsall,Staffordshire CC,Warwickshire,Solihull,"Bath and North East Somerset, North Somerset and South Gloucestershire",Somerset,East Lancashire,Blackburn with Darwen,Mid Lancashire,Calderdale and Kirklees,Bradford,Bournemouth and Poole,Dorset CC,Central Hampshire,Greater Manchester North East,Greater Manchester North West,Brighton and Hove,East Sussex CC,West Sussex (South West),Bromley,"Bristol, City of",East Cumbria,West Cumbria,Northumberland,Cambridgeshire CC,Cardiff and Vale of Glamorgan,Bridgend and Neath Port Talbot,Central Valleys,Cheshire West and Chester,Wirral,Flintshire and Wrexham,Heart of Essex,Essex Thames Gateway,West Essex,Essex Haven Gateway,Suffolk,Croydon,East Surrey,East Kent,Coventry,Cheshire East,Kent Thames Gateway,Bexley and Greenwich,Derby,South and West Derbyshire,Durham CC,Darlington,North Yorkshire CC,"Barnsley, Doncaster and Rotherham",East Riding of Yorkshire,North and North East Lincolnshire,Lincolnshire,Redbridge and Waltham Forest,Tower Hamlets,Hackney and Newham,Enfield,Barnet,Devon CC,Cornwall and Isles of Scilly,Blackpool,Lancaster and Wyre,Gloucestershire,West Surrey,North Hampshire,Berkshire,Brent,Harrow and Hillingdon,Buckinghamshire CC,"Herefordshire, County of","Kingston upon Hull, City of",Breckland and South Norfolk,"Merton, Kingston upon Thames and Sutton",Hounslow and Richmond upon Thames,Liverpool,Sefton,East Merseyside,Chorley and West Lancashire,Powys,Leicestershire CC and Rutland,Leicester,Conwy and Denbighshire,Gwynedd,Leeds,Luton,Manchester,Greater Manchester South West,Greater Manchester South East,Medway,Mid Kent,West Kent,Milton Keynes,Bedford,Haringey and Islington,Camden and City of London,Tyneside,Sunderland,South Nottinghamshire,North Nottinghamshire,East Derbyshire,Nottingham,West Northamptonshire,North Northamptonshire,Oxfordshire,Gwent Valleys,Monmouthshire and Newport,North and West Norfolk,Norwich and East Norfolk,Westminster,Ealing,Peterborough,Plymouth,South Hampshire,Portsmouth,Isle of Wight,West Sussex (North East),Thurrock,Barking & Dagenham and Havering,Sheffield,Swansea,South West Wales,Lewisham and Southwark,Central Bedfordshire,Wiltshire,Southampton,Southend-on-Sea,Stoke-on-Trent,Wandsworth,Lambeth,Kensington & Chelsea and Hammersmith & Fulham,Shropshire CC,Telford and Wrekin,Torbay,South Teesside,Hartlepool and Stockton-on-Tees,Warrington,Wakefield,Wolverhampton,York,Swindon,Isle of Anglesey
1996,1.0396779149168156,1.0113187349863038,1.0258484672807955,1.0022891868546842,1.014360627836171,1.0093748841873527,1.0121475953019095,1.0265396840607286,1.0226018182291226,1.0306275933164837,1.018429766218868,0.9970825905427033,0.9983085159203124,0.9915614865824625,0.9946024116051267,0.9920754553706984,1.0361433610195332,1.0341882526600843,1.0459325797096146,1.003789515222088,1.0069172757920872,1.0571711931015888,1.0312724101063881,1.047354871426819,1.0456354757086606,1.0385422173494416,1.0100855116618244,0.9918095230059054,1.0025152117709737,1.0194430457714092,1.0146931151083312,1.0132473594548639,1.0032193705025185,1.0091179412309759,0.9957508406400174,1.013257548228164,1.03379198968798,1.028018733032055,1.0233389977484004,1.0120557450669228,1.0145621013119686,1.0501834852433765,1.0409093866019326,1.038388389931099,1.0019025450077084,1.0076325847292749,1.0156516410425287,1.0355785692436574,1.0059131810115232,1.010013940785513,1.0078893464259595,1.0026904359869107,1.005164491290815,0.994246619544116,0.9972660744928796,0.9960694089692655,1.0091397496044672,1.0494506471640566,1.0654940051104653,1.0530441858769486,1.0454933885777744,1.065200814702301,1.0241392327002132,1.030249939895504,0.9727724627056715,0.9980835649497144,1.0318142360356604,1.0468687131782883,1.0366129399714692,1.0437694982399537,1.0713768731149398,1.0433886172107965,1.0422735654202149,1.0173261805787697,0.9772044763474169,1.0029209321863835,1.0440040052150608,1.0500265327578844,1.0034264619255242,0.9962045295264894,0.9945050793112559,1.0058605202159492,1.0129165423975368,1.019129188353444,0.9985285695598598,1.0098591283723388,1.0341184516618849,1.00009329785837,1.0304676733548148,1.0005988040449294,1.0146289946626643,1.0032077467294964,1.0109086503147535,1.0200741180103516,1.0361299479775268,1.0300114102091842,1.023570911965038,1.069820094617559,1.1078295858940037,1.0042952346847334,1.006528122526411,1.009418470228696,1.0027875762908645,0.9958427731531811,1.0057258351880722,1.0358008335648317,1.0132172614632504,1.0407220302944302,1.0092156461038249,1.0082951479946218,0.9958245642055726,1.0025430106640034,1.0290204347108194,1.0586836177175056,1.0000345254406242,0.9855714756386098,1.0324360268975814,1.0361733248755882,1.03463717484019,1.0353248709949388,1.0140437274533776,1.0338848699342853,1.009142536783681,1.0189020439678078,1.0250080041773089,1.0483258061656928,1.0279120075704515,1.026945023293043,1.0276366463912037,1.0316998883929203,1.003207404241911,1.0761729175428336,1.0891963879383195,1.0899336109610511,1.0239120184736432,0.9941658584428714,1.0165083113202966,0.9892486477015815,0.9895379506307215,1.0069923512421428,1.0085666995598275,1.0023110859561137,0.999392119837355,1.0257686967479103,1.0272384703423556
1997,1.1745117934634561,1.0740479689894258,1.103066742043421,1.0518046769413463,1.043083648156866,1.0562584845372776,1.0694263826012884,1.1204944679218316,1.1053249230108175,1.1156852925148273,1.0937275129323412,1.001352607895293,1.0287878858357025,1.0258702667594735,1.0249102610679541,1.0090736113067007,1.1598150551116215,1.1470981545276706,1.1606189275719399,1.0334117206927629,1.0295063627419865,1.1814092607627391,1.1298834290756177,1.175765944420518,1.1754741558374675,1.1413610057840877,1.0461034491337289,1.0385484767185782,1.051708897677617,1.1080944245420548,1.0851984197222677,1.0447416268202523,1.0229223847629032,1.0558445958578986,1.0446565555042167,1.0520118739487676,1.1533381167475896,1.1211282251957428,1.1272685985602395,1.0968056591134292,1.0918638811890897,1.1780473193819643,1.191777832320458,1.1244305132409325,1.0695246444655606,1.070627140534714,1.1103400549558322,1.1491383031769338,1.0417318212136564,1.0622219235473307,1.0316567753870176,1.0387433739963776,1.0531666477900348,1.0200363326768995,1.0113498007071118,1.0194939427742193,1.0652105653309962,1.1614847945083697,1.2122821107320083,1.1713590271923642,1.1712108394700322,1.2013362419004867,1.1034948961055582,1.1151395665306987,1.0214034971934902,1.0351763577172868,1.1204891420850411,1.1943964211951106,1.1797092762418757,1.1945309436523157,1.2166890728288424,1.1864486569090311,1.1843243754421255,1.077975475078603,0.9531791083628331,1.0695867261338976,1.1882496734194392,1.211731823618348,1.025069217444894,1.030802210081254,1.0145091725093638,1.0500461155099008,1.0803179449268259,1.0868932670107971,1.0452265200368567,1.0575324196139044,1.084830261866692,1.0431391916508146,1.118494590786569,1.035551175729292,1.0632578850437566,1.0446276379798238,1.1047050400643235,1.1235849431402627,1.172893279454567,1.1263151446075546,1.1150914584512697,1.238035941139157,1.2593227453257987,1.0469567058002809,1.0307611419151093,1.0768734688918975,1.0465595856223189,1.0301543367323447,1.058578202792933,1.1452309501683753,1.0778535291465592,1.17173534113862,1.057791304692982,1.075175383383544,1.0613752916829353,1.0683340593468371,1.2003761437129334,1.2243218481402134,1.0544643365356812,1.0475678025930406,1.1335690771682774,1.1375360164710855,1.1379702375742464,1.159831917977087,1.0943647517035215,1.134488592932075,1.0459703307809216,1.055384611852946,1.0646884773142695,1.1846125653650257,1.1422227702268228,1.1202308927593276,1.1302441375431016,1.1443090285677686,1.0342892291833843,1.2715739548400835,1.2384456530257502,1.2692495048221972,1.0856007828771064,1.0390882806404897,1.0935435472866286,0.9947933070745671,1.0129092859692523,1.0471852493553928,1.037423233186273,1.0628158417500777,1.051398090807652,1.0977971836549754,1.0855945981610693
1998,1.3160176319126289,1.1459555817427627,1.1886512940164105,1.109806926768009,1.086371669768658,1.106465232015307,1.136537059315683,1.2216205531995044,1.224970164862839,1.2199175765023829,1.1890468954587663,1.0295364090524308,1.05454532524144,1.0648250223851223,1.0575556303098368,1.0422038841387742,1.2912553285556143,1.265133859941945,1.2911929407778844,1.069652640499808,1.0598512355444119,1.31619856886504,1.251450503066301,1.302631312812347,1.3322086661820245,1.2594841160703978,1.1032512947685609,1.0834127776194886,1.1012564965175018,1.2276328628418849,1.1608981047565374,1.079109531812479,1.05694701281702,1.1288433139507774,1.1048558016950867,1.1122640085790065,1.280177836046222,1.2238966718137472,1.2411783547706439,1.204471879560177,1.18541251222385,1.319681270660266,1.3389903727517798,1.2212984307727233,1.1573840916543456,1.1507255968948702,1.2272780193244794,1.2948652293670018,1.1016624843666627,1.1223583831869723,1.0730215950981707,1.0747373975697183,1.1164581652357377,1.0504221354921093,1.0424289509483284,1.0580035014722406,1.1266170834858273,1.297200575977829,1.3649576052983199,1.3070806499499965,1.307711249335872,1.3545929942925339,1.1921517340625525,1.2142006230973363,1.0554413607667479,1.0799963527487104,1.228817939461455,1.35191896183613,1.3184555234109754,1.3407692089688645,1.3838951653358322,1.333268660693986,1.3291289483370974,1.1552152289862574,0.9549354136125493,1.1545448127217495,1.338613230751608,1.3870859631308199,1.0577797313418478,1.0948741857632815,1.0410867753213553,1.1064699174582326,1.139720926701441,1.1572911172669063,1.1159266613176315,1.1089355530802207,1.1446375177786547,1.1003972664668094,1.2278299250835218,1.1107553301559778,1.134401390501805,1.099035937850705,1.215332706780235,1.241758997834639,1.3081445643511875,1.2468328430506366,1.2411099827670193,1.4049813400786504,1.4145136698532583,1.1079796075290516,1.068383019541661,1.1446541084572424,1.0952387822299423,1.083026984655371,1.110382692705652,1.2585957810743487,1.160458587726478,1.3094677446463783,1.1005166474656958,1.148552173288274,1.1421242980944901,1.1391102551416565,1.3213426547499234,1.3829933114150057,1.127210119611465,1.0978597644309036,1.2406294111858722,1.240087294685791,1.2477622041245193,1.3094819459179885,1.1968866167795882,1.2680686372311527,1.1026300184689737,1.0910464676813265,1.1347518217218082,1.3193671119995347,1.2625961717194079,1.238559770514009,1.240855242576967,1.251047660408441,1.0532340352465135,1.4492706800109578,1.4241591970421892,1.4009622554480494,1.1512433797928814,1.0827819700145995,1.1716170626669549,1.025010812111616,1.0278234029271944,1.1153715834492144,1.068392615348338,1.1063891052057748,1.1118356124485254,1.2141030892288724,1.1307028496430127
1999,1.456613866166318,1.2345593077569845,1.2900448952506653,1.177308846730339,1.140865658316741,1.164874188415657,1.2105417669498948,1.3351930704661443,1.340165704103993,1.3501322843301238,1.3072393664323247,1.0536423097036969,1.0739908756489942,1.1256343216883704,1.1007256960983973,1.0777723090448432,1.4285420898901484,1.403283687556437,1.4226435997270803,1.1168210810699253,1.1020277362529483,1.4992310123985038,1.3696210962153461,1.4309439015131808,1.4994822789550852,1.4249333932665487,1.165409852966912,1.1440863003818058,1.1555658560675914,1.340993651766148,1.2536704025134127,1.1208207946471949,1.0998835198422074,1.2263727800107824,1.173149079529727,1.1778278428177638,1.4062726823365974,1.334662844624932,1.3759077826239012,1.31104048028882,1.3053221834324862,1.4842443945627335,1.4888475574613915,1.3359431490050564,1.242183050430237,1.2494698198451093,1.3367545909892427,1.4350660182513852,1.1789403565643195,1.1938410850404617,1.1110043282945157,1.1071797962477317,1.1842254385149988,1.0907085374736862,1.0771217967921018,1.0827406285275385,1.1978056948594265,1.4436929280655526,1.526782239238149,1.5051698268804694,1.4494882621660699,1.513595801709389,1.299920456321411,1.324463395733944,1.0974909482223576,1.136194483190161,1.3505444857441766,1.5078307172425087,1.460727504532167,1.500784563825117,1.5619717562664497,1.498174507881457,1.4691620404381733,1.2721958327139498,0.9671083235625618,1.2594226960003239,1.5102742389127433,1.557752124892236,1.0977050589990105,1.1554262439695393,1.094772805502614,1.1596598715589215,1.1872665346175186,1.248916624454069,1.1884388513271094,1.1775164148124055,1.217772294945946,1.1703910035439016,1.3656613534213746,1.2035749771926205,1.226453036687095,1.1867934714694766,1.3370278789121341,1.3608948751481156,1.444146198298244,1.373480585378692,1.3646275808040966,1.5899446225645422,1.579154452713593,1.1705212468584398,1.1178325175504433,1.2334054680017015,1.149902171579943,1.1286786114287362,1.181943537646428,1.3833286809490104,1.257348962146678,1.459949251484352,1.148431057514823,1.2207635883848762,1.2439144845606775,1.2312711409659916,1.4611058447506162,1.590348491051978,1.2082932442072571,1.1716810701084879,1.3515356101143239,1.3486509254134318,1.3791878768392345,1.4550693656501752,1.2912044883980058,1.387627418538899,1.1725381656222678,1.1473679472979466,1.1702489877774402,1.503816085699518,1.3889189917245697,1.380228555450483,1.3651305759427166,1.3673573361126643,1.0872577173363691,1.6639974695254849,1.6296236163973816,1.559593718000472,1.244310930573648,1.1483373631343405,1.2589785825512427,1.047336212081667,1.051200350637842,1.1925701433089355,1.1079551999120811,1.1715276784383513,1.1938556934301363,1.3721985090987807,1.2171066036115685
2000,1.71032104533507,1.3702102639550464,1.4637405722991148,1.28128295070992,1.210592174942274,1.2725152134829636,1.3315506697353159,1.4940883909294986,1.523760073750433,1.5787412579494249,1.511691749017332,1.1188548879529903,1.1231313246374595,1.1978941723721763,1.1670171211841776,1.1476903617412177,1.6667404680070177,1.6353656003865098,1.6817626627332172,1.1956843329959321,1.1781557860347063,1.846319260787201,1.6024624408035413,1.6823954556678824,1.7770589064258613,1.6587217535559278,1.2552083762402655,1.2125398393405011,1.2239039902347397,1.5577924609526566,1.4036944080912015,1.183303026229905,1.165486683172462,1.3594038750305997,1.2826180913336154,1.2859997742433682,1.6334043438040833,1.548331878799104,1.6002973337228614,1.522850155591952,1.5163239047642412,1.781930102296092,1.749472301182399,1.5526153885640346,1.394827805847803,1.3880165065226393,1.5572731135508386,1.681929879419602,1.2924874267697508,1.3122692498514545,1.1713746826811922,1.1654617170827704,1.3120635594699088,1.1499728338749202,1.1499144590855699,1.1315634506698566,1.3176607088233643,1.721629408984708,1.7801944973683794,1.808602980289504,1.7300775152925414,1.7913693074211354,1.502055270283793,1.5069913398673411,1.1554494732968421,1.2123794227625426,1.5644325686743576,1.7694455513967589,1.7219052221512852,1.7860134916240842,1.8831257196833808,1.762307769588424,1.7158130770165467,1.4448046477416794,1.0018158079868291,1.4662691197242237,1.8017304439565818,1.8392654409939175,1.187377761863575,1.252037296415283,1.188613198498245,1.2530891213996551,1.3043983687531884,1.3961457754097433,1.2957429766757167,1.2665608867401494,1.3166706320996668,1.2879300445019608,1.6007353797222876,1.3354952099801765,1.3573578836586644,1.3047414125906505,1.546053580070248,1.58884412376299,1.6863876556198028,1.6093358240034517,1.5871804385930013,1.8733086785971333,1.8576716535926954,1.250876601386507,1.1750271243375974,1.3715819705302412,1.2248468051267778,1.2210852719411822,1.2784275110379406,1.597947321404107,1.4190368866099277,1.7168101371389914,1.2242785603422606,1.329299938412761,1.4223894183689898,1.4379460608328407,1.6686405632240802,1.854687772301491,1.3589038341080812,1.318614549424951,1.5848491861907663,1.5602144275428356,1.6297316463003466,1.7189243496172208,1.5159945585375612,1.6189298386693114,1.2874091455979464,1.2353565729328517,1.2570844788678939,1.8132478682721906,1.620941611519835,1.6154799849118124,1.6257809502049196,1.5757000975493503,1.1284033478822624,1.9892755321872575,1.977295152950179,1.8282328131227672,1.3984157612745727,1.2578522623176556,1.4381206248095053,1.0910392857706386,1.1038823226844476,1.3302988897227204,1.1718366813361187,1.2855427710722136,1.3722423767495497,1.6401534347539988,1.314419778071769
2001,1.8863541927129073,1.5316224274213384,1.6205783761733048,1.428015074460203,1.3414111847534609,1.3909221832309766,1.456568206531125,1.6449199193440083,1.6675804204348248,1.7544720655671902,1.6760556943594045,1.170768501658829,1.1712710164258893,1.3048961897492402,1.2526413412939308,1.2260158705880864,1.844238344641447,1.820760054938637,1.8712685673048743,1.2814207254930312,1.269276300042908,2.1041148296342076,1.7903234784228288,1.8835568468727932,1.947218137787557,1.8616825427739327,1.3541288791680783,1.2898457368352965,1.3180214646062107,1.7482806434403142,1.5515285561826853,1.2455585983802624,1.2326981522764562,1.5034025181280732,1.402696379102953,1.409892632213526,1.832353726297657,1.7533229101796,1.7745374400554208,1.7129178025931378,1.698929365040879,1.9911362818357643,1.9248396970579515,1.7452101067384596,1.5600783205998037,1.5348267557916047,1.7507946871667446,1.8978838345941027,1.440838273014974,1.4588497065276054,1.2351550798068442,1.2630547136371537,1.4630455087536038,1.2251207329477025,1.2488474271039993,1.2016651947832886,1.477549385142574,1.9493713129811612,2.021753886223011,2.06623058379223,1.9335577704791862,1.9908107432734625,1.7096594139445866,1.6930900678316987,1.2261534038949495,1.2987643987044342,1.7425453396779382,1.9444353767098213,1.8861870516536945,1.9629367508942808,2.07676912519086,1.9617750674019698,1.8810428195748798,1.587946883627339,1.0428676627639333,1.6638207811194765,1.9815408295753751,2.01070506762315,1.2886205283208985,1.3862103595042838,1.2736706422009825,1.3641120404561846,1.4170913794243587,1.5580010906660025,1.451228804996416,1.3758839442324362,1.4210136104559405,1.4305627455587078,1.767710633971929,1.4427942896156314,1.5038188842033238,1.4394160211823126,1.7369603658883148,1.7393319058185606,1.8610372635143608,1.7924028594050534,1.7411275856129274,2.0753599176638837,2.0644178693038158,1.3620993380891246,1.2793765332219784,1.5396020769850667,1.3155020522083851,1.314657864183431,1.4338642498959948,1.7652854189444016,1.5845702701346143,1.8974666238014597,1.3044575100902172,1.449134375549111,1.6225019420297642,1.6344543244342566,1.8583520581763262,2.058415398469445,1.5436945059123741,1.514840598959662,1.793500454108067,1.753230869708435,1.8504543347099243,1.9078076859206123,1.7124965823599927,1.8326525823358804,1.4128573221347605,1.3014007576080968,1.3750040861246107,2.035658683515364,1.7930448434844783,1.7847803203550792,1.8227036124762255,1.7709291128908413,1.1822871141399207,2.178393639618165,2.195600307538496,2.008559498772085,1.5569864123664294,1.3949385351418464,1.6367900651706653,1.1524008479864016,1.1617818174293473,1.472799923239531,1.2596215710786496,1.4191936665258267,1.5967311574403802,1.8082989034483128,1.4203972606277442
2002,2.184310415142618,1.7889116690009343,1.8804068330083457,1.6828178568968886,1.5675945605833603,1.6336237448072153,1.692912745176316,1.9091385307929654,1.9281414467592273,2.0824297498504056,1.9901254212652384,1.3065498747195448,1.2765727539617473,1.5112597721634353,1.4448732296258084,1.3732091094466943,2.2060068059258793,2.1419722673008113,2.1659666203259675,1.4725242004331927,1.4389337021165238,2.4700235639819517,2.0991906407552903,2.2055127978959495,2.2351375663973685,2.2469873925386694,1.567046615113265,1.4362369644681108,1.545085964012076,2.0411382990662816,1.833353688962001,1.3656076546240812,1.3815065950498033,1.7342995263207395,1.6257854110560597,1.6454052601815754,2.176185487451168,2.0799872602412592,2.0705786479046795,2.0486207513705432,2.021222854848196,2.3191499568595764,2.183128483248234,2.0593733802272305,1.8031261337917128,1.763926226329765,2.0498736524602075,2.216781651301905,1.747329139692028,1.7326599716183118,1.3974921487724532,1.4530882578039137,1.738899719351978,1.420431636226074,1.5261039324493757,1.401646985701261,1.7776188634342227,2.3386166844389216,2.2780202136579377,2.40343466229941,2.261619801725748,2.289743315197958,2.0743361555174125,2.098927943995148,1.4156523593208632,1.5179471647777527,2.041471260144823,2.200890361353918,2.1520061808093534,2.223303757994173,2.4164559815389994,2.276734345455512,2.143599965768762,1.8354581783918942,1.2107144811126704,2.007444599636057,2.2751574900591294,2.276688865907633,1.4581755455365857,1.6023814015970799,1.4512224807499603,1.5687537475041173,1.671206439398139,1.8522617493423457,1.7875740255063475,1.6408120936420538,1.6757723876274715,1.686850120685409,2.1025370342892407,1.6406426911848118,1.7281457213357732,1.6487037649407836,2.0549838531236624,2.028955841235105,2.137682731315646,2.1302003828710014,2.0674937683134886,2.362464125771738,2.307971569368795,1.623659437045381,1.4942709061896715,1.8530358215442575,1.5923033322166633,1.5419272377696531,1.7829974795960104,2.045445122322617,1.876320595472552,2.1881519693346836,1.4746434472277525,1.6750351569742334,1.9511887112275959,2.0040391226795466,2.0812899982625455,2.3452563229062173,1.8613103923512293,1.8744550253482213,2.1210918633774427,2.1080238757877647,2.1866805170101262,2.189658212663959,2.066445535091628,2.2046685858849053,1.667269923331929,1.46268081959936,1.5839724790345748,2.3600946874810513,2.1083254249511305,2.050723146939318,2.190398269272065,2.1359913310133667,1.3355125154391976,2.4428611489158123,2.450448425759236,2.210486857308812,1.8346121202156833,1.681109396170598,1.957195861409048,1.2991846964041436,1.3368801843700047,1.7436008290373548,1.5021407869340535,1.6738423705114942,1.9309054222663296,2.0870310016912788,1.6411007071023807
2003,2.4989820745511744,2.1701141227952534,2.240912278911332,2.0102777247363255,1.9311973910359161,1.9765142008203544,2.0650365462030877,2.240894832122494,2.27701268130882,2.410565617806575,2.3775110012355585,1.5217922012381202,1.5429998274480572,1.8601659487008326,1.7915735758428688,1.6479100608268622,2.5904787504477675,2.499412428441131,2.4710371387830787,1.753670883627443,1.7647615376832488,2.7579353875977985,2.4659396733519383,2.5586258944702416,2.539878152552645,2.5774992120449056,1.9285407246171098,1.7355800100161913,1.9849893027837262,2.3331256021204307,2.19236626462847,1.669272952378617,1.6700946832528634,2.0582591637237013,1.9727831426856393,2.018977337711262,2.5337745937194573,2.4831860631928246,2.3796629763608665,2.4143964175634096,2.3576380384623894,2.6541110304997964,2.463131228302424,2.4421148727080806,2.1534348824424137,2.0913775195804925,2.4364230699993503,2.537382571656405,2.191471710862368,2.1375359263161937,1.7401934037992048,1.8508578493231702,2.117429323814333,1.8022804201620706,1.9056974670457747,1.7792235409283799,2.2007347886772863,2.692802346027111,2.4495455444663174,2.711909449945861,2.5704931699704097,2.5755500962610913,2.4846029604052378,2.57966125081674,1.723909572782205,1.8798227500530904,2.3597087144285003,2.43261515796623,2.4157013608790807,2.4400669779554316,2.737894421385397,2.5949365505089586,2.4161947042358674,2.1949006295655615,1.475235170664715,2.338634703704468,2.550569362577929,2.4956737787237446,1.7603601723526232,1.9453007679406848,1.7773648171253575,1.9398074660794358,2.0505847548006484,2.2455631805779785,2.230427805664737,2.026434333149658,2.113465514764057,2.052719705270665,2.536514977568945,1.8680730837662465,2.0528377315893205,1.9817206130882834,2.4314433550557566,2.3752041155087835,2.4211723425536835,2.479916593709111,2.4145017276493417,2.5651349850721634,2.445919525780011,2.047851673344275,1.8509261995012372,2.2644105283084475,2.007959484714556,1.9406899840810707,2.1525631761792865,2.390679875978645,2.242316014373422,2.45385368227996,1.8132376851532157,2.047517909993985,2.3042251287833126,2.331127326312172,2.2004874373009846,2.6183763757408554,2.18398477501062,2.21501926408039,2.470883261525929,2.4689963379494375,2.5577682954585033,2.504181117520403,2.4642371283311935,2.5984579573534505,2.0186609638992157,1.8020768428597436,1.9921618571592445,2.623781601716264,2.457983140980144,2.373759657610807,2.550106768185672,2.518957716833255,1.6192487758799092,2.5934430537009856,2.6491399873825157,2.3032247278471085,2.197179013559995,2.0374362481886887,2.341918287394173,1.582801660869522,1.649067925341799,2.068317604048324,1.903884971862643,2.0254922760673546,2.2639365258577446,2.3312590637803403,2.057512602104459
2004,2.7016968707763778,2.427124899480743,2.5243356250935567,2.2963361358344905,2.2444321424445826,2.30051343875848,2.391826812336255,2.511230915756012,2.5468450890142145,2.671430961563894,2.687760005327745,1.877870622049365,1.947548108419308,2.257173328180458,2.1834695186012287,2.003606978310757,2.846322753455382,2.7596224525754645,2.6774862254955556,2.142531413965412,2.156565691065967,3.0361715721822873,2.6990351222886977,2.791957261520203,2.7449562343343072,2.8323590845656885,2.3623014232738675,2.206080563732451,2.390974677758336,2.576824751075451,2.5168637116855064,2.091393399343946,2.0652466086219725,2.399728834478516,2.4413452099837896,2.4237368295696444,2.7686365080049584,2.7195105757565736,2.579251174225186,2.6701290080840905,2.624867492588161,2.8578968149228454,2.649536050488369,2.781115829864153,2.5012265829463467,2.403103581079114,2.6744868399272055,2.746222312889619,2.522464852122903,2.4690057998135586,2.180989614603924,2.2623450188632193,2.4581881801459162,2.236301521433691,2.2899009710528224,2.1789446901957645,2.5245207081008734,2.9319713514115584,2.6212400861098457,2.902713408812219,2.7617738384613677,2.7782403780396434,2.798377670723251,2.974303133250014,2.1221650028075447,2.2934089242982143,2.6235655686219914,2.595995847069971,2.586285897047808,2.611252138122146,2.940096529062289,2.794571315294231,2.6022741369574,2.5178292205678496,1.8321383245070353,2.6170384876890935,2.746265693178207,2.684674975608363,2.2662484496815316,2.3192677835499693,2.208802614712533,2.330838084655667,2.432626686728176,2.54725793582621,2.579247580067189,2.429037359259378,2.6394098186363073,2.356870347613999,2.7533301276349755,2.158013842694267,2.4163696584515293,2.3413647502660018,2.6907560869019553,2.621510520915603,2.6555149002471925,2.7138643784226737,2.657087115348169,2.7714561900810315,2.619428331520079,2.4568650792355013,2.227000930918906,2.5152313231824213,2.368676247214263,2.3318701168912295,2.3879218813294236,2.643266282738405,2.535265320942038,2.6454415211486224,2.2523292787182374,2.418034718795513,2.598639965447297,2.6152324028069622,2.3438253746367574,2.7984484931784,2.4773240695049163,2.5976943989459707,2.6878742926953723,2.721854552915838,2.912520212006366,2.729440089120709,2.7012017438790705,2.8432132914545205,2.4413984998384404,2.3169113471734932,2.5058706064944736,2.818182845324465,2.67060674115321,2.616687962595373,2.756570998168517,2.833345500580588,2.0455416287908488,2.808407710949437,2.877982694015408,2.4808733727620567,2.524221628097151,2.345205791184507,2.67309921884445,2.0284103745167794,2.051542277347069,2.4226186800947045,2.2402201006803204,2.3320557209468378,2.5882459473707775,2.498733017958008,2.6269552695058747
2005,2.8042569639158397,2.5938658646843136,2.6800884545412798,2.4833137248183244,2.4377829826827035,2.4957281824298625,2.5948048859854373,2.6820135639452625,2.6983103011777207,2.8263073354818324,2.8400353719524163,2.1543998175063264,2.21272946382237,2.4757412851592018,2.4286177290524473,2.2729806410841835,2.952114892868191,2.9354917521270028,2.782637996042328,2.4081040226932506,2.40704019672998,3.201278903893806,2.8435665289292666,2.930102796741024,2.841808755160702,2.9963712480237206,2.5687664411290636,2.4906602203400046,2.599674535295314,2.704303925681465,2.7031237008778093,2.331369711989256,2.3028373193906972,2.5862750471486544,2.6513047365578073,2.6652393478524132,2.9016644404297924,2.8660205080103447,2.7106223984953366,2.8255613857636277,2.787320946746085,2.9748026783754846,2.7539369371854536,2.9654935039960546,2.694292777858249,2.5992985107307356,2.813168761959192,2.897622492772659,2.7137683909294807,2.6621643060765092,2.429606616377281,2.4561248158357354,2.6797308815330245,2.5070264187873996,2.48118463066469,2.379774880998058,2.6877054586584115,3.081065296185257,2.731514185644741,3.0859111154503243,2.879940539471492,2.8340052302760244,2.971241180815954,3.1579795425755357,2.334858122856505,2.4829710374217155,2.798897052453483,2.6791708193997406,2.635897647056275,2.693917979712473,3.0880304478632614,2.8920111112585296,2.706943053656629,2.7022234195099686,2.0683734508204705,2.796256552473419,2.84426073362973,2.7678710924198167,2.4942085540492553,2.573301954965607,2.4531333210575337,2.521135884569482,2.6878340992954377,2.700491928452413,2.70666879437169,2.681722206031074,2.928487569790238,2.5447258628867035,2.914072608604044,2.381679255792708,2.6349417534625923,2.585185430013304,2.8396165506956192,2.775842993733479,2.7735549756201556,2.8469618054199244,2.8293530302223617,2.884725589597794,2.727862637618752,2.6233692756456723,2.4694901091070673,2.6381961454299776,2.52259849545273,2.579557879567388,2.519602468783101,2.7974246812036596,2.7053379469896797,2.7674174032573733,2.5151421441798427,2.625454285776303,2.7830033564246146,2.766186082218301,2.435158558734687,2.9123622113450343,2.6463629659925507,2.8129489176710893,2.796588718457935,2.8383337895062923,3.147534537306299,2.832579574654244,2.886908649067701,2.9846809158188377,2.6409821356025005,2.495881993050229,2.7529553524992836,2.9687764653699755,2.814347839339187,2.7615056622587493,2.8531097574471818,3.0072135342703863,2.2883836065213248,2.928082068407284,3.001035845392437,2.5641769979207383,2.7216584328375357,2.5232668848269415,2.853185102766931,2.285417221123586,2.273627979678833,2.610090049099304,2.4593709806304425,2.5410628170956264,2.7560848441409935,2.5599602123764638,2.8985802033395798
2006,2.9469538322457165,2.7188650555779383,2.8151766128492577,2.6223797781842046,2.563183366014855,2.614823962725095,2.739602081950455,2.8075540769327256,2.8166978654615473,3.018897811569826,3.0129943837386004,2.394199683219115,2.4040730570091955,2.610172364906893,2.595144858590633,2.4598763038381555,3.0981408527154475,3.0961040499174257,2.921754411442289,2.573183328818851,2.559330114098096,3.462655594180051,2.995893306497594,3.091650664273733,2.9888486343995075,3.232459529466949,2.7519048362695284,2.6927927459442778,2.743617097017748,2.8900764670506036,2.8363443106486526,2.472091053328495,2.4640055510947367,2.7237569886528767,2.819058766549843,2.826411140223922,3.055305179914719,3.015322914654078,2.833240316689239,2.966372791607845,2.957593679492934,3.1113300913586306,2.890355594338454,3.135171881880505,2.843860741231913,2.7191595369114063,2.965312210860528,3.0497115073599894,2.8699088426503274,2.8109665133545927,2.5477173933791954,2.5514733839544292,2.8531677995734404,2.649894318894674,2.626880408214933,2.5140002580584415,2.8323948137283064,3.262508543142595,2.947941101741112,3.3151282780978804,2.997677203091475,2.9966541367457635,3.1508973149188115,3.3442870224860295,2.482391788494606,2.643098770772273,2.984739622344423,2.836219746250837,2.793136859710183,2.836342367510809,3.259255443081657,3.014217195881385,2.861157186786473,2.887037193634902,2.2470673045844825,2.969295656997273,3.0170700081040267,2.947728085003656,2.6143795552480134,2.701324487788761,2.5530640763647443,2.677755324152941,2.838030776302149,2.8378036504219883,2.8622020745155794,2.8201174977340178,3.159711703652437,2.712392408939061,3.0742529641790206,2.5423442519462096,2.784851704693129,2.7467386373057683,2.9934202191054706,2.9088736892908442,2.9245236407825224,3.0237744519376575,2.967757529295028,3.158676737378016,2.9742386938484398,2.7524239060604345,2.593273330050197,2.750588867164257,2.662274161460277,2.737290813675006,2.5977195847682646,2.9425956118087053,2.847329307889693,2.9313552727083763,2.6843029343639335,2.7861902970015597,2.966932656968803,2.96471323681643,2.662464344734809,3.1023057021882114,2.8256306773378044,2.9961922271461816,2.914896372301254,2.9821208431504993,3.3208689679165633,2.9566483148856206,2.9805495408048848,3.1117792506264332,2.835989066924213,2.6337478357605875,2.954319055788203,3.201165646243097,2.952753332367733,2.8988172723269168,2.9439695079653863,3.200499668514049,2.4244758688766517,3.208171297273294,3.2770922941412364,2.843172803570852,2.8921142131056445,2.677228003050217,2.998411121180576,2.4328898724939627,2.418780822050613,2.711344633285315,2.60362594145164,2.707267199376657,2.8920311489287314,2.6860064108150663,3.067474814047155
2007,3.210060541614159,2.8465589633867374,2.9870852407411563,2.775861491281463,2.7111030979418005,2.75930141532601,2.8852951611391795,2.9605650984004184,2.947744514271463,3.301072259128411,3.242781303719165,2.598669454854685,2.614205811688481,2.7868919941855004,2.7613021485796465,2.6414228048212176,3.3255995651241697,3.346159715286402,3.1699962356476448,2.7295691929661845,2.7568091014788614,3.8996370021128013,3.2550654902497755,3.402083563387298,3.3037836139456007,3.581606979630693,2.9416174290800963,2.9484175081486184,2.917952576312298,3.1432118724341267,2.9842244236959274,2.6068645129203594,2.654275256172189,2.876487941597048,2.9794392909584615,3.0023034392626218,3.305354154702562,3.2477261328434754,3.0840664544967065,3.167512707515697,3.2010411938583476,3.402297992961626,3.166082540239578,3.370214075416891,3.0222610069425317,2.882623192843196,3.1862248454232045,3.3092291657804136,3.0484269138555278,2.960943969958275,2.700595756309339,2.6816200702654256,3.046791629629326,2.7707230387112958,2.7893986164052205,2.7076589465501417,2.999838354783563,3.610753821681279,3.3807992470266206,3.6789065859707075,3.294168473878623,3.323146727028412,3.381071985777148,3.6028832750352406,2.6266210835929558,2.828936109050192,3.205979385704626,3.1250955348212064,3.049191194379652,3.1110410457789532,3.649116575267792,3.297024294205558,3.1315462572819057,3.0883446507224397,2.434594176547589,3.2223865500481597,3.4249300622194734,3.358757993516307,2.7574997278698343,2.8714349146219624,2.7008956824059194,2.8521340434633573,3.0373323933143848,3.0070616551823166,3.034381728755269,3.006198639975768,3.376573770660681,2.9009442990936147,3.3168069638803983,2.6799091890213624,2.954682484431868,2.924592369608395,3.2123552367280825,3.112346437408097,3.164408661221973,3.2732685788566904,3.19796703508989,3.683619924289621,3.506392484499886,2.914856427080585,2.740002972059689,2.857896990656841,2.7884360284181153,2.9035501851170973,2.6630488949837097,3.1315315113323465,3.0581621114221162,3.1926989795671337,2.867512578677054,2.9397178368559453,3.1869901693609375,3.244657315869244,3.133309554538293,3.4604665668235315,3.01725602526392,3.236831165378137,3.1315196507719536,3.182349726252093,3.552307179841286,3.228645870630681,3.173603785735103,3.4217300569800675,3.0709538191408456,2.8237187739848864,3.156524759979646,3.651810792971965,3.179563977227111,3.0924256690200154,3.143217805211002,3.4644179493498073,2.600937523632952,3.75477854215583,3.7924020113119083,3.4031194798093574,3.0853152989210293,2.8791493067518727,3.200387475171735,2.58966920440374,2.5782018393206996,2.8698655458453106,2.7903013442276188,2.8786897054550082,3.115411287634622,2.8693837709749643,3.2919489630787897
2008,3.1952921524269056,2.7836995343577104,2.8948113402925446,2.7296173313498526,2.6518848943314954,2.7315325085876783,2.852656826023371,2.8689333840764024,2.863812903682552,3.176606731078223,3.170510450481487,2.622817612545739,2.596114128467722,2.75567649985284,2.7248754385332736,2.6593931841648955,3.2415517024284455,3.259659024625273,3.1119113912639302,2.74762331340794,2.6972837744359506,3.8370248819621553,3.2338245243346524,3.3492423847686488,3.3360196435586826,3.4664018610051746,2.9408847226247814,2.9801220858792012,2.8911537596509334,3.0229627682872273,2.898935684703458,2.6008170210359394,2.6004695744008903,2.8219525528665317,2.919428229789193,2.9492921110394774,3.2833568935048114,3.2833465985455836,3.0972747071418136,3.0770406295598725,3.1097154305785786,3.441113343582887,3.181910740158563,3.3488922138271473,2.974396005502043,2.8430034648422575,3.164904070449748,3.353352413843902,2.955295385079472,2.8728610747725942,2.673659814279961,2.622331611151619,3.005592685573782,2.7798691063820318,2.7854379868708405,2.7469110134347012,2.9338485439979882,3.623658715748545,3.4875972589548514,3.8606416844889955,3.3686552634445546,3.3756437356503457,3.3294785422319224,3.544101290478789,2.5590659872418566,2.7920324481541128,3.0909810478138344,3.1121307037950916,2.9720667705016117,3.0630738741142793,3.77875206646802,3.3606632348854943,3.105349830780892,3.0053980435892624,2.463495669458697,3.147946930930724,3.4370555877503097,3.3696235360699234,2.7364632450151434,2.874817425635002,2.660209332154737,2.8230749259449475,2.969202540667568,2.9171454343759122,2.9820143313787923,2.9391420776023134,3.353827740892747,2.836819476999418,3.298231928589494,2.640621482559841,2.903856960504577,2.8712456138184415,3.1783539205162294,3.0691414239343504,3.163765909744617,3.214605688421151,3.1023292586332687,3.7356639285672806,3.6123895237615136,2.8573009330072368,2.7256582360831128,2.752414180997301,2.7234059657791496,2.8661588494252896,2.5631451146648154,2.9848644604005052,2.970626154998853,3.137236397936492,2.809526824020546,2.88921007873158,3.1785298551494336,3.10189586752774,3.3235627410246438,3.5214590936416355,2.92622010506745,3.1547091139787495,3.0618418073322067,3.085886859122416,3.516730662868976,3.195625661055233,3.2250538430520104,3.447851628731287,3.052557708688148,2.757330359743226,3.1310059977948677,3.7563619856477914,3.1108335545278893,3.0189040268661023,3.0719747590409843,3.449243871542661,2.6221034576243856,3.7574361394345703,3.8155051072673,3.4661624940975684,2.969294581064453,2.8326343541316703,3.120154684960572,2.5760872027683512,2.5588220906411916,2.7996712822498164,2.764443030375283,2.8402772126445877,3.0413046063625275,2.7605040392632096,3.261020019151247
2009,2.9445356029739767,2.5292350811279123,2.6598092483678593,2.549130791991038,2.4338933885038405,2.4623034829356905,2.639448614537567,2.645817537268666,2.62957968750259,2.9173454073452176,2.91207795564803,2.402415910126096,2.445666552470347,2.569743555678024,2.503472489437898,2.417665678351053,2.9574456611811417,3.026893836002206,2.8996474962296905,2.5272859378394195,2.4636113822016656,3.5911844017933974,2.9403360599193,3.0254975688222014,3.056271686949492,3.207556294322825,2.783303427141953,2.8812402433177615,2.724070240076667,2.8099622187773243,2.7098404930277016,2.419744241393372,2.4375343330118904,2.622170235326331,2.7038923365654908,2.720264124035134,3.0266297048184883,2.979405623932014,2.8570961592031208,2.791245283341166,2.8485791256198087,3.057059415753036,2.9091406639467996,3.0356246447121005,2.7059423300213328,2.634783170309178,2.840539667470017,3.043277190547506,2.733947064812681,2.670673797069052,2.4576887859790273,2.459125713559345,2.7940368034995675,2.5664449676516137,2.5590649825836804,2.5283621093867406,2.692923221403087,3.3263241545230806,3.32329050652252,3.5341359964198666,3.0705850488908157,3.1825189520635457,3.117035040286458,3.3246476490846963,2.3430033252554043,2.6129944920045296,2.833385741361834,2.8832685770739475,2.744158167292495,2.8269380948141323,3.467349127627764,3.0588654121687706,2.848061205711918,2.8036193537375844,2.2360916493504934,2.859442019854873,3.111367112268878,3.1270672749790522,2.4854998161739372,2.6176764551622975,2.4133033208267767,2.66647030789955,2.853891089614872,2.6820163076348837,2.7381030552338714,2.782899714474665,3.228006465484598,2.601892847016559,2.887594485881055,2.435705175915239,2.676270635685618,2.6085785234932755,2.8261002793005416,2.7953784375764035,2.9315633359586784,2.9082754802260022,2.8339217278234554,3.51250605710423,3.459349661014681,2.6352678218290024,2.5003375629048747,2.5793088264440964,2.5372938199744492,2.636718607632908,2.3601898217048247,2.736295435305152,2.6451435062207316,2.947825361253033,2.587643189182412,2.6503744853007163,2.9502605582574137,2.8492083064233507,3.251373670005779,3.24965530868712,2.626613710150445,2.925593568843395,2.8089402650559157,2.8673165682746498,3.2226747020873305,2.9186746962684422,2.840302688462097,3.080121495868725,2.7826721637776393,2.5840298896954854,2.9605190552951197,3.4639732702717256,2.840096402251297,2.8028537913395097,2.849339450604156,3.133304672667837,2.4028830384751445,3.5161622255924048,3.569602616211134,3.3456935592767874,2.8021189090624303,2.5749584691733016,2.874867959341086,2.4209928776182896,2.337163227662065,2.58248745475343,2.540494936343295,2.6201521398593317,2.8814047617158787,2.507118181214256,3.103030593215008
2010,3.169258859414889,2.633781256354477,2.7576282781936428,2.6224030149463684,2.483111217650046,2.5064131527565667,2.7084635874400256,2.7818318266621485,2.800003185665207,3.108947138991747,3.046034860731639,2.41157985811656,2.4742506067251844,2.62202484515077,2.5505355167410984,2.4639359696808305,3.1469084563936103,3.2106318239687246,3.1036335480934585,2.579391252933749,2.4999280540072055,3.934831160621959,3.110558679931758,3.250348649186435,3.2695022312470954,3.422752373823964,2.8701195518256886,2.9349167132798732,2.759746420941919,2.9949207485380542,2.8063798120827417,2.471494372573317,2.5211570244879336,2.718058535936596,2.7510893272970516,2.783426349907553,3.2350012498944603,3.142285331632226,3.0469093486979393,2.9433350394674567,3.0135170954491284,3.247344035269627,3.129836876904105,3.2050052574667296,2.8245169307687483,2.715839748653049,2.9505589070574265,3.235253609263883,2.8207059971130177,2.7526316468383443,2.4546951469546676,2.503761466395818,2.8814811127406705,2.5894714327340314,2.6212763003451025,2.559404792723033,2.765889714425817,3.5531736604828508,3.430612305133472,3.81710848309525,3.272221932306315,3.43283327380491,3.2871424753316565,3.4592586637860046,2.330857417884522,2.6801051381696537,2.9889056582328557,3.1183341211723317,2.920638890524007,3.0052481868708987,3.7956422649234054,3.3052739974968843,3.04306632944908,2.9010166604093826,2.3140967073993,2.9989450404754945,3.385820452478456,3.4114430180210906,2.5222543760805096,2.6599484448539794,2.443385482790435,2.697653571248695,2.919119069288349,2.795563503321099,2.890786228241194,2.8078284640789506,3.262793953369136,2.6672452043847787,3.065282679279685,2.4915720921439672,2.77013373442616,2.680824885295014,2.980033616401999,2.956844107490185,3.1152009223094135,3.0708394410707394,2.983460115641395,3.8691816986761833,3.8780817127665665,2.685506263562946,2.5006291669199223,2.7142500053135956,2.5884437376379736,2.7065470085363144,2.4261339803412696,2.878709516378624,2.7462367464793482,3.144796343925223,2.6596439438626875,2.7435449615770553,3.070428401246364,3.013589054016245,3.553741847519152,3.5115173906598303,2.743024177455142,3.0573301480300246,2.9954044336314016,2.966496156614769,3.3491053890831157,3.142725069307305,2.9905964720853797,3.2476075950378878,2.854725231410385,2.6517813710667424,3.0389361328018083,3.7456957973065457,2.9947638580974942,2.9368147774306705,3.003504145084044,3.297230525194439,2.4179805868189064,3.835779137128548,3.88465040363848,3.717025949828931,2.895510267014881,2.6553979999959703,2.950802879004864,2.3986549604096923,2.3949398402856548,2.6612976312171654,2.550570259950343,2.6417565950221413,3.0361221765974578,2.6352057095576895,3.1615075408225444
2011,3.1931089016058145,2.580851976948132,2.72694647655148,2.539466574387875,2.4287195033314717,2.448226354968671,2.6788567741889486,2.7748679722756537,2.739929837627166,3.073697908946765,2.9886425686113043,2.328128917726423,2.426490490838084,2.5546207895745305,2.499484668423338,2.412256116099625,3.1073179065304193,3.1692919199402576,3.116114770240814,2.4870688045320026,2.4514485226901797,3.9270880000343724,3.088572088767237,3.2320820527798264,3.3035653221522363,3.3813682594947325,2.8150253491525037,2.923612095643681,2.687105689429888,2.9810513311088767,2.781266279345522,2.4110751661294296,2.4775075943855844,2.665304863076096,2.7120970438853518,2.763657846675421,3.2185948227124856,3.122861908501449,3.047141352952967,2.926285247052839,2.999211982563757,3.218543134535652,3.1394734310105537,3.136956113052907,2.760864031125393,2.6885136514531394,2.936512827376002,3.250566099114558,2.7835031029717126,2.7253087563349068,2.3718021833342817,2.4012058089255404,2.8362663567571182,2.5380038310132025,2.581427535062793,2.4824846374402556,2.7287021219275407,3.59676756919612,3.5163493217276725,3.9397371286563745,3.3215214752210023,3.517304360087511,3.2473317565505715,3.428220847317404,2.22016751496262,2.590068674881505,2.954584600221135,3.1308983327454873,2.9054621391021453,3.0043199986990174,3.894586793752444,3.3521948551072125,3.0429660499567177,2.872106876225588,2.2390915707498187,2.9891385806378747,3.4246852862419637,3.4811493448405355,2.4498206534885525,2.554542876358407,2.392506151546292,2.684129595548749,2.8770209500323873,2.7706324139170495,2.841777903738558,2.756351936386859,3.232494186399256,2.6032451454989296,3.0031600085409207,2.46990349048328,2.711306841428679,2.6365200192166705,2.907525524984634,2.899519526895708,3.115946569149655,3.037532893599182,2.9553010750229904,4.0202722564078295,4.044601085743787,2.628634560249158,2.4298858274955855,2.67498500336,2.5282082988549597,2.6777880137004364,2.387010962569345,2.845428337752015,2.7105836575162057,3.1494643591392393,2.6109482780751017,2.6941590076820483,3.0211264516498173,2.9812689458329347,3.786780889099163,3.592054187388698,2.6358891972130105,3.0059725111036695,2.9743038435422413,2.950150552022381,3.293263533145253,3.1111441427405047,2.963546333857704,3.2439903995505626,2.792393479168569,2.5758127355650173,2.949026797908003,3.846239368823503,2.9500163316165997,2.919885237028818,2.9626627844416,3.2560069818376705,2.350041874211,3.9721721406586323,4.02255332278175,3.927291899639392,2.8402771313070376,2.606557428948359,2.884948251271085,2.31436302904601,2.340860697207642,2.6269310371272243,2.4684355763826353,2.591604121331924,3.012345078170897,2.5559737125497723,3.1426122701229238
2012,3.2619872124191724,2.5666249591692485,2.7459722580717663,2.5320106694262425,2.387481461445143,2.4674676625298684,2.6757930866758493,2.820408852687277,2.778503378810349,3.1247942107078854,2.9924131631653146,2.2617299657351775,2.3583760834040572,2.5181313553968367,2.4775027358675685,2.3541379083639575,3.155719259567031,3.180005760281323,3.1532003780780093,2.467162246740588,2.429183168167014,4.094887341137007,3.122657722885137,3.286832465804518,3.4186926441919363,3.468890222669536,2.7871357859856376,2.8841224974484185,2.6321693530909847,3.0407166998909223,2.8064931681513117,2.3947075320098894,2.468657567901204,2.6530758263368917,2.699929006615619,2.73274289385035,3.2625817956119696,3.182091860193629,3.0995337068973545,2.930609490145954,3.02636605142295,3.3199924373951806,3.2178695384106057,3.1607046820291083,2.798345457629825,2.6965507140093323,2.9561796418193356,3.33578681286337,2.791426468623264,2.728541053157413,2.3101851041880974,2.368305920856628,2.825526587412895,2.4806581679039725,2.566085361119353,2.4321256044051536,2.726626043524723,3.7101280573464686,3.6408203281173663,4.194367293562874,3.364940695341023,3.6594271739609168,3.257422704611921,3.424462502472747,2.1494118298441895,2.570221061659236,2.992328819343324,3.224164343112418,2.9692751889454545,3.076551615347745,4.118430917845651,3.446434775017552,3.0821913363180515,2.862124489805365,2.247388797346296,3.0058940302644515,3.5816254069401787,3.656558107166125,2.4125607391136996,2.5217946729378786,2.351054554758771,2.6161102640658127,2.8921624481035617,2.780578129477391,2.8663425865420575,2.7106464939094996,3.2394977073282414,2.580042431619987,3.0412196561000444,2.46383457897116,2.7326819778491265,2.6518343442161996,2.9539554428757833,2.9378246114736806,3.1904653070534112,3.0986842424368435,2.984306190101686,4.299522166907767,4.395641761477308,2.609539140637668,2.385106513859562,2.694735991295809,2.5212324738274012,2.6740572444274746,2.403391733704484,2.87133308362206,2.7439173872236045,3.2292552157555563,2.579516686020268,2.6665309386374787,3.0604360449173864,3.042627546537662,4.140547660679596,3.7769006193492305,2.655892123026166,3.020688966482314,3.0007846672978458,3.00319373070777,3.2816327583095157,3.179146971622057,3.0148230131504667,3.309565865096023,2.814887627319501,2.574277139768297,2.900780923396202,4.084878485317789,2.9834083766940673,2.9470039330077937,2.973226438723441,3.3223957190968734,2.3314460828425205,4.254323562921073,4.313996830926703,4.281360711398235,2.829078755707178,2.5816454084344937,2.8993655624603214,2.3141693616865773,2.313923802049723,2.6055436659413203,2.433289560058067,2.59016428703143,3.056325402502373,2.561387187192522,3.1527237433230573
2013,3.3978563458964484,2.6326994477136965,2.803498750693042,2.5809918948199067,2.434565588021307,2.519083935171946,2.722959041438275,2.9066654491264465,2.8155260725593054,3.225570791429129,3.0392089712129273,2.274967387195755,2.3479045236845715,2.5476355340090446,2.484186653727795,2.3669169081504307,3.2427444833346493,3.2570284994359477,3.2292838355525326,2.462514186264064,2.427778008943566,4.277436460950444,3.223378546355588,3.4041866794241433,3.6511163777489832,3.621278561376816,2.7972125497531817,2.8940852448028656,2.6378843929268543,3.1481812174616453,2.8699790763497384,2.4245825363227986,2.4846931808474597,2.692206054633763,2.723125129531175,2.752651166153561,3.3729864398188156,3.2673515746146675,3.2172493306790395,2.997531523754778,3.1246549002713917,3.535749168800832,3.3755357602139666,3.2702026261077597,2.844304973177887,2.7198208452958297,3.085884558006692,3.5398476219540913,2.8559336696875213,2.7840589718883835,2.308473774636143,2.413470621286926,2.8622300247370265,2.503168499815769,2.574268999208522,2.482894540512022,2.7867153897240864,3.9857920252639745,3.8678105407640753,4.442931768135027,3.558616836068689,3.862702897139329,3.315183646780254,3.4681202378346967,2.1401498390500415,2.6018088383903497,3.070641860050741,3.3729350191509884,3.0777199955002676,3.2108410255538797,4.417300665191415,3.629264509113922,3.2054852857789506,2.9158770774249425,2.269807923788041,3.0855665492873823,3.856029178985918,3.9376608297692908,2.400570667970939,2.5196874016042208,2.3622279621946425,2.6230945887510195,2.872002099940938,2.8262639383865364,2.9005225936906545,2.757238214854057,3.27569245172246,2.6000626374056424,3.1270486068661385,2.536672443173321,2.789980780541576,2.679953753139431,3.0809062017354867,3.0383219462824975,3.2970286925361947,3.207776916255981,3.0736180525353016,4.725250667657855,4.78386409912138,2.6479128889818964,2.375994787385286,2.7637880122986567,2.569460138574564,2.7190084890903155,2.4402546023474025,2.964173546582304,2.830329120818415,3.3597962907554084,2.6024048467458294,2.709645165878631,3.146238234968749,3.1354863764832896,4.488086196906764,4.07773192448682,2.7002350777821302,3.0876772788775857,3.073530986675997,3.05958267721105,3.348845031111,3.3069881078509358,3.078207035373588,3.4580607854052623,2.86581870785898,2.574125460823061,2.9186940166740456,4.490478840235252,3.0947197986877875,2.9975471088746164,3.001116912049727,3.449452058750549,2.3898946874788147,4.766865695224637,4.832082927183579,4.691843547587693,2.868025621251289,2.6223392776703403,2.945135312819285,2.3042722842208145,2.3068062338004616,2.650125944049024,2.425519983585344,2.624579449278395,3.12852996396351,2.6578292495108777,3.142804617877466
2014,3.773061064852959,2.748517797590946,2.942516302625073,2.6820353189900272,2.5285691499311387,2.5994802599046927,2.8544473603642837,3.107180285895837,3.0068184452211235,3.464841341907299,3.1799441389316776,2.317623391067184,2.3899936208926587,2.607227147873602,2.585527188043675,2.4207378202783754,3.4465991508990355,3.4254927086286866,3.4789554541329855,2.574437266667485,2.5199842119206703,4.720733023531572,3.473393922106145,3.6933892551688334,4.237388516731644,4.0092846702391,2.8736944816247765,2.93909991561257,2.7388903505931506,3.4339136489036286,3.030216263992821,2.5196983139760163,2.6161333993125604,2.812701987212506,2.847942319836634,2.8439715513202644,3.6791992197694627,3.5622981660102297,3.5441371980353167,3.217916963894673,3.3540113780721406,4.1115521871437135,3.737962545237418,3.554684916055542,3.0338865156637325,2.8761479055955035,3.3879252213066122,4.060760900047021,3.018034969101106,2.934849069491401,2.3526351343359755,2.4655655641683634,2.9907448503371046,2.5768751621290855,2.6909329203200523,2.561765586693621,2.9498209339070143,4.599350307227708,4.51116453795322,5.059582791219343,4.0383936224076,4.388969335782587,3.4694169810411424,3.57140881263029,2.216913790289332,2.6846867560225496,3.238696960794935,3.7329430060869964,3.3644157186435595,3.5378660922224636,4.957635988689349,4.089330897478923,3.4934245504595998,3.0259035774936875,2.3243174262014668,3.3040282285539715,4.457363998566944,4.4870838346220445,2.508806560428832,2.6192389759202275,2.4386213267750687,2.703859710052102,2.9632720795666097,3.007610102700587,3.0676430195981066,2.8391119247376517,3.3046806208424773,2.7303351146373593,3.427431230650861,2.6407923703936604,2.9620373192981257,2.828375634426009,3.410115646599783,3.2962255610775717,3.608982110202734,3.5151239496380966,3.3164580845248826,5.537711946051759,5.546334322270832,2.7489730237436154,2.4067023730909667,2.91716649129236,2.6942044376741805,2.844665066413587,2.5824453296842576,3.2036536119222565,3.0417150255172607,3.6660481895868373,2.7052839356433407,2.797287548738376,3.3352269189187256,3.346917177840983,5.129118538643154,4.765588284682072,2.891983048099208,3.2296363568794852,3.2980100179986405,3.2586171176670145,3.4701366842472794,3.6307385739104316,3.4081489410906696,3.8788755743739256,3.014170684689209,2.6679031290107855,3.002617790569173,5.3370161280356685,3.3761803998677253,3.174743764890457,3.1976913320347906,3.7272255017843703,2.4708906033887543,5.645699580458239,5.88304081686184,5.418356164859031,2.979898372272799,2.7159479787277734,3.0793497387191637,2.3460784413533187,2.362622000507195,2.7588112510345466,2.5325281443704735,2.7101784473376407,3.3274311267567764,2.850309424646351,3.288808626861369
2015,4.197185720225181,2.8970708072265046,3.0626706195081526,2.7762701572263464,2.626136432301113,2.709299681603583,2.9660755837868353,3.2858020419617553,3.1928386817949805,3.733105341932818,3.2981041697705935,2.383370427615805,2.4117770090714226,2.6650713957179124,2.6687366097889424,2.490632764133196,3.6334421915258424,3.606186220191679,3.7293973984016033,2.645472200548845,2.5918559496675595,5.175063065861803,3.72864899993758,3.98044393201195,4.676951443971668,4.391661088476527,2.9390598055637076,2.9912323677390384,2.8117441781204686,3.734973167882306,3.1688564309544223,2.5713844851660563,2.6734747793967752,2.913542101688872,2.9183041248311845,2.923940568809672,4.011661145916559,3.932199356266834,3.8631096884053155,3.462542017715629,3.579615424021058,4.580199587143548,4.095798105069829,3.8299103121856835,3.207193275940992,2.981177611985085,3.719969604738594,4.531533023600518,3.119401764398166,3.057184081162174,2.390930925272477,2.4700719201524333,3.0901768831646512,2.6408086448882497,2.768218529982021,2.649144781909329,3.090308428165128,5.1302949667394016,4.935292283325386,5.668969582447217,4.566104749269676,4.834590004403976,3.5981563736923454,3.709730792057399,2.2596144905375994,2.7616196636194257,3.4095158146739464,4.065301733287559,3.7061299860709824,3.9236232363513124,5.475537777660318,4.6082634812342755,3.825102291240348,3.121449719101342,2.407140882385406,3.492591078839025,4.864029526433461,4.878565279333435,2.5907376042483534,2.7003080145996456,2.487807325791277,2.764268532212254,3.034972186642376,3.150378867290021,3.2056002302521605,2.9077795289944244,3.3806664451536053,2.8583446738706493,3.8538435681272833,2.7928608195514104,3.1509065313648668,2.9827754384512772,3.750205289731506,3.5817641870164354,3.937105743332632,3.866134996329317,3.580461087451851,5.958950729013473,5.853293095862197,2.8220868090204463,2.461844358275458,3.0815150417748955,2.8060818788025297,2.9620728070161153,2.68345952844267,3.4145818127439225,3.234475466354867,3.9586072189299246,2.771682625129801,2.8733264970743497,3.542945200923594,3.540155844938085,5.398559515148642,5.2158604714285515,3.030599387990022,3.341286528682047,3.5217284636157187,3.5037522850611555,3.579536476524632,3.9255775152522734,3.8248354989190805,4.350559329404561,3.1395057424998107,2.7387990862299243,3.0531743462571623,5.892372344721197,3.7328846755580796,3.388039312568649,3.3948740394770787,4.08488938906472,2.5413710068088746,5.941080507410724,6.332633368080132,5.7157810839852905,3.0965132729636493,2.779727861762051,3.1721771885951378,2.3607510602262325,2.396703677287529,2.871477399769187,2.5882515095858136,2.8031783473600265,3.5598812285649606,3.096001346250131,3.390381008375788
2016,4.691939751391753,3.101491613053969,3.2152327338559967,2.904290988816988,2.7800127970397344,2.8281950718698887,3.1028075963543746,3.474365375967976,3.4190559733834953,4.052574909284878,3.465314247269063,2.472797631755514,2.4775993990527336,2.7257591815336104,2.7342545974649637,2.5672723726112463,3.8717941154613857,3.7983381442464794,3.998411115836243,2.7525880150514204,2.68734961659554,5.635989396090617,4.057233393013358,4.301732835000554,5.171439212258292,4.960612402867546,2.9851833301327875,3.102314256244633,2.861692816281763,4.054976204626089,3.329849674483391,2.6828277233464712,2.800033004646536,3.0195121890199026,3.053266164506991,3.0052658454737475,4.462806121113847,4.440262943436474,4.320338992701626,3.8064928231735413,3.857610294598029,5.194525678275174,4.497198537882354,4.1850422624846715,3.439831922633735,3.118652046217444,4.186262900913311,5.087345603189725,3.268569957477789,3.202882106790943,2.413201904327397,2.5061381525467237,3.1988857682976692,2.7257428783087203,2.8796919298418473,2.7266212212952965,3.241492962586258,5.846545568680995,5.318208079360802,6.375784214300296,5.0973145131077775,5.269553384644226,3.742225844017789,3.841818808720257,2.2786942756423425,2.7830255361546734,3.61922492231516,4.424280096902616,4.047471062117581,4.354041299919568,6.007771616999427,5.158071711750855,4.260564831629245,3.2386995653720962,2.483909734339065,3.7550928312792773,5.378871344046402,5.258995943231246,2.6884637554017448,2.7934440934985667,2.5645340174864364,2.849558955715113,3.137252720187606,3.3241548879318707,3.3957076839320175,3.010059810929708,3.5082535335592793,3.0165801093874465,4.43155797941434,3.0160171732134495,3.387591519529806,3.161629154631426,4.265430497807738,3.8818930415242128,4.302727736822616,4.2897497561321725,3.9956689258882467,6.469081451574672,6.185820433203858,2.888999893775365,2.4750884570754637,3.256824625541386,2.917439347993968,3.0952058615440805,2.8452571982591244,3.711171521294738,3.5287677249195957,4.264950082960381,2.89950732706815,2.9992192665511035,3.7868685704469263,3.7977145426640067,5.551160405983316,5.663820154406557,3.2192089208103294,3.4293339993787497,3.8062740493871154,3.7611381161117103,3.73938504404371,4.303428037777717,4.42542549777485,4.997982485317935,3.291351287208308,2.822445271109049,3.129616484971773,6.5222981120446155,4.194243425505141,3.6382914520248915,3.6400143616287988,4.59206990172115,2.6348539013849535,6.350393644630352,6.892889321367868,5.887609404758204,3.2189428801036555,2.8623282941790547,3.3252084968873974,2.3933390845430935,2.427306852742925,2.9861920193646516,2.683543455178164,2.915256264341311,3.7524139962582934,3.412737726011157,3.471715295075161
2017,4.957582459314749,3.3267691829121073,3.3854074139412664,3.0881413204261148,2.941667440591786,2.9958843638545267,3.2467897071571303,3.672429802188035,3.647226701504841,4.286778889986161,3.633755013475369,2.536474978090918,2.5459405881753114,2.8128203808217376,2.8354286542203346,2.6267752305309613,4.092643694576272,3.9833471288598905,4.210509526956899,2.858738176783561,2.798964442587429,5.897602972306698,4.26887333391094,4.516415579188709,5.415835004990013,5.302101880453368,3.058875435057275,3.201129809683422,2.9271943225444237,4.311681896007533,3.4672092207405982,2.795520406428165,2.906055116678501,3.1253912773810097,3.167175067260649,3.0838877607870083,4.775424521407561,4.798200138741111,4.590493211528552,4.117842435853638,4.129718548169673,5.443753206350763,4.676873179201009,4.497770211047926,3.7215450700603263,3.2751642036025133,4.458995188299749,5.358491865729224,3.3756163801613432,3.3522759717735506,2.4446910098209087,2.589241941381151,3.305719999264087,2.7974586275921234,3.009249506851845,2.8268599752870407,3.420568673801486,6.182822341445604,5.464248025918448,6.659834932919112,5.30775134220514,5.447995971896979,3.9023963404668787,3.9893865766374317,2.352630050466326,2.857152670097237,3.821795052422984,4.582974650255855,4.225838684704041,4.5016161588516415,6.262037254088844,5.327628825267618,4.496709922332132,3.4060519976088837,2.6041702892118725,3.9794511395942203,5.558784299749682,5.417440042369674,2.7920403758076056,2.947649655287511,2.655534142616663,2.9451382159725155,3.245813244520132,3.5250179223556515,3.672667251854732,3.0849197137290214,3.5963079936769753,3.1552591841497066,4.776138942354106,3.25568624239073,3.645001775971195,3.3647484146456015,4.602230753925162,4.134085095671427,4.536723628860997,4.556826567677486,4.310247044019329,6.648607389348988,6.189690761382694,2.9511865191727815,2.545735614702443,3.454421733694946,3.0539953412473793,3.2286411983330865,3.043316570421241,3.9532074871202925,3.8381132026590428,4.399147010839213,3.0149190658784644,3.1865325120911403,4.059911588342115,4.0056055622299365,5.57158280770324,5.8905384331489925,3.4105906780484605,3.548106829404268,4.02980941713544,4.053757208219765,3.8615822984616583,4.467085930191005,4.721834057353202,5.371224995405373,3.4168938935878517,2.926364121924398,3.1847499193536097,6.751105055522323,4.511634913364342,3.853417093918282,3.8574201720818757,4.989521592474987,2.7495701366031544,6.415400514956909,7.061744062877686,5.756693610228592,3.316392530026304,2.935029622457181,3.4599147935893093,2.407463971184755,2.4454085440556668,3.1256553660412556,2.756115296227981,3.043568603086195,3.907092268597505,3.5983856496702966,3.617419860336317
2018,5.0033255269966395,3.512118112673236,3.535040264787447,3.2452989257613027,3.1395828774107146,3.1431025903916523,3.3812023369458175,3.831766155195724,3.8343182754415213,4.4397918489854575,3.8016231896926063,2.6412194383602148,2.635069638937785,2.8647424938299295,2.949932192631444,2.6846477142075758,4.230734058516625,4.13382505938034,4.2970444476399985,3.0296120498115453,2.8886035122563793,6.041159815077336,4.447417831119429,4.635165375961923,5.426365970389923,5.5205362243590645,3.1379963842116414,3.2395463658368473,2.988286215617616,4.437110228705426,3.648017037068234,2.8953621638818303,3.031930845374758,3.225370280666889,3.3018123613430186,3.178982055653394,4.930572478385613,4.9471720620328155,4.676123462974155,4.259559452395806,4.289133156194551,5.430728670831271,4.702886445268603,4.73181583861879,3.9504275525155284,3.3820046854122325,4.58978876672145,5.435510394231794,3.5220444318673225,3.51576215237275,2.495112993784339,2.567218619097786,3.414010434765164,2.8961679826181834,3.1117769013490397,2.933958992619395,3.5653235544367767,6.315747178363752,5.409650354685875,6.669829939683963,5.381120010294181,5.427934472075684,4.063284389584414,4.169337159309393,2.4135420843808397,2.9147869225931617,3.999005283601013,4.594450666891915,4.25099192324016,4.512787715392711,6.1428896416890755,5.3165558168109905,4.522024000973403,3.588516673577136,2.6666683559812436,4.139288362002306,5.521973945344636,5.363732136734743,2.885366311927459,3.057360724221665,2.7536468415408843,3.0454952942503524,3.4099557487488132,3.7011175211769327,3.929656320158569,3.2238381877586297,3.7077471865487834,3.2909357931178,4.89915075192784,3.4434455238988813,3.8956532960908206,3.5625300073262887,4.739636909185832,4.27200404727495,4.645316374596879,4.6805536583108776,4.435530065563161,6.532021661682481,6.020497050453212,3.016914110449458,2.5739267148060847,3.6286792046315823,3.207045889059437,3.389113995896869,3.2225466871936654,4.107740975627056,4.080712500650604,4.438250649014316,3.2321135006584902,3.450228398121192,4.229655518403654,4.178303727575124,5.307440336013408,5.756713036863113,3.6746226728404605,3.6508519153172436,4.1778613368493245,4.1991264671929915,4.005190575949987,4.5219964568656845,4.8976077336411725,5.4957385301173245,3.6027351894526327,3.03271628845972,3.3347388212439486,6.755715102188749,4.640623070438385,3.9860481780245727,3.9740197733895024,5.219758863865028,2.8546130820631936,6.275777777706325,6.967008371744648,5.641925078280514,3.447602670901745,3.0491345923650908,3.604362537097768,2.392417929797437,2.472401123102553,3.276923134490444,2.8587681530272695,3.202910524631497,4.030864590268373,3.6839600167031774,3.781948406031079
2019,4.97331314677166,3.6499474195722375,3.636983412674547,3.403864735085496,3.2294995638312063,3.2723422653400287,3.487716743980341,3.8798296696886827,3.8841113657125974,4.504423575033411,3.870023921190098,2.70656111211879,2.7408181298581993,2.9195520638728136,3.0392612744992364,2.77038406875975,4.320695610959386,4.177799497630702,4.318509964825135,3.1678314319440504,3.015685968615285,5.960794923709977,4.488457695510586,4.653684319257712,5.380324181406169,5.616647904186569,3.185424860911769,3.318044562763123,3.016798745216408,4.446739676280709,3.7516586541176418,3.0366912833632664,3.205517159972177,3.3281178559044235,3.4099321016525486,3.2611349799391287,4.9369217004666135,5.033594157132589,4.670273809845981,4.284637350473605,4.348815934332466,5.365731595741237,4.670410804068926,4.8212947517750475,4.074581055640907,3.4736784716449622,4.625848544818181,5.429381498368058,3.647101175813105,3.650552435414277,2.501120774546631,2.6160146756992138,3.477586312972239,3.0047211624951626,3.2193878827754037,3.020899057236958,3.6629399747121494,6.2739932307435256,5.296651714842344,6.662714485193104,5.275678196785813,5.339706473706401,4.126488306102881,4.280761025451803,2.4538839159182295,2.9810979456575915,4.07751074434864,4.555633247104659,4.188920171388942,4.427535191954806,5.938272470037327,5.2685469980054425,4.431307441835453,3.665173202324626,2.741800828886317,4.205206451878749,5.46987726990572,5.304863207578402,3.00344578835412,3.118627919819753,2.844913583775696,3.1137995214239997,3.5063089710797013,3.8265139749479062,4.080196573326052,3.3509236749760847,3.868493241037291,3.3975060397622103,4.784243926515903,3.6065651350397196,4.095037339043118,3.7237580949369393,4.766741683473454,4.305465491004093,4.657096098516647,4.644539811633806,4.424770956030419,6.41656323560371,5.840508089214865,3.0628506866202754,2.5900851071073907,3.7671258825719813,3.317399423066513,3.4964239512784068,3.3526445483681457,4.155533830892067,4.140170382861955,4.379906304151197,3.3856813807096415,3.642969478054077,4.338683358901145,4.261240622185756,5.22847203288729,5.635999703892025,3.713142694712054,3.711288404528619,4.196722568477041,4.2501413675846935,4.14698681592619,4.478203495111563,4.925948589309784,5.485300434311125,3.700423923677445,3.124783906970228,3.453133552726636,6.762198788001234,4.574515611945443,3.992123366767555,4.01585884060305,5.317296012632739,2.9526271035233713,6.280219497818367,6.94209922235562,5.536422024502477,3.5248798368276617,3.112535464229042,3.6847421271350442,2.437037898528405,2.489631481248231,3.3833176343849076,2.9600520095248837,3.3560873281738877,4.177499710330885,3.680267896775497,3.9609002355115708
2020,5.036122021947775,3.7528268689410087,3.709908147608755,3.5255558882843507,3.3571140864855633,3.3729063990242154,3.5775937885655744,3.938513937859498,3.959353528923677,4.585037894185255,3.963277213539268,2.794760905171618,2.7253242565626543,2.961929482547548,3.1067440089033243,2.8062707379640086,4.377705086013715,4.23548758776962,4.365392238422095,3.2586702408721795,3.1273761874970476,6.140327273887725,4.527690996934236,4.693367129481364,5.472755651291888,5.78814387660899,3.2590684342960903,3.338390641560781,3.0741484839340347,4.473227593367209,3.879149940951458,3.1302489876295247,3.337609720221236,3.409926205222282,3.448624520984405,3.3243020643243795,4.981498160937249,5.107925603555482,4.710870836833489,4.320956905167433,4.390524805738271,5.426776550108246,4.714515623422513,4.936756588374129,4.074470598024026,3.5327487845530103,4.674922207082651,5.512458165859699,3.6971714488342995,3.7640157895663715,2.5753064107299934,2.6524009716349437,3.5517814535982706,3.0687565289431555,3.279729670287868,3.0887763469960605,3.7295180126238754,6.451644978675766,5.360331877647819,6.805580972064229,5.287428181032894,5.434227849571471,4.194453781601867,4.362670073823979,2.464929113569279,3.0405201688657306,4.142623497242764,4.57216669751303,4.246763563816183,4.4280160182340635,6.034754026210096,5.313721048689818,4.483139264052927,3.726084330188799,2.7894051325496556,4.262544679865658,5.547240655002458,5.418734726211118,3.111790690108166,3.209584621069883,2.938038596188028,3.1448228538538205,3.595561783416678,3.9313590712122557,4.226394162009019,3.437238066431388,3.914497195096884,3.5128526465914196,4.802269769324159,3.7537081143743314,4.250340044226491,3.8492940065114847,4.8110749465096125,4.2919409084602105,4.752722897739115,4.632875269819278,4.420584671238676,6.546734826103107,5.983627947562879,3.09583652454313,2.650718567185036,3.9532630500156327,3.4379308334724725,3.6195730273436597,3.4906243347741808,4.189317374576595,4.189305423785763,4.4141448266550976,3.5077224620374423,3.7539932437694734,4.457294828986649,4.348156119958892,5.328419179722585,5.719219434324823,3.769242944580126,3.798228188983173,4.25656709250933,4.302998239750313,4.174940281860728,4.5313799752415544,4.919317955041528,5.538242636052497,3.7824973347712705,3.2367056304290642,3.557376334245145,6.877474665144328,4.583925414396907,4.0161678201825985,4.03216567815256,5.3886032100662975,2.9925102106133985,6.482498791453249,7.036880185054345,5.616810821207726,3.5920467196540065,3.196406922073205,3.7691629709219963,2.4655532947884478,2.5058668312327446,3.470061736095043,3.032075754903755,3.4315131159934165,4.286610893605665,3.7190736548721777,4.070185086042702
