[
  {
    "Date": "1995-02-01",
    "England and Wales": 1.0102
  },
  {
    "Date": "1995-03-01",
    "England and Wales": 1.0135
  },
  {
    "Date": "1995-04-01",
    "England and Wales": 1.0093
  },
  {
    "Date": "1995-05-01",
    "England and Wales": 1.0124
  },
  {
    "Date": "1995-06-01",
    "England and Wales": 1.0196
  },
  {
    "Date": "1995-07-01",
    "England and Wales": 1.0062
  },
  {
    "Date": "1995-08-01",
    "England and Wales": 1.0069
  },
  {
    "Date": "1995-09-01",
    "England and Wales": 1.0147
  },
  {
    "Date": "1995-10-01",
    "England and Wales": 1.0126
  },
  {
    "Date": "1995-11-01",
    "England and Wales": 1.0177
  },
  {
    "Date": "1995-12-01",
    "England and Wales": 1.0254
  },
  {
    "Date": "1996-01-01",
    "England and Wales": 1.0106
  },
  {
    "Date": "1996-02-01",
    "England and Wales": 1.0188
  },
  {
    "Date": "1996-03-01",
    "England and Wales": 1.0229
  },
  {
    "Date": "1996-04-01",
    "England and Wales": 1.0207
  },
  {
    "Date": "1996-05-01",
    "England and Wales": 1.0274
  },
  {
    "Date": "1996-06-01",
    "England and Wales": 1.0367
  },
  {
    "Date": "1996-07-01",
    "England and Wales": 1.0295
  },
  {
    "Date": "1996-08-01",
    "England and Wales": 1.0355
  },
  {
    "Date": "1996-09-01",
    "England and Wales": 1.0452
  },
  {
    "Date": "1996-10-01",
    "England and Wales": 1.0489
  },
  {
    "Date": "1996-11-01",
    "England and Wales": 1.0574
  },
  {
    "Date": "1996-12-01",
    "England and Wales": 1.0635
  },
  {
    "Date": "1997-01-01",
    "England and Wales": 1.0628
  },
  {
    "Date": "1997-02-01",
    "England and Wales": 1.0715
  },
  {
    "Date": "1997-03-01",
    "England and Wales": 1.0848
  },
  {
    "Date": "1997-04-01",
    "England and Wales": 1.0868
  },
  {
    "Date": "1997-05-01",
    "England and Wales": 1.0988
  },
  {
    "Date": "1997-06-01",
    "England and Wales": 1.1108
  },
  {
    "Date": "1997-07-01",
    "England and Wales": 1.1121
  },
  {
    "Date": "1997-08-01",
    "England and Wales": 1.1245
  },
  {
    "Date": "1997-09-01",
    "England and Wales": 1.1344
  },
  {
    "Date": "1997-10-01",
    "England and Wales": 1.1428
  },
  {
    "Date": "1997-11-01",
    "England and Wales": 1.1509
  },
  {
    "Date": "1997-12-01",
    "England and Wales": 1.1618
  },
  {
    "Date": "1998-01-01",
    "England and Wales": 1.1612
  },
  {
    "Date": "1998-02-01",
    "England and Wales": 1.1714
  },
  {
    "Date": "1998-03-01",
    "England and Wales": 1.1792
  },
  {
    "Date": "1998-04-01",
    "England and Wales": 1.1873
  },
  {
    "Date": "1998-05-01",
    "England and Wales": 1.1973
  },
  {
    "Date": "1998-06-01",
    "England and Wales": 1.2069
  },
  {
    "Date": "1998-07-01",
    "England and Wales": 1.212
  },
  {
    "Date": "1998-08-01",
    "England and Wales": 1.22
  },
  {
    "Date": "1998-09-01",
    "England and Wales": 1.2266
  },
  {
    "Date": "1998-10-01",
    "England and Wales": 1.2333
  },
  {
    "Date": "1998-11-01",
    "England and Wales": 1.2398
  },
  {
    "Date": "1998-12-01",
    "England and Wales": 1.2496
  },
  {
    "Date": "1999-01-01",
    "England and Wales": 1.2453
  },
  {
    "Date": "1999-02-01",
    "England and Wales": 1.2532
  },
  {
    "Date": "1999-03-01",
    "England and Wales": 1.2621
  },
  {
    "Date": "1999-04-01",
    "England and Wales": 1.274
  },
  {
    "Date": "1999-05-01",
    "England and Wales": 1.285
  },
  {
    "Date": "1999-06-01",
    "England and Wales": 1.2993
  },
  {
    "Date": "1999-07-01",
    "England and Wales": 1.3093
  },
  {
    "Date": "1999-08-01",
    "England and Wales": 1.3276
  },
  {
    "Date": "1999-09-01",
    "England and Wales": 1.3409
  },
  {
    "Date": "1999-10-01",
    "England and Wales": 1.357
  },
  {
    "Date": "1999-11-01",
    "England and Wales": 1.3732
  },
  {
    "Date": "1999-12-01",
    "England and Wales": 1.3934
  },
  {
    "Date": "2000-01-01",
    "England and Wales": 1.4
  },
  {
    "Date": "2000-02-01",
    "England and Wales": 1.4135
  },
  {
    "Date": "2000-03-01",
    "England and Wales": 1.4323
  },
  {
    "Date": "2000-04-01",
    "England and Wales": 1.4519
  },
  {
    "Date": "2000-05-01",
    "England and Wales": 1.4669
  },
  {
    "Date": "2000-06-01",
    "England and Wales": 1.4878
  },
  {
    "Date": "2000-07-01",
    "England and Wales": 1.4969
  },
  {
    "Date": "2000-08-01",
    "England and Wales": 1.5116
  },
  {
    "Date": "2000-09-01",
    "England and Wales": 1.5145
  },
  {
    "Date": "2000-10-01",
    "England and Wales": 1.5228
  },
  {
    "Date": "2000-11-01",
    "England and Wales": 1.5294
  },
  {
    "Date": "2000-12-01",
    "England and Wales": 1.5483
  },
  {
    "Date": "2001-01-01",
    "England and Wales": 1.5496
  },
  {
    "Date": "2001-02-01",
    "England and Wales": 1.5614
  },
  {
    "Date": "2001-03-01",
    "England and Wales": 1.5732
  },
  {
    "Date": "2001-04-01",
    "England and Wales": 1.5958
  },
  {
    "Date": "2001-05-01",
    "England and Wales": 1.6159
  },
  {
    "Date": "2001-06-01",
    "England and Wales": 1.6371
  },
  {
    "Date": "2001-07-01",
    "England and Wales": 1.6525
  },
  {
    "Date": "2001-08-01",
    "England and Wales": 1.6731
  },
  {
    "Date": "2001-09-01",
    "England and Wales": 1.6907
  },
  {
    "Date": "2001-10-01",
    "England and Wales": 1.7018
  },
  {
    "Date": "2001-11-01",
    "England and Wales": 1.7134
  },
  {
    "Date": "2001-12-01",
    "England and Wales": 1.7408
  },
  {
    "Date": "2002-01-01",
    "England and Wales": 1.7402
  },
  {
    "Date": "2002-02-01",
    "England and Wales": 1.756
  },
  {
    "Date": "2002-03-01",
    "England and Wales": 1.7807
  },
  {
    "Date": "2002-04-01",
    "England and Wales": 1.8146
  },
  {
    "Date": "2002-05-01",
    "England and Wales": 1.85
  },
  {
    "Date": "2002-06-01",
    "England and Wales": 1.9003
  },
  {
    "Date": "2002-07-01",
    "England and Wales": 1.9283
  },
  {
    "Date": "2002-08-01",
    "England and Wales": 1.9702
  },
  {
    "Date": "2002-09-01",
    "England and Wales": 1.9989
  },
  {
    "Date": "2002-10-01",
    "England and Wales": 2.027
  },
  {
    "Date": "2002-11-01",
    "England and Wales": 2.0564
  },
  {
    "Date": "2002-12-01",
    "England and Wales": 2.0967
  },
  {
    "Date": "2003-01-01",
    "England and Wales": 2.1038
  },
  {
    "Date": "2003-02-01",
    "England and Wales": 2.129
  },
  {
    "Date": "2003-03-01",
    "England and Wales": 2.1443
  },
  {
    "Date": "2003-04-01",
    "England and Wales": 2.1706
  },
  {
    "Date": "2003-05-01",
    "England and Wales": 2.1951
  },
  {
    "Date": "2003-06-01",
    "England and Wales": 2.226
  },
  {
    "Date": "2003-07-01",
    "England and Wales": 2.2359
  },
  {
    "Date": "2003-08-01",
    "England and Wales": 2.2582
  },
  {
    "Date": "2003-09-01",
    "England and Wales": 2.2753
  },
  {
    "Date": "2003-10-01",
    "England and Wales": 2.2941
  },
  {
    "Date": "2003-11-01",
    "England and Wales": 2.3238
  },
  {
    "Date": "2003-12-01",
    "England and Wales": 2.3582
  },
  {
    "Date": "2004-01-01",
    "England and Wales": 2.3581
  },
  {
    "Date": "2004-02-01",
    "England and Wales": 2.3818
  },
  {
    "Date": "2004-03-01",
    "England and Wales": 2.4054
  },
  {
    "Date": "2004-04-01",
    "England and Wales": 2.4503
  },
  {
    "Date": "2004-05-01",
    "England and Wales": 2.4904
  },
  {
    "Date": "2004-06-01",
    "England and Wales": 2.5309
  },
  {
    "Date": "2004-07-01",
    "England and Wales": 2.5534
  },
  {
    "Date": "2004-08-01",
    "England and Wales": 2.5834
  },
  {
    "Date": "2004-09-01",
    "England and Wales": 2.598
  },
  {
    "Date": "2004-10-01",
    "England and Wales": 2.6121
  },
  {
    "Date": "2004-11-01",
    "England and Wales": 2.6267
  },
  {
    "Date": "2004-12-01",
    "England and Wales": 2.6365
  },
  {
    "Date": "2005-01-01",
    "England and Wales": 2.6075
  },
  {
    "Date": "2005-02-01",
    "England and Wales": 2.6211
  },
  {
    "Date": "2005-03-01",
    "England and Wales": 2.6357
  },
  {
    "Date": "2005-04-01",
    "England and Wales": 2.6532
  },
  {
    "Date": "2005-05-01",
    "England and Wales": 2.6689
  },
  {
    "Date": "2005-06-01",
    "England and Wales": 2.6854
  },
  {
    "Date": "2005-07-01",
    "England and Wales": 2.6847
  },
  {
    "Date": "2005-08-01",
    "England and Wales": 2.6916
  },
  {
    "Date": "2005-09-01",
    "England and Wales": 2.6973
  },
  {
    "Date": "2005-10-01",
    "England and Wales": 2.7092
  },
  {
    "Date": "2005-11-01",
    "England and Wales": 2.7205
  },
  {
    "Date": "2005-12-01",
    "England and Wales": 2.7407
  },
  {
    "Date": "2006-01-01",
    "England and Wales": 2.7253
  },
  {
    "Date": "2006-02-01",
    "England and Wales": 2.746
  },
  {
    "Date": "2006-03-01",
    "England and Wales": 2.7713
  },
  {
    "Date": "2006-04-01",
    "England and Wales": 2.7918
  },
  {
    "Date": "2006-05-01",
    "England and Wales": 2.8148
  },
  {
    "Date": "2006-06-01",
    "England and Wales": 2.8453
  },
  {
    "Date": "2006-07-01",
    "England and Wales": 2.8452
  },
  {
    "Date": "2006-08-01",
    "England and Wales": 2.8639
  },
  {
    "Date": "2006-09-01",
    "England and Wales": 2.8913
  },
  {
    "Date": "2006-10-01",
    "England and Wales": 2.9088
  },
  {
    "Date": "2006-11-01",
    "England and Wales": 2.9345
  },
  {
    "Date": "2006-12-01",
    "England and Wales": 2.9685
  },
  {
    "Date": "2007-01-01",
    "England and Wales": 2.9552
  },
  {
    "Date": "2007-02-01",
    "England and Wales": 2.9762
  },
  {
    "Date": "2007-03-01",
    "England and Wales": 3.0072
  },
  {
    "Date": "2007-04-01",
    "England and Wales": 3.0362
  },
  {
    "Date": "2007-05-01",
    "England and Wales": 3.0594
  },
  {
    "Date": "2007-06-01",
    "England and Wales": 3.0912
  },
  {
    "Date": "2007-07-01",
    "England and Wales": 3.1001
  },
  {
    "Date": "2007-08-01",
    "England and Wales": 3.1204
  },
  {
    "Date": "2007-09-01",
    "England and Wales": 3.1337
  },
  {
    "Date": "2007-10-01",
    "England and Wales": 3.1403
  },
  {
    "Date": "2007-11-01",
    "England and Wales": 3.15
  },
  {
    "Date": "2007-12-01",
    "England and Wales": 3.1572
  },
  {
    "Date": "2008-01-01",
    "England and Wales": 3.121
  },
  {
    "Date": "2008-02-01",
    "England and Wales": 3.1231
  },
  {
    "Date": "2008-03-01",
    "England and Wales": 3.1092
  },
  {
    "Date": "2008-04-01",
    "England and Wales": 3.1139
  },
  {
    "Date": "2008-05-01",
    "England and Wales": 3.1205
  },
  {
    "Date": "2008-06-01",
    "England and Wales": 3.0969
  },
  {
    "Date": "2008-07-01",
    "England and Wales": 3.0508
  },
  {
    "Date": "2008-08-01",
    "England and Wales": 3.0053
  },
  {
    "Date": "2008-09-01",
    "England and Wales": 2.9592
  },
  {
    "Date": "2008-10-01",
    "England and Wales": 2.9056
  },
  {
    "Date": "2008-11-01",
    "England and Wales": 2.8577
  },
  {
    "Date": "2008-12-01",
    "England and Wales": 2.816
  },
  {
    "Date": "2009-01-01",
    "England and Wales": 2.7742
  },
  {
    "Date": "2009-02-01",
    "England and Wales": 2.7474
  },
  {
    "Date": "2009-03-01",
    "England and Wales": 2.736
  },
  {
    "Date": "2009-04-01",
    "England and Wales": 2.738
  },
  {
    "Date": "2009-05-01",
    "England and Wales": 2.7525
  },
  {
    "Date": "2009-06-01",
    "England and Wales": 2.7686
  },
  {
    "Date": "2009-07-01",
    "England and Wales": 2.7908
  },
  {
    "Date": "2009-08-01",
    "England and Wales": 2.8118
  },
  {
    "Date": "2009-09-01",
    "England and Wales": 2.8388
  },
  {
    "Date": "2009-10-01",
    "England and Wales": 2.858
  },
  {
    "Date": "2009-11-01",
    "England and Wales": 2.8796
  },
  {
    "Date": "2009-12-01",
    "England and Wales": 2.8968
  },
  {
    "Date": "2010-01-01",
    "England and Wales": 2.9002
  },
  {
    "Date": "2010-02-01",
    "England and Wales": 2.9116
  },
  {
    "Date": "2010-03-01",
    "England and Wales": 2.9236
  },
  {
    "Date": "2010-04-01",
    "England and Wales": 2.9423
  },
  {
    "Date": "2010-05-01",
    "England and Wales": 2.9487
  },
  {
    "Date": "2010-06-01",
    "England and Wales": 2.9701
  },
  {
    "Date": "2010-07-01",
    "England and Wales": 2.9752
  },
  {
    "Date": "2010-08-01",
    "England and Wales": 2.9784
  },
  {
    "Date": "2010-09-01",
    "England and Wales": 2.9812
  },
  {
    "Date": "2010-10-01",
    "England and Wales": 2.9646
  },
  {
    "Date": "2010-11-01",
    "England and Wales": 2.9501
  },
  {
    "Date": "2010-12-01",
    "England and Wales": 2.9396
  },
  {
    "Date": "2011-01-01",
    "England and Wales": 2.9208
  },
  {
    "Date": "2011-02-01",
    "England and Wales": 2.9116
  },
  {
    "Date": "2011-03-01",
    "England and Wales": 2.9118
  },
  {
    "Date": "2011-04-01",
    "England and Wales": 2.9246
  },
  {
    "Date": "2011-05-01",
    "England and Wales": 2.9245
  },
  {
    "Date": "2011-06-01",
    "England and Wales": 2.9324
  },
  {
    "Date": "2011-07-01",
    "England and Wales": 2.9423
  },
  {
    "Date": "2011-08-01",
    "England and Wales": 2.9451
  },
  {
    "Date": "2011-09-01",
    "England and Wales": 2.938
  },
  {
    "Date": "2011-10-01",
    "England and Wales": 2.9315
  },
  {
    "Date": "2011-11-01",
    "England and Wales": 2.9324
  },
  {
    "Date": "2011-12-01",
    "England and Wales": 2.9321
  },
  {
    "Date": "2012-01-01",
    "England and Wales": 2.9231
  },
  {
    "Date": "2012-02-01",
    "England and Wales": 2.918
  },
  {
    "Date": "2012-03-01",
    "England and Wales": 2.9197
  },
  {
    "Date": "2012-04-01",
    "England and Wales": 2.951
  },
  {
    "Date": "2012-05-01",
    "England and Wales": 2.9612
  },
  {
    "Date": "2012-06-01",
    "England and Wales": 2.9762
  },
  {
    "Date": "2012-07-01",
    "England and Wales": 2.9753
  },
  {
    "Date": "2012-08-01",
    "England and Wales": 2.9851
  },
  {
    "Date": "2012-09-01",
    "England and Wales": 2.9805
  },
  {
    "Date": "2012-10-01",
    "England and Wales": 2.971
  },
  {
    "Date": "2012-11-01",
    "England and Wales": 2.9747
  },
  {
    "Date": "2012-12-01",
    "England and Wales": 2.9793
  },
  {
    "Date": "2013-01-01",
    "England and Wales": 2.97
  },
  {
    "Date": "2013-02-01",
    "England and Wales": 2.9743
  },
  {
    "Date": "2013-03-01",
    "England and Wales": 2.9789
  },
  {
    "Date": "2013-04-01",
    "England and Wales": 3.0011
  },
  {
    "Date": "2013-05-01",
    "England and Wales": 3.013
  },
  {
    "Date": "2013-06-01",
    "England and Wales": 3.0343
  },
  {
    "Date": "2013-07-01",
    "England and Wales": 3.0485
  },
  {
    "Date": "2013-08-01",
    "England and Wales": 3.063
  },
  {
    "Date": "2013-09-01",
    "England and Wales": 3.0845
  },
  {
    "Date": "2013-10-01",
    "England and Wales": 3.09
  },
  {
    "Date": "2013-11-01",
    "England and Wales": 3.0982
  },
  {
    "Date": "2013-12-01",
    "England and Wales": 3.1255
  },
  {
    "Date": "2014-01-01",
    "England and Wales": 3.1291
  },
  {
    "Date": "2014-02-01",
    "England and Wales": 3.1434
  },
  {
    "Date": "2014-03-01",
    "England and Wales": 3.1595
  },
  {
    "Date": "2014-04-01",
    "England and Wales": 3.199
  },
  {
    "Date": "2014-05-01",
    "England and Wales": 3.225
  },
  {
    "Date": "2014-06-01",
    "England and Wales": 3.2514
  },
  {
    "Date": "2014-07-01",
    "England and Wales": 3.2838
  },
  {
    "Date": "2014-08-01",
    "England and Wales": 3.3141
  },
  {
    "Date": "2014-09-01",
    "England and Wales": 3.3239
  },
  {
    "Date": "2014-10-01",
    "England and Wales": 3.3221
  },
  {
    "Date": "2014-11-01",
    "England and Wales": 3.3282
  },
  {
    "Date": "2014-12-01",
    "England and Wales": 3.3397
  },
  {
    "Date": "2015-01-01",
    "England and Wales": 3.3484
  },
  {
    "Date": "2015-02-01",
    "England and Wales": 3.3517
  },
  {
    "Date": "2015-03-01",
    "England and Wales": 3.3511
  },
  {
    "Date": "2015-04-01",
    "England and Wales": 3.3852
  },
  {
    "Date": "2015-05-01",
    "England and Wales": 3.3954
  },
  {
    "Date": "2015-06-01",
    "England and Wales": 3.4275
  },
  {
    "Date": "2015-07-01",
    "England and Wales": 3.4599
  },
  {
    "Date": "2015-08-01",
    "England and Wales": 3.4873
  },
  {
    "Date": "2015-09-01",
    "England and Wales": 3.5068
  },
  {
    "Date": "2015-10-01",
    "England and Wales": 3.5151
  },
  {
    "Date": "2015-11-01",
    "England and Wales": 3.5241
  },
  {
    "Date": "2015-12-01",
    "England and Wales": 3.5399
  },
  {
    "Date": "2016-01-01",
    "England and Wales": 3.5679
  },
  {
    "Date": "2016-02-01",
    "England and Wales": 3.5792
  },
  {
    "Date": "2016-03-01",
    "England and Wales": 3.5981
  },
  {
    "Date": "2016-04-01",
    "England and Wales": 3.6034
  },
  {
    "Date": "2016-05-01",
    "England and Wales": 3.6442
  },
  {
    "Date": "2016-06-01",
    "England and Wales": 3.6684
  },
  {
    "Date": "2016-07-01",
    "England and Wales": 3.702
  },
  {
    "Date": "2016-08-01",
    "England and Wales": 3.7103
  },
  {
    "Date": "2016-09-01",
    "England and Wales": 3.7157
  },
  {
    "Date": "2016-10-01",
    "England and Wales": 3.7079
  },
  {
    "Date": "2016-11-01",
    "England and Wales": 3.7077
  },
  {
    "Date": "2016-12-01",
    "England and Wales": 3.7217
  },
  {
    "Date": "2017-01-01",
    "England and Wales": 3.7456
  },
  {
    "Date": "2017-02-01",
    "England and Wales": 3.7437
  },
  {
    "Date": "2017-03-01",
    "England and Wales": 3.7444
  },
  {
    "Date": "2017-04-01",
    "England and Wales": 3.7787
  },
  {
    "Date": "2017-05-01",
    "England and Wales": 3.8025
  },
  {
    "Date": "2017-06-01",
    "England and Wales": 3.8155
  },
  {
    "Date": "2017-07-01",
    "England and Wales": 3.8567
  },
  {
    "Date": "2017-08-01",
    "England and Wales": 3.8869
  },
  {
    "Date": "2017-09-01",
    "England and Wales": 3.8762
  },
  {
    "Date": "2017-10-01",
    "England and Wales": 3.8778
  },
  {
    "Date": "2017-11-01",
    "England and Wales": 3.8778
  },
  {
    "Date": "2017-12-01",
    "England and Wales": 3.887
  },
  {
    "Date": "2018-01-01",
    "England and Wales": 3.8974
  },
  {
    "Date": "2018-02-01",
    "England and Wales": 3.8925
  },
  {
    "Date": "2018-03-01",
    "England and Wales": 3.8916
  },
  {
    "Date": "2018-04-01",
    "England and Wales": 3.9054
  },
  {
    "Date": "2018-05-01",
    "England and Wales": 3.9281
  },
  {
    "Date": "2018-06-01",
    "England and Wales": 3.9465
  },
  {
    "Date": "2018-07-01",
    "England and Wales": 3.9811
  },
  {
    "Date": "2018-08-01",
    "England and Wales": 3.9964
  },
  {
    "Date": "2018-09-01",
    "England and Wales": 3.9967
  },
  {
    "Date": "2018-10-01",
    "England and Wales": 3.9789
  },
  {
    "Date": "2018-11-01",
    "England and Wales": 3.9852
  },
  {
    "Date": "2018-12-01",
    "England and Wales": 3.974
  },
  {
    "Date": "2019-01-01",
    "England and Wales": 3.9682
  },
  {
    "Date": "2019-02-01",
    "England and Wales": 3.9528
  },
  {
    "Date": "2019-03-01",
    "England and Wales": 3.9485
  },
  {
    "Date": "2019-04-01",
    "England and Wales": 3.9693
  },
  {
    "Date": "2019-05-01",
    "England and Wales": 3.983
  },
  {
    "Date": "2019-06-01",
    "England and Wales": 4.0018
  },
  {
    "Date": "2019-07-01",
    "England and Wales": 4.0355
  },
  {
    "Date": "2019-08-01",
    "England and Wales": 4.0558
  },
  {
    "Date": "2019-09-01",
    "England and Wales": 4.0539
  },
  {
    "Date": "2019-10-01",
    "England and Wales": 4.0599
  }
]
