[
  {
    "Date": "1995-02-01",
    "UKH": 1.0166,
    "UKG": 1.009,
    "UKK": 1.012,
    "UKD": 1.0139,
    "UKE": 1.0083,
    "UKJ": 1.0024,
    "UKI": 1.0053,
    "UKC": 0.9895,
    "UKL": 0.9895,
    "UKF": 0.9943
  },
  {
    "Date": "1995-03-01",
    "UKH": 1.0183,
    "UKG": 1.0052,
    "UKK": 1.0087,
    "UKD": 1.0156,
    "UKE": 1.009,
    "UKJ": 1.0037,
    "UKI": 1.019,
    "UKC": 1.0021,
    "UKL": 0.9958,
    "UKF": 0.9984
  },
  {
    "Date": "1995-04-01",
    "UKH": 1.0138,
    "UKG": 0.9942,
    "UKK": 1.0085,
    "UKD": 1.0117,
    "UKE": 1.0112,
    "UKJ": 1.0046,
    "UKI": 1.0167,
    "UKC": 1.0042,
    "UKL": 0.9893,
    "UKF": 0.9994
  },
  {
    "Date": "1995-05-01",
    "UKH": 1.0186,
    "UKG": 1.0035,
    "UKK": 1.0091,
    "UKD": 1.0158,
    "UKE": 1.002,
    "UKJ": 1.0051,
    "UKI": 1.0229,
    "UKC": 1.0048,
    "UKL": 0.9991,
    "UKF": 0.9982
  },
  {
    "Date": "1995-06-01",
    "UKH": 1.0173,
    "UKG": 1.0129,
    "UKK": 1.0191,
    "UKD": 1.013,
    "UKE": 1.0073,
    "UKJ": 1.0142,
    "UKI": 1.0316,
    "UKC": 0.9999,
    "UKL": 0.9977,
    "UKF": 1.0083
  },
  {
    "Date": "1995-07-01",
    "UKH": 1.0155,
    "UKG": 1.0011,
    "UKK": 1.0034,
    "UKD": 0.9994,
    "UKE": 1.0032,
    "UKJ": 1.0047,
    "UKI": 1.0264,
    "UKC": 0.9927,
    "UKL": 0.9872,
    "UKF": 0.9975
  },
  {
    "Date": "1995-08-01",
    "UKH": 1.0136,
    "UKG": 0.9951,
    "UKK": 1.0074,
    "UKD": 1.0019,
    "UKE": 0.9962,
    "UKJ": 1.0086,
    "UKI": 1.0279,
    "UKC": 0.9886,
    "UKL": 0.9906,
    "UKF": 0.9901
  },
  {
    "Date": "1995-09-01",
    "UKH": 1.0146,
    "UKG": 0.9956,
    "UKK": 1.0097,
    "UKD": 1.005,
    "UKE": 1.0021,
    "UKJ": 1.0084,
    "UKI": 1.028,
    "UKC": 0.9925,
    "UKL": 0.9978,
    "UKF": 1.0037
  },
  {
    "Date": "1995-10-01",
    "UKH": 1.0106,
    "UKG": 1.007,
    "UKK": 1.003,
    "UKD": 0.9947,
    "UKE": 1.0023,
    "UKJ": 1.0092,
    "UKI": 1.0378,
    "UKC": 0.9944,
    "UKL": 0.9793,
    "UKF": 0.9907
  },
  {
    "Date": "1995-11-01",
    "UKH": 1.0224,
    "UKG": 1.0058,
    "UKK": 1.0058,
    "UKD": 1.0029,
    "UKE": 1.0032,
    "UKJ": 1.0131,
    "UKI": 1.0336,
    "UKC": 0.9945,
    "UKL": 1.0001,
    "UKF": 0.9977
  },
  {
    "Date": "1995-12-01",
    "UKH": 1.024,
    "UKG": 1.0123,
    "UKK": 1.0154,
    "UKD": 1.0084,
    "UKE": 1.0056,
    "UKJ": 1.0189,
    "UKI": 1.046,
    "UKC": 1.0056,
    "UKL": 0.9914,
    "UKF": 0.9989
  },
  {
    "Date": "1996-01-01",
    "UKH": 1.01,
    "UKG": 0.9956,
    "UKK": 1.01,
    "UKD": 0.9926,
    "UKE": 0.9893,
    "UKJ": 1.0135,
    "UKI": 1.0462,
    "UKC": 0.9912,
    "UKL": 0.9894,
    "UKF": 0.9953
  },
  {
    "Date": "1996-02-01",
    "UKH": 1.0112,
    "UKG": 1.0053,
    "UKK": 1.0156,
    "UKD": 1.0114,
    "UKE": 0.995,
    "UKJ": 1.0202,
    "UKI": 1.0529,
    "UKC": 0.9834,
    "UKL": 0.9905,
    "UKF": 0.9906
  },
  {
    "Date": "1996-03-01",
    "UKH": 1.0181,
    "UKG": 0.9994,
    "UKK": 1.0143,
    "UKD": 1.0046,
    "UKE": 0.9975,
    "UKJ": 1.0273,
    "UKI": 1.0517,
    "UKC": 0.991,
    "UKL": 0.9902,
    "UKF": 1.0035
  },
  {
    "Date": "1996-04-01",
    "UKH": 1.0178,
    "UKG": 1.0061,
    "UKK": 1.0198,
    "UKD": 0.9935,
    "UKE": 0.9999,
    "UKJ": 1.0254,
    "UKI": 1.0655,
    "UKC": 0.9961,
    "UKL": 0.9987,
    "UKF": 0.9965
  },
  {
    "Date": "1996-05-01",
    "UKH": 1.024,
    "UKG": 1.0075,
    "UKK": 1.0266,
    "UKD": 0.9997,
    "UKE": 0.9953,
    "UKJ": 1.03,
    "UKI": 1.0634,
    "UKC": 1.0011,
    "UKL": 0.9969,
    "UKF": 1.0022
  },
  {
    "Date": "1996-06-01",
    "UKH": 1.036,
    "UKG": 1.0139,
    "UKK": 1.0345,
    "UKD": 1.0136,
    "UKE": 1.0038,
    "UKJ": 1.0396,
    "UKI": 1.0794,
    "UKC": 1.0168,
    "UKL": 1.0047,
    "UKF": 1.0103
  },
  {
    "Date": "1996-07-01",
    "UKH": 1.0324,
    "UKG": 1.008,
    "UKK": 1.0321,
    "UKD": 0.9957,
    "UKE": 0.9943,
    "UKJ": 1.0432,
    "UKI": 1.0765,
    "UKC": 0.9934,
    "UKL": 1.0087,
    "UKF": 1.002
  },
  {
    "Date": "1996-08-01",
    "UKH": 1.0415,
    "UKG": 1.0118,
    "UKK": 1.0378,
    "UKD": 0.9997,
    "UKE": 0.9916,
    "UKJ": 1.0476,
    "UKI": 1.0878,
    "UKC": 0.9966,
    "UKL": 1.0076,
    "UKF": 1.015
  },
  {
    "Date": "1996-09-01",
    "UKH": 1.0452,
    "UKG": 1.025,
    "UKK": 1.0457,
    "UKD": 1.0086,
    "UKE": 1.0024,
    "UKJ": 1.059,
    "UKI": 1.0995,
    "UKC": 1.0018,
    "UKL": 1.0139,
    "UKF": 1.0193
  },
  {
    "Date": "1996-10-01",
    "UKH": 1.0476,
    "UKG": 1.0266,
    "UKK": 1.0496,
    "UKD": 1.0108,
    "UKE": 1.008,
    "UKJ": 1.0662,
    "UKI": 1.1009,
    "UKC": 1.0083,
    "UKL": 1.0165,
    "UKF": 1.02
  },
  {
    "Date": "1996-11-01",
    "UKH": 1.066,
    "UKG": 1.0339,
    "UKK": 1.0568,
    "UKD": 1.0115,
    "UKE": 1.0054,
    "UKJ": 1.073,
    "UKI": 1.1171,
    "UKC": 1.0075,
    "UKL": 1.0179,
    "UKF": 1.0231
  },
  {
    "Date": "1996-12-01",
    "UKH": 1.0723,
    "UKG": 1.037,
    "UKK": 1.066,
    "UKD": 1.0211,
    "UKE": 1.0185,
    "UKJ": 1.0855,
    "UKI": 1.1271,
    "UKC": 1.0109,
    "UKL": 1.0188,
    "UKF": 1.0323
  },
  {
    "Date": "1997-01-01",
    "UKH": 1.0744,
    "UKG": 1.0391,
    "UKK": 1.0676,
    "UKD": 1.01,
    "UKE": 1.0012,
    "UKJ": 1.0936,
    "UKI": 1.1353,
    "UKC": 1,
    "UKL": 1.0213,
    "UKF": 1.03
  },
  {
    "Date": "1997-02-01",
    "UKH": 1.0766,
    "UKG": 1.0393,
    "UKK": 1.0795,
    "UKD": 1.0214,
    "UKE": 1.0099,
    "UKJ": 1.1017,
    "UKI": 1.1486,
    "UKC": 1.0063,
    "UKL": 1.0257,
    "UKF": 1.036
  },
  {
    "Date": "1997-03-01",
    "UKH": 1.0919,
    "UKG": 1.0558,
    "UKK": 1.0861,
    "UKD": 1.0296,
    "UKE": 1.0216,
    "UKJ": 1.1156,
    "UKI": 1.1669,
    "UKC": 1.0205,
    "UKL": 1.0325,
    "UKF": 1.0499
  },
  {
    "Date": "1997-04-01",
    "UKH": 1.0999,
    "UKG": 1.0552,
    "UKK": 1.0936,
    "UKD": 1.0312,
    "UKE": 1.0182,
    "UKJ": 1.1249,
    "UKI": 1.178,
    "UKC": 1.0182,
    "UKL": 1.0371,
    "UKF": 1.0515
  },
  {
    "Date": "1997-05-01",
    "UKH": 1.1112,
    "UKG": 1.0669,
    "UKK": 1.1065,
    "UKD": 1.0351,
    "UKE": 1.0208,
    "UKJ": 1.1409,
    "UKI": 1.201,
    "UKC": 1.0253,
    "UKL": 1.0421,
    "UKF": 1.0608
  },
  {
    "Date": "1997-06-01",
    "UKH": 1.1274,
    "UKG": 1.0776,
    "UKK": 1.1185,
    "UKD": 1.0424,
    "UKE": 1.0239,
    "UKJ": 1.1562,
    "UKI": 1.2194,
    "UKC": 1.0274,
    "UKL": 1.0582,
    "UKF": 1.0729
  },
  {
    "Date": "1997-07-01",
    "UKH": 1.1344,
    "UKG": 1.0761,
    "UKK": 1.1246,
    "UKD": 1.0365,
    "UKE": 1.0227,
    "UKJ": 1.1692,
    "UKI": 1.2361,
    "UKC": 1.0262,
    "UKL": 1.0498,
    "UKF": 1.0668
  },
  {
    "Date": "1997-08-01",
    "UKH": 1.1471,
    "UKG": 1.0892,
    "UKK": 1.1388,
    "UKD": 1.0425,
    "UKE": 1.027,
    "UKJ": 1.1888,
    "UKI": 1.2455,
    "UKC": 1.0364,
    "UKL": 1.0557,
    "UKF": 1.0782
  },
  {
    "Date": "1997-09-01",
    "UKH": 1.1573,
    "UKG": 1.097,
    "UKK": 1.1449,
    "UKD": 1.0523,
    "UKE": 1.0372,
    "UKJ": 1.1992,
    "UKI": 1.2659,
    "UKC": 1.0411,
    "UKL": 1.07,
    "UKF": 1.0861
  },
  {
    "Date": "1997-10-01",
    "UKH": 1.1683,
    "UKG": 1.1002,
    "UKK": 1.1539,
    "UKD": 1.0513,
    "UKE": 1.0455,
    "UKJ": 1.2148,
    "UKI": 1.2752,
    "UKC": 1.0454,
    "UKL": 1.0725,
    "UKF": 1.0866
  },
  {
    "Date": "1997-11-01",
    "UKH": 1.1762,
    "UKG": 1.1086,
    "UKK": 1.1655,
    "UKD": 1.0575,
    "UKE": 1.0516,
    "UKJ": 1.2227,
    "UKI": 1.286,
    "UKC": 1.0481,
    "UKL": 1.0681,
    "UKF": 1.0995
  },
  {
    "Date": "1997-12-01",
    "UKH": 1.191,
    "UKG": 1.1144,
    "UKK": 1.1726,
    "UKD": 1.0641,
    "UKE": 1.0551,
    "UKJ": 1.2364,
    "UKI": 1.309,
    "UKC": 1.0557,
    "UKL": 1.0835,
    "UKF": 1.1013
  },
  {
    "Date": "1998-01-01",
    "UKH": 1.1931,
    "UKG": 1.1117,
    "UKK": 1.1765,
    "UKD": 1.0683,
    "UKE": 1.0441,
    "UKJ": 1.2415,
    "UKI": 1.3057,
    "UKC": 1.0516,
    "UKL": 1.0797,
    "UKF": 1.1001
  },
  {
    "Date": "1998-02-01",
    "UKH": 1.2032,
    "UKG": 1.1249,
    "UKK": 1.1855,
    "UKD": 1.0756,
    "UKE": 1.0554,
    "UKJ": 1.2515,
    "UKI": 1.3147,
    "UKC": 1.0642,
    "UKL": 1.0798,
    "UKF": 1.108
  },
  {
    "Date": "1998-03-01",
    "UKH": 1.2053,
    "UKG": 1.125,
    "UKK": 1.1954,
    "UKD": 1.0775,
    "UKE": 1.0624,
    "UKJ": 1.2613,
    "UKI": 1.3374,
    "UKC": 1.0603,
    "UKL": 1.0919,
    "UKF": 1.1129
  },
  {
    "Date": "1998-04-01",
    "UKH": 1.2196,
    "UKG": 1.1304,
    "UKK": 1.2061,
    "UKD": 1.0815,
    "UKE": 1.0608,
    "UKJ": 1.2758,
    "UKI": 1.347,
    "UKC": 1.0614,
    "UKL": 1.0938,
    "UKF": 1.1227
  },
  {
    "Date": "1998-05-01",
    "UKH": 1.2305,
    "UKG": 1.1394,
    "UKK": 1.2135,
    "UKD": 1.0812,
    "UKE": 1.0684,
    "UKJ": 1.29,
    "UKI": 1.3687,
    "UKC": 1.0673,
    "UKL": 1.1032,
    "UKF": 1.1303
  },
  {
    "Date": "1998-06-01",
    "UKH": 1.2456,
    "UKG": 1.1491,
    "UKK": 1.2267,
    "UKD": 1.096,
    "UKE": 1.0725,
    "UKJ": 1.3013,
    "UKI": 1.3816,
    "UKC": 1.0734,
    "UKL": 1.1078,
    "UKF": 1.1318
  },
  {
    "Date": "1998-07-01",
    "UKH": 1.2517,
    "UKG": 1.1538,
    "UKK": 1.2332,
    "UKD": 1.0903,
    "UKE": 1.0756,
    "UKJ": 1.3086,
    "UKI": 1.3906,
    "UKC": 1.0693,
    "UKL": 1.1112,
    "UKF": 1.1411
  },
  {
    "Date": "1998-08-01",
    "UKH": 1.2615,
    "UKG": 1.1617,
    "UKK": 1.2466,
    "UKD": 1.0923,
    "UKE": 1.0758,
    "UKJ": 1.3202,
    "UKI": 1.4072,
    "UKC": 1.0704,
    "UKL": 1.1099,
    "UKF": 1.1444
  },
  {
    "Date": "1998-09-01",
    "UKH": 1.2708,
    "UKG": 1.1635,
    "UKK": 1.2509,
    "UKD": 1.0986,
    "UKE": 1.0886,
    "UKJ": 1.3269,
    "UKI": 1.4104,
    "UKC": 1.0798,
    "UKL": 1.1163,
    "UKF": 1.1543
  },
  {
    "Date": "1998-10-01",
    "UKH": 1.2735,
    "UKG": 1.1734,
    "UKK": 1.2582,
    "UKD": 1.1068,
    "UKE": 1.0837,
    "UKJ": 1.3306,
    "UKI": 1.4183,
    "UKC": 1.0928,
    "UKL": 1.1261,
    "UKF": 1.1584
  },
  {
    "Date": "1998-11-01",
    "UKH": 1.2793,
    "UKG": 1.1736,
    "UKK": 1.2614,
    "UKD": 1.1108,
    "UKE": 1.089,
    "UKJ": 1.343,
    "UKI": 1.4176,
    "UKC": 1.0927,
    "UKL": 1.1321,
    "UKF": 1.1649
  },
  {
    "Date": "1998-12-01",
    "UKH": 1.2957,
    "UKG": 1.1836,
    "UKK": 1.2732,
    "UKD": 1.1145,
    "UKE": 1.0933,
    "UKJ": 1.3518,
    "UKI": 1.4329,
    "UKC": 1.1,
    "UKL": 1.1368,
    "UKF": 1.1719
  },
  {
    "Date": "1999-01-01",
    "UKH": 1.2912,
    "UKG": 1.179,
    "UKK": 1.2721,
    "UKD": 1.1155,
    "UKE": 1.0868,
    "UKJ": 1.344,
    "UKI": 1.4271,
    "UKC": 1.091,
    "UKL": 1.1351,
    "UKF": 1.1664
  },
  {
    "Date": "1999-02-01",
    "UKH": 1.2912,
    "UKG": 1.1941,
    "UKK": 1.2753,
    "UKD": 1.1236,
    "UKE": 1.0909,
    "UKJ": 1.3547,
    "UKI": 1.4401,
    "UKC": 1.0882,
    "UKL": 1.1331,
    "UKF": 1.1732
  },
  {
    "Date": "1999-03-01",
    "UKH": 1.3052,
    "UKG": 1.1954,
    "UKK": 1.2882,
    "UKD": 1.1254,
    "UKE": 1.1007,
    "UKJ": 1.3633,
    "UKI": 1.4556,
    "UKC": 1.0966,
    "UKL": 1.1383,
    "UKF": 1.1838
  },
  {
    "Date": "1999-04-01",
    "UKH": 1.3164,
    "UKG": 1.2057,
    "UKK": 1.3015,
    "UKD": 1.1345,
    "UKE": 1.1058,
    "UKJ": 1.3804,
    "UKI": 1.4694,
    "UKC": 1.1089,
    "UKL": 1.1544,
    "UKF": 1.1917
  },
  {
    "Date": "1999-05-01",
    "UKH": 1.3314,
    "UKG": 1.2127,
    "UKK": 1.3161,
    "UKD": 1.1436,
    "UKE": 1.1099,
    "UKJ": 1.3961,
    "UKI": 1.495,
    "UKC": 1.1103,
    "UKL": 1.157,
    "UKF": 1.204
  },
  {
    "Date": "1999-06-01",
    "UKH": 1.3485,
    "UKG": 1.2244,
    "UKK": 1.3331,
    "UKD": 1.1483,
    "UKE": 1.1174,
    "UKJ": 1.4163,
    "UKI": 1.5271,
    "UKC": 1.115,
    "UKL": 1.1583,
    "UKF": 1.2111
  },
  {
    "Date": "1999-07-01",
    "UKH": 1.3603,
    "UKG": 1.2338,
    "UKK": 1.3484,
    "UKD": 1.1531,
    "UKE": 1.1158,
    "UKJ": 1.4352,
    "UKI": 1.5468,
    "UKC": 1.1178,
    "UKL": 1.1663,
    "UKF": 1.2176
  },
  {
    "Date": "1999-08-01",
    "UKH": 1.3788,
    "UKG": 1.2482,
    "UKK": 1.3696,
    "UKD": 1.1678,
    "UKE": 1.1309,
    "UKJ": 1.4596,
    "UKI": 1.5785,
    "UKC": 1.1245,
    "UKL": 1.1846,
    "UKF": 1.2278
  },
  {
    "Date": "1999-09-01",
    "UKH": 1.4024,
    "UKG": 1.2522,
    "UKK": 1.3911,
    "UKD": 1.1705,
    "UKE": 1.1363,
    "UKJ": 1.4827,
    "UKI": 1.6043,
    "UKC": 1.1333,
    "UKL": 1.1856,
    "UKF": 1.2407
  },
  {
    "Date": "1999-10-01",
    "UKH": 1.4218,
    "UKG": 1.2715,
    "UKK": 1.4139,
    "UKD": 1.1789,
    "UKE": 1.1464,
    "UKJ": 1.5086,
    "UKI": 1.635,
    "UKC": 1.132,
    "UKL": 1.2,
    "UKF": 1.2451
  },
  {
    "Date": "1999-11-01",
    "UKH": 1.4399,
    "UKG": 1.2817,
    "UKK": 1.4352,
    "UKD": 1.1844,
    "UKE": 1.1479,
    "UKJ": 1.5351,
    "UKI": 1.6682,
    "UKC": 1.1415,
    "UKL": 1.2077,
    "UKF": 1.2623
  },
  {
    "Date": "1999-12-01",
    "UKH": 1.4668,
    "UKG": 1.2969,
    "UKK": 1.454,
    "UKD": 1.2008,
    "UKE": 1.1656,
    "UKJ": 1.5647,
    "UKI": 1.6948,
    "UKC": 1.1522,
    "UKL": 1.2185,
    "UKF": 1.278
  },
  {
    "Date": "2000-01-01",
    "UKH": 1.4828,
    "UKG": 1.3015,
    "UKK": 1.4616,
    "UKD": 1.1986,
    "UKE": 1.1572,
    "UKJ": 1.5748,
    "UKI": 1.7082,
    "UKC": 1.1536,
    "UKL": 1.2273,
    "UKF": 1.2728
  },
  {
    "Date": "2000-02-01",
    "UKH": 1.4978,
    "UKG": 1.3102,
    "UKK": 1.476,
    "UKD": 1.2127,
    "UKE": 1.1598,
    "UKJ": 1.5964,
    "UKI": 1.7344,
    "UKC": 1.153,
    "UKL": 1.2221,
    "UKF": 1.2904
  },
  {
    "Date": "2000-03-01",
    "UKH": 1.5232,
    "UKG": 1.3226,
    "UKK": 1.5093,
    "UKD": 1.224,
    "UKE": 1.179,
    "UKJ": 1.6263,
    "UKI": 1.7679,
    "UKC": 1.1647,
    "UKL": 1.2359,
    "UKF": 1.3069
  },
  {
    "Date": "2000-04-01",
    "UKH": 1.5482,
    "UKG": 1.3372,
    "UKK": 1.5357,
    "UKD": 1.2295,
    "UKE": 1.1896,
    "UKJ": 1.6572,
    "UKI": 1.8117,
    "UKC": 1.1657,
    "UKL": 1.2523,
    "UKF": 1.3144
  },
  {
    "Date": "2000-05-01",
    "UKH": 1.5722,
    "UKG": 1.3499,
    "UKK": 1.5637,
    "UKD": 1.2379,
    "UKE": 1.1935,
    "UKJ": 1.6779,
    "UKI": 1.8341,
    "UKC": 1.177,
    "UKL": 1.2567,
    "UKF": 1.3331
  },
  {
    "Date": "2000-06-01",
    "UKH": 1.5969,
    "UKG": 1.3735,
    "UKK": 1.5817,
    "UKD": 1.2522,
    "UKE": 1.2061,
    "UKJ": 1.7162,
    "UKI": 1.8686,
    "UKC": 1.1751,
    "UKL": 1.2743,
    "UKF": 1.3504
  },
  {
    "Date": "2000-07-01",
    "UKH": 1.6188,
    "UKG": 1.3785,
    "UKK": 1.5951,
    "UKD": 1.2551,
    "UKE": 1.2156,
    "UKJ": 1.724,
    "UKI": 1.876,
    "UKC": 1.1826,
    "UKL": 1.2747,
    "UKF": 1.3598
  },
  {
    "Date": "2000-08-01",
    "UKH": 1.6306,
    "UKG": 1.3978,
    "UKK": 1.6124,
    "UKD": 1.2698,
    "UKE": 1.2311,
    "UKJ": 1.7431,
    "UKI": 1.89,
    "UKC": 1.2014,
    "UKL": 1.2809,
    "UKF": 1.373
  },
  {
    "Date": "2000-09-01",
    "UKH": 1.6436,
    "UKG": 1.3968,
    "UKK": 1.6159,
    "UKD": 1.2705,
    "UKE": 1.2327,
    "UKJ": 1.7476,
    "UKI": 1.8869,
    "UKC": 1.1928,
    "UKL": 1.2961,
    "UKF": 1.3897
  },
  {
    "Date": "2000-10-01",
    "UKH": 1.6434,
    "UKG": 1.4091,
    "UKK": 1.6283,
    "UKD": 1.2864,
    "UKE": 1.2377,
    "UKJ": 1.7517,
    "UKI": 1.8912,
    "UKC": 1.201,
    "UKL": 1.2978,
    "UKF": 1.3847
  },
  {
    "Date": "2000-11-01",
    "UKH": 1.6535,
    "UKG": 1.4206,
    "UKK": 1.6331,
    "UKD": 1.2818,
    "UKE": 1.238,
    "UKJ": 1.754,
    "UKI": 1.8962,
    "UKC": 1.2094,
    "UKL": 1.3058,
    "UKF": 1.3927
  },
  {
    "Date": "2000-12-01",
    "UKH": 1.6766,
    "UKG": 1.436,
    "UKK": 1.6406,
    "UKD": 1.3066,
    "UKE": 1.248,
    "UKJ": 1.7748,
    "UKI": 1.9181,
    "UKC": 1.2147,
    "UKL": 1.3114,
    "UKF": 1.423
  },
  {
    "Date": "2001-01-01",
    "UKH": 1.6652,
    "UKG": 1.4265,
    "UKK": 1.6423,
    "UKD": 1.2945,
    "UKE": 1.2472,
    "UKJ": 1.7688,
    "UKI": 1.9257,
    "UKC": 1.2106,
    "UKL": 1.3087,
    "UKF": 1.4042
  },
  {
    "Date": "2001-02-01",
    "UKH": 1.675,
    "UKG": 1.4474,
    "UKK": 1.6575,
    "UKD": 1.304,
    "UKE": 1.2438,
    "UKJ": 1.7858,
    "UKI": 1.9237,
    "UKC": 1.2274,
    "UKL": 1.3178,
    "UKF": 1.4158
  },
  {
    "Date": "2001-03-01",
    "UKH": 1.6974,
    "UKG": 1.456,
    "UKK": 1.6725,
    "UKD": 1.3139,
    "UKE": 1.2554,
    "UKJ": 1.8022,
    "UKI": 1.9537,
    "UKC": 1.2357,
    "UKL": 1.3182,
    "UKF": 1.4375
  },
  {
    "Date": "2001-04-01",
    "UKH": 1.7191,
    "UKG": 1.473,
    "UKK": 1.6999,
    "UKD": 1.3274,
    "UKE": 1.2788,
    "UKJ": 1.826,
    "UKI": 1.9757,
    "UKC": 1.225,
    "UKL": 1.3347,
    "UKF": 1.4602
  },
  {
    "Date": "2001-05-01",
    "UKH": 1.7428,
    "UKG": 1.4949,
    "UKK": 1.7218,
    "UKD": 1.344,
    "UKE": 1.2893,
    "UKJ": 1.8479,
    "UKI": 2.0084,
    "UKC": 1.2477,
    "UKL": 1.3479,
    "UKF": 1.4692
  },
  {
    "Date": "2001-06-01",
    "UKH": 1.7685,
    "UKG": 1.5065,
    "UKK": 1.7542,
    "UKD": 1.3543,
    "UKE": 1.306,
    "UKJ": 1.8788,
    "UKI": 2.0397,
    "UKC": 1.2683,
    "UKL": 1.3764,
    "UKF": 1.4954
  },
  {
    "Date": "2001-07-01",
    "UKH": 1.7859,
    "UKG": 1.5126,
    "UKK": 1.7681,
    "UKD": 1.3628,
    "UKE": 1.3177,
    "UKJ": 1.8945,
    "UKI": 2.0617,
    "UKC": 1.2736,
    "UKL": 1.3874,
    "UKF": 1.5006
  },
  {
    "Date": "2001-08-01",
    "UKH": 1.8172,
    "UKG": 1.539,
    "UKK": 1.802,
    "UKD": 1.3789,
    "UKE": 1.3301,
    "UKJ": 1.9218,
    "UKI": 2.0851,
    "UKC": 1.2823,
    "UKL": 1.3919,
    "UKF": 1.5271
  },
  {
    "Date": "2001-09-01",
    "UKH": 1.8411,
    "UKG": 1.5516,
    "UKK": 1.8257,
    "UKD": 1.3826,
    "UKE": 1.3475,
    "UKJ": 1.9364,
    "UKI": 2.1166,
    "UKC": 1.2897,
    "UKL": 1.4131,
    "UKF": 1.5424
  },
  {
    "Date": "2001-10-01",
    "UKH": 1.8575,
    "UKG": 1.5654,
    "UKK": 1.8389,
    "UKD": 1.3985,
    "UKE": 1.3575,
    "UKJ": 1.9597,
    "UKI": 2.1254,
    "UKC": 1.2923,
    "UKL": 1.4109,
    "UKF": 1.5575
  },
  {
    "Date": "2001-11-01",
    "UKH": 1.88,
    "UKG": 1.583,
    "UKK": 1.8511,
    "UKD": 1.4092,
    "UKE": 1.3631,
    "UKJ": 1.9758,
    "UKI": 2.1445,
    "UKC": 1.3103,
    "UKL": 1.4262,
    "UKF": 1.5724
  },
  {
    "Date": "2001-12-01",
    "UKH": 1.9152,
    "UKG": 1.5998,
    "UKK": 1.8761,
    "UKD": 1.4315,
    "UKE": 1.3937,
    "UKJ": 1.9997,
    "UKI": 2.1759,
    "UKC": 1.3322,
    "UKL": 1.442,
    "UKF": 1.6055
  },
  {
    "Date": "2002-01-01",
    "UKH": 1.903,
    "UKG": 1.5944,
    "UKK": 1.8835,
    "UKD": 1.4311,
    "UKE": 1.3883,
    "UKJ": 1.998,
    "UKI": 2.1638,
    "UKC": 1.3247,
    "UKL": 1.4377,
    "UKF": 1.5893
  },
  {
    "Date": "2002-02-01",
    "UKH": 1.9236,
    "UKG": 1.6102,
    "UKK": 1.9003,
    "UKD": 1.4419,
    "UKE": 1.3956,
    "UKJ": 2.0106,
    "UKI": 2.1804,
    "UKC": 1.3458,
    "UKL": 1.459,
    "UKF": 1.6181
  },
  {
    "Date": "2002-03-01",
    "UKH": 1.9582,
    "UKG": 1.6332,
    "UKK": 1.9409,
    "UKD": 1.4597,
    "UKE": 1.4229,
    "UKJ": 2.0425,
    "UKI": 2.208,
    "UKC": 1.3587,
    "UKL": 1.4788,
    "UKF": 1.6586
  },
  {
    "Date": "2002-04-01",
    "UKH": 1.9951,
    "UKG": 1.67,
    "UKK": 1.9668,
    "UKD": 1.4784,
    "UKE": 1.4439,
    "UKJ": 2.0721,
    "UKI": 2.2456,
    "UKC": 1.3827,
    "UKL": 1.4957,
    "UKF": 1.6859
  },
  {
    "Date": "2002-05-01",
    "UKH": 2.0326,
    "UKG": 1.6978,
    "UKK": 2.0147,
    "UKD": 1.5213,
    "UKE": 1.4851,
    "UKJ": 2.1135,
    "UKI": 2.2832,
    "UKC": 1.4269,
    "UKL": 1.5291,
    "UKF": 1.7236
  },
  {
    "Date": "2002-06-01",
    "UKH": 2.0885,
    "UKG": 1.7507,
    "UKK": 2.0737,
    "UKD": 1.5505,
    "UKE": 1.5349,
    "UKJ": 2.1613,
    "UKI": 2.3406,
    "UKC": 1.4584,
    "UKL": 1.583,
    "UKF": 1.7787
  },
  {
    "Date": "2002-07-01",
    "UKH": 2.131,
    "UKG": 1.7755,
    "UKK": 2.1123,
    "UKD": 1.5647,
    "UKE": 1.5523,
    "UKJ": 2.1932,
    "UKI": 2.3658,
    "UKC": 1.4758,
    "UKL": 1.5969,
    "UKF": 1.8098
  },
  {
    "Date": "2002-08-01",
    "UKH": 2.1767,
    "UKG": 1.8141,
    "UKK": 2.1749,
    "UKD": 1.5968,
    "UKE": 1.5897,
    "UKJ": 2.2389,
    "UKI": 2.4148,
    "UKC": 1.5057,
    "UKL": 1.6533,
    "UKF": 1.8592
  },
  {
    "Date": "2002-09-01",
    "UKH": 2.2189,
    "UKG": 1.8507,
    "UKK": 2.2174,
    "UKD": 1.6198,
    "UKE": 1.6098,
    "UKJ": 2.272,
    "UKI": 2.4399,
    "UKC": 1.5422,
    "UKL": 1.6548,
    "UKF": 1.9069
  },
  {
    "Date": "2002-10-01",
    "UKH": 2.2558,
    "UKG": 1.8805,
    "UKK": 2.2507,
    "UKD": 1.6402,
    "UKE": 1.6293,
    "UKJ": 2.3054,
    "UKI": 2.4709,
    "UKC": 1.5671,
    "UKL": 1.679,
    "UKF": 1.9302
  },
  {
    "Date": "2002-11-01",
    "UKH": 2.291,
    "UKG": 1.9222,
    "UKK": 2.2902,
    "UKD": 1.6635,
    "UKE": 1.673,
    "UKJ": 2.3413,
    "UKI": 2.5023,
    "UKC": 1.6113,
    "UKL": 1.7182,
    "UKF": 1.9805
  },
  {
    "Date": "2002-12-01",
    "UKH": 2.3376,
    "UKG": 1.9546,
    "UKK": 2.3259,
    "UKD": 1.7072,
    "UKE": 1.7145,
    "UKJ": 2.3802,
    "UKI": 2.5373,
    "UKC": 1.6418,
    "UKL": 1.7514,
    "UKF": 2.0156
  },
  {
    "Date": "2003-01-01",
    "UKH": 2.348,
    "UKG": 1.9671,
    "UKK": 2.3355,
    "UKD": 1.7008,
    "UKE": 1.7121,
    "UKJ": 2.3878,
    "UKI": 2.5445,
    "UKC": 1.6367,
    "UKL": 1.7522,
    "UKF": 2.0265
  },
  {
    "Date": "2003-02-01",
    "UKH": 2.3769,
    "UKG": 1.9886,
    "UKK": 2.36,
    "UKD": 1.7351,
    "UKE": 1.7365,
    "UKJ": 2.4114,
    "UKI": 2.5652,
    "UKC": 1.6461,
    "UKL": 1.7906,
    "UKF": 2.0641
  },
  {
    "Date": "2003-03-01",
    "UKH": 2.4017,
    "UKG": 2.0207,
    "UKK": 2.3779,
    "UKD": 1.7434,
    "UKE": 1.7665,
    "UKJ": 2.4296,
    "UKI": 2.5758,
    "UKC": 1.7033,
    "UKL": 1.8069,
    "UKF": 2.0792
  },
  {
    "Date": "2003-04-01",
    "UKH": 2.4049,
    "UKG": 2.0414,
    "UKK": 2.4047,
    "UKD": 1.7872,
    "UKE": 1.7999,
    "UKJ": 2.4469,
    "UKI": 2.5848,
    "UKC": 1.7457,
    "UKL": 1.8457,
    "UKF": 2.1205
  },
  {
    "Date": "2003-05-01",
    "UKH": 2.4347,
    "UKG": 2.0665,
    "UKK": 2.4269,
    "UKD": 1.8121,
    "UKE": 1.8409,
    "UKJ": 2.4614,
    "UKI": 2.6133,
    "UKC": 1.7978,
    "UKL": 1.8762,
    "UKF": 2.153
  },
  {
    "Date": "2003-06-01",
    "UKH": 2.4561,
    "UKG": 2.1131,
    "UKK": 2.4593,
    "UKD": 1.8574,
    "UKE": 1.8851,
    "UKJ": 2.4878,
    "UKI": 2.6044,
    "UKC": 1.8338,
    "UKL": 1.9215,
    "UKF": 2.1913
  },
  {
    "Date": "2003-07-01",
    "UKH": 2.4572,
    "UKG": 2.122,
    "UKK": 2.4566,
    "UKD": 1.8697,
    "UKE": 1.9016,
    "UKJ": 2.4834,
    "UKI": 2.6071,
    "UKC": 1.8573,
    "UKL": 1.9408,
    "UKF": 2.2045
  },
  {
    "Date": "2003-08-01",
    "UKH": 2.4654,
    "UKG": 2.1523,
    "UKK": 2.471,
    "UKD": 1.914,
    "UKE": 1.9325,
    "UKJ": 2.489,
    "UKI": 2.6112,
    "UKC": 1.9103,
    "UKL": 1.9783,
    "UKF": 2.2412
  },
  {
    "Date": "2003-09-01",
    "UKH": 2.4844,
    "UKG": 2.1667,
    "UKK": 2.4892,
    "UKD": 1.9417,
    "UKE": 1.9499,
    "UKJ": 2.5001,
    "UKI": 2.6228,
    "UKC": 1.9137,
    "UKL": 2.0001,
    "UKF": 2.2543
  },
  {
    "Date": "2003-10-01",
    "UKH": 2.4958,
    "UKG": 2.2015,
    "UKK": 2.5098,
    "UKD": 1.959,
    "UKE": 1.986,
    "UKJ": 2.5151,
    "UKI": 2.6393,
    "UKC": 1.9523,
    "UKL": 2.0185,
    "UKF": 2.27
  },
  {
    "Date": "2003-11-01",
    "UKH": 2.5342,
    "UKG": 2.224,
    "UKK": 2.5355,
    "UKD": 1.9949,
    "UKE": 2.0177,
    "UKJ": 2.5422,
    "UKI": 2.6652,
    "UKC": 1.986,
    "UKL": 2.0797,
    "UKF": 2.3004
  },
  {
    "Date": "2003-12-01",
    "UKH": 2.5585,
    "UKG": 2.2742,
    "UKK": 2.5727,
    "UKD": 2.0417,
    "UKE": 2.0582,
    "UKJ": 2.5672,
    "UKI": 2.6835,
    "UKC": 2.0419,
    "UKL": 2.1257,
    "UKF": 2.33
  },
  {
    "Date": "2004-01-01",
    "UKH": 2.5604,
    "UKG": 2.2551,
    "UKK": 2.5812,
    "UKD": 2.0449,
    "UKE": 2.0616,
    "UKJ": 2.5764,
    "UKI": 2.69,
    "UKC": 2.0307,
    "UKL": 2.1514,
    "UKF": 2.3248
  },
  {
    "Date": "2004-02-01",
    "UKH": 2.5749,
    "UKG": 2.2862,
    "UKK": 2.6111,
    "UKD": 2.0643,
    "UKE": 2.0867,
    "UKJ": 2.5992,
    "UKI": 2.71,
    "UKC": 2.0492,
    "UKL": 2.1627,
    "UKF": 2.3595
  },
  {
    "Date": "2004-03-01",
    "UKH": 2.6076,
    "UKG": 2.3081,
    "UKK": 2.6193,
    "UKD": 2.095,
    "UKE": 2.1322,
    "UKJ": 2.6138,
    "UKI": 2.7301,
    "UKC": 2.098,
    "UKL": 2.187,
    "UKF": 2.3886
  },
  {
    "Date": "2004-04-01",
    "UKH": 2.6329,
    "UKG": 2.352,
    "UKK": 2.6693,
    "UKD": 2.1701,
    "UKE": 2.191,
    "UKJ": 2.6465,
    "UKI": 2.7519,
    "UKC": 2.1724,
    "UKL": 2.2599,
    "UKF": 2.4323
  },
  {
    "Date": "2004-05-01",
    "UKH": 2.6759,
    "UKG": 2.3895,
    "UKK": 2.7238,
    "UKD": 2.2292,
    "UKE": 2.2412,
    "UKJ": 2.6729,
    "UKI": 2.7972,
    "UKC": 2.2363,
    "UKL": 2.3033,
    "UKF": 2.4733
  },
  {
    "Date": "2004-06-01",
    "UKH": 2.7126,
    "UKG": 2.4437,
    "UKK": 2.7532,
    "UKD": 2.2787,
    "UKE": 2.2824,
    "UKJ": 2.7102,
    "UKI": 2.824,
    "UKC": 2.2851,
    "UKL": 2.386,
    "UKF": 2.5198
  },
  {
    "Date": "2004-07-01",
    "UKH": 2.7355,
    "UKG": 2.4657,
    "UKK": 2.7803,
    "UKD": 2.3112,
    "UKE": 2.324,
    "UKJ": 2.7212,
    "UKI": 2.8439,
    "UKC": 2.3259,
    "UKL": 2.4193,
    "UKF": 2.5539
  },
  {
    "Date": "2004-08-01",
    "UKH": 2.7645,
    "UKG": 2.4999,
    "UKK": 2.8126,
    "UKD": 2.3474,
    "UKE": 2.3503,
    "UKJ": 2.7535,
    "UKI": 2.8708,
    "UKC": 2.3719,
    "UKL": 2.4618,
    "UKF": 2.5896
  },
  {
    "Date": "2004-09-01",
    "UKH": 2.7938,
    "UKG": 2.5151,
    "UKK": 2.8297,
    "UKD": 2.3738,
    "UKE": 2.3629,
    "UKJ": 2.7672,
    "UKI": 2.8852,
    "UKC": 2.37,
    "UKL": 2.4639,
    "UKF": 2.6138
  },
  {
    "Date": "2004-10-01",
    "UKH": 2.7884,
    "UKG": 2.5322,
    "UKK": 2.8466,
    "UKD": 2.3779,
    "UKE": 2.3919,
    "UKJ": 2.7819,
    "UKI": 2.8902,
    "UKC": 2.4099,
    "UKL": 2.4848,
    "UKF": 2.5986
  },
  {
    "Date": "2004-11-01",
    "UKH": 2.8114,
    "UKG": 2.5426,
    "UKK": 2.8468,
    "UKD": 2.4117,
    "UKE": 2.3997,
    "UKJ": 2.7886,
    "UKI": 2.9046,
    "UKC": 2.4209,
    "UKL": 2.5047,
    "UKF": 2.6249
  },
  {
    "Date": "2004-12-01",
    "UKH": 2.8192,
    "UKG": 2.5647,
    "UKK": 2.8457,
    "UKD": 2.4084,
    "UKE": 2.4153,
    "UKJ": 2.7917,
    "UKI": 2.9085,
    "UKC": 2.4583,
    "UKL": 2.5268,
    "UKF": 2.6372
  },
  {
    "Date": "2005-01-01",
    "UKH": 2.788,
    "UKG": 2.5304,
    "UKK": 2.8338,
    "UKD": 2.3901,
    "UKE": 2.4035,
    "UKJ": 2.7743,
    "UKI": 2.8819,
    "UKC": 2.3881,
    "UKL": 2.5105,
    "UKF": 2.6003
  },
  {
    "Date": "2005-02-01",
    "UKH": 2.8004,
    "UKG": 2.5434,
    "UKK": 2.8409,
    "UKD": 2.4013,
    "UKE": 2.3982,
    "UKJ": 2.7834,
    "UKI": 2.894,
    "UKC": 2.4,
    "UKL": 2.509,
    "UKF": 2.6195
  },
  {
    "Date": "2005-03-01",
    "UKH": 2.8002,
    "UKG": 2.5685,
    "UKK": 2.8469,
    "UKD": 2.4323,
    "UKE": 2.442,
    "UKJ": 2.7855,
    "UKI": 2.8942,
    "UKC": 2.4184,
    "UKL": 2.5245,
    "UKF": 2.6165
  },
  {
    "Date": "2005-04-01",
    "UKH": 2.8252,
    "UKG": 2.5819,
    "UKK": 2.8735,
    "UKD": 2.441,
    "UKE": 2.4505,
    "UKJ": 2.7936,
    "UKI": 2.8969,
    "UKC": 2.4535,
    "UKL": 2.5413,
    "UKF": 2.6455
  },
  {
    "Date": "2005-05-01",
    "UKH": 2.8424,
    "UKG": 2.5937,
    "UKK": 2.8842,
    "UKD": 2.475,
    "UKE": 2.4872,
    "UKJ": 2.8118,
    "UKI": 2.9169,
    "UKC": 2.4633,
    "UKL": 2.5574,
    "UKF": 2.6574
  },
  {
    "Date": "2005-06-01",
    "UKH": 2.8653,
    "UKG": 2.6142,
    "UKK": 2.8992,
    "UKD": 2.4921,
    "UKE": 2.5032,
    "UKJ": 2.8268,
    "UKI": 2.9345,
    "UKC": 2.4914,
    "UKL": 2.5766,
    "UKF": 2.6678
  },
  {
    "Date": "2005-07-01",
    "UKH": 2.8538,
    "UKG": 2.6172,
    "UKK": 2.902,
    "UKD": 2.4875,
    "UKE": 2.492,
    "UKJ": 2.8289,
    "UKI": 2.9404,
    "UKC": 2.499,
    "UKL": 2.6057,
    "UKF": 2.6714
  },
  {
    "Date": "2005-08-01",
    "UKH": 2.8592,
    "UKG": 2.6342,
    "UKK": 2.9137,
    "UKD": 2.4992,
    "UKE": 2.516,
    "UKJ": 2.8318,
    "UKI": 2.9285,
    "UKC": 2.4984,
    "UKL": 2.6037,
    "UKF": 2.68
  },
  {
    "Date": "2005-09-01",
    "UKH": 2.8715,
    "UKG": 2.6371,
    "UKK": 2.9202,
    "UKD": 2.4986,
    "UKE": 2.5145,
    "UKJ": 2.8265,
    "UKI": 2.9495,
    "UKC": 2.4975,
    "UKL": 2.6004,
    "UKF": 2.6811
  },
  {
    "Date": "2005-10-01",
    "UKH": 2.8745,
    "UKG": 2.6329,
    "UKK": 2.9259,
    "UKD": 2.5178,
    "UKE": 2.5224,
    "UKJ": 2.8367,
    "UKI": 2.9799,
    "UKC": 2.5119,
    "UKL": 2.6008,
    "UKF": 2.694
  },
  {
    "Date": "2005-11-01",
    "UKH": 2.8827,
    "UKG": 2.6501,
    "UKK": 2.949,
    "UKD": 2.5336,
    "UKE": 2.5283,
    "UKJ": 2.8488,
    "UKI": 2.9747,
    "UKC": 2.5203,
    "UKL": 2.6202,
    "UKF": 2.6957
  },
  {
    "Date": "2005-12-01",
    "UKH": 2.9092,
    "UKG": 2.6621,
    "UKK": 2.9579,
    "UKD": 2.5562,
    "UKE": 2.5488,
    "UKJ": 2.8675,
    "UKI": 2.9842,
    "UKC": 2.5422,
    "UKL": 2.6234,
    "UKF": 2.7057
  },
  {
    "Date": "2006-01-01",
    "UKH": 2.8853,
    "UKG": 2.6544,
    "UKK": 2.9479,
    "UKD": 2.5387,
    "UKE": 2.5412,
    "UKJ": 2.859,
    "UKI": 2.98,
    "UKC": 2.5195,
    "UKL": 2.6415,
    "UKF": 2.7087
  },
  {
    "Date": "2006-02-01",
    "UKH": 2.9147,
    "UKG": 2.673,
    "UKK": 2.9672,
    "UKD": 2.5639,
    "UKE": 2.5582,
    "UKJ": 2.8746,
    "UKI": 3.0029,
    "UKC": 2.536,
    "UKL": 2.6193,
    "UKF": 2.7233
  },
  {
    "Date": "2006-03-01",
    "UKH": 2.9308,
    "UKG": 2.6887,
    "UKK": 2.9893,
    "UKD": 2.5672,
    "UKE": 2.5923,
    "UKJ": 2.8928,
    "UKI": 3.024,
    "UKC": 2.5556,
    "UKL": 2.658,
    "UKF": 2.7459
  },
  {
    "Date": "2006-04-01",
    "UKH": 2.9476,
    "UKG": 2.7003,
    "UKK": 3.0183,
    "UKD": 2.5969,
    "UKE": 2.6111,
    "UKJ": 2.9136,
    "UKI": 3.0353,
    "UKC": 2.579,
    "UKL": 2.6799,
    "UKF": 2.7649
  },
  {
    "Date": "2006-05-01",
    "UKH": 2.9805,
    "UKG": 2.7257,
    "UKK": 3.0389,
    "UKD": 2.6131,
    "UKE": 2.6209,
    "UKJ": 2.9399,
    "UKI": 3.0789,
    "UKC": 2.5803,
    "UKL": 2.6951,
    "UKF": 2.7789
  },
  {
    "Date": "2006-06-01",
    "UKH": 3.0103,
    "UKG": 2.7489,
    "UKK": 3.0833,
    "UKD": 2.6432,
    "UKE": 2.6462,
    "UKJ": 2.9698,
    "UKI": 3.1109,
    "UKC": 2.6203,
    "UKL": 2.7281,
    "UKF": 2.8005
  },
  {
    "Date": "2006-07-01",
    "UKH": 3.0165,
    "UKG": 2.7519,
    "UKK": 3.0865,
    "UKD": 2.6373,
    "UKE": 2.6585,
    "UKJ": 2.9772,
    "UKI": 3.1376,
    "UKC": 2.6323,
    "UKL": 2.7321,
    "UKF": 2.8089
  },
  {
    "Date": "2006-08-01",
    "UKH": 3.0358,
    "UKG": 2.7633,
    "UKK": 3.1094,
    "UKD": 2.6635,
    "UKE": 2.664,
    "UKJ": 2.9993,
    "UKI": 3.1747,
    "UKC": 2.6093,
    "UKL": 2.7529,
    "UKF": 2.8252
  },
  {
    "Date": "2006-09-01",
    "UKH": 3.0609,
    "UKG": 2.7886,
    "UKK": 3.1269,
    "UKD": 2.6726,
    "UKE": 2.6862,
    "UKJ": 3.0208,
    "UKI": 3.2064,
    "UKC": 2.6402,
    "UKL": 2.7749,
    "UKF": 2.8417
  },
  {
    "Date": "2006-10-01",
    "UKH": 3.0824,
    "UKG": 2.7914,
    "UKK": 3.1502,
    "UKD": 2.6899,
    "UKE": 2.7083,
    "UKJ": 3.037,
    "UKI": 3.23,
    "UKC": 2.6393,
    "UKL": 2.7859,
    "UKF": 2.853
  },
  {
    "Date": "2006-11-01",
    "UKH": 3.1044,
    "UKG": 2.8085,
    "UKK": 3.1803,
    "UKD": 2.7129,
    "UKE": 2.7262,
    "UKJ": 3.0697,
    "UKI": 3.2534,
    "UKC": 2.6637,
    "UKL": 2.7998,
    "UKF": 2.87
  },
  {
    "Date": "2006-12-01",
    "UKH": 3.1421,
    "UKG": 2.8386,
    "UKK": 3.2049,
    "UKD": 2.7396,
    "UKE": 2.7572,
    "UKJ": 3.0988,
    "UKI": 3.2997,
    "UKC": 2.7159,
    "UKL": 2.8337,
    "UKF": 2.9057
  },
  {
    "Date": "2007-01-01",
    "UKH": 3.1321,
    "UKG": 2.8228,
    "UKK": 3.2137,
    "UKD": 2.7301,
    "UKE": 2.7485,
    "UKJ": 3.1028,
    "UKI": 3.3175,
    "UKC": 2.6966,
    "UKL": 2.8215,
    "UKF": 2.891
  },
  {
    "Date": "2007-02-01",
    "UKH": 3.1466,
    "UKG": 2.8394,
    "UKK": 3.236,
    "UKD": 2.7365,
    "UKE": 2.759,
    "UKJ": 3.1289,
    "UKI": 3.355,
    "UKC": 2.6807,
    "UKL": 2.8323,
    "UKF": 2.9026
  },
  {
    "Date": "2007-03-01",
    "UKH": 3.1831,
    "UKG": 2.8629,
    "UKK": 3.2556,
    "UKD": 2.7608,
    "UKE": 2.7867,
    "UKJ": 3.1541,
    "UKI": 3.3927,
    "UKC": 2.7222,
    "UKL": 2.84,
    "UKF": 2.9232
  },
  {
    "Date": "2007-04-01",
    "UKH": 3.2129,
    "UKG": 2.8804,
    "UKK": 3.2765,
    "UKD": 2.7839,
    "UKE": 2.8139,
    "UKJ": 3.1825,
    "UKI": 3.4469,
    "UKC": 2.7388,
    "UKL": 2.8639,
    "UKF": 2.9398
  },
  {
    "Date": "2007-05-01",
    "UKH": 3.2353,
    "UKG": 2.9093,
    "UKK": 3.3078,
    "UKD": 2.795,
    "UKE": 2.8265,
    "UKJ": 3.2167,
    "UKI": 3.4903,
    "UKC": 2.7709,
    "UKL": 2.8893,
    "UKF": 2.9579
  },
  {
    "Date": "2007-06-01",
    "UKH": 3.278,
    "UKG": 2.9216,
    "UKK": 3.3394,
    "UKD": 2.8182,
    "UKE": 2.8483,
    "UKJ": 3.2536,
    "UKI": 3.5576,
    "UKC": 2.7907,
    "UKL": 2.9042,
    "UKF": 2.9728
  },
  {
    "Date": "2007-07-01",
    "UKH": 3.2756,
    "UKG": 2.9157,
    "UKK": 3.3589,
    "UKD": 2.833,
    "UKE": 2.848,
    "UKJ": 3.2714,
    "UKI": 3.5941,
    "UKC": 2.7643,
    "UKL": 2.918,
    "UKF": 2.9975
  },
  {
    "Date": "2007-08-01",
    "UKH": 3.3128,
    "UKG": 2.9322,
    "UKK": 3.3639,
    "UKD": 2.8483,
    "UKE": 2.867,
    "UKJ": 3.3013,
    "UKI": 3.6382,
    "UKC": 2.7841,
    "UKL": 2.9359,
    "UKF": 2.9894
  },
  {
    "Date": "2007-09-01",
    "UKH": 3.3284,
    "UKG": 2.9482,
    "UKK": 3.3859,
    "UKD": 2.8478,
    "UKE": 2.8779,
    "UKJ": 3.3076,
    "UKI": 3.663,
    "UKC": 2.806,
    "UKL": 2.9506,
    "UKF": 3.0101
  },
  {
    "Date": "2007-10-01",
    "UKH": 3.3384,
    "UKG": 2.9436,
    "UKK": 3.3893,
    "UKD": 2.8572,
    "UKE": 2.8735,
    "UKJ": 3.3205,
    "UKI": 3.6704,
    "UKC": 2.8087,
    "UKL": 2.9549,
    "UKF": 2.9958
  },
  {
    "Date": "2007-11-01",
    "UKH": 3.3368,
    "UKG": 2.957,
    "UKK": 3.3879,
    "UKD": 2.8575,
    "UKE": 2.8788,
    "UKJ": 3.3326,
    "UKI": 3.69,
    "UKC": 2.8031,
    "UKL": 2.971,
    "UKF": 3.007
  },
  {
    "Date": "2007-12-01",
    "UKH": 3.3448,
    "UKG": 2.9445,
    "UKK": 3.3852,
    "UKD": 2.8555,
    "UKE": 2.9066,
    "UKJ": 3.3402,
    "UKI": 3.6936,
    "UKC": 2.8213,
    "UKL": 2.9691,
    "UKF": 3.0014
  },
  {
    "Date": "2008-01-01",
    "UKH": 3.3183,
    "UKG": 2.9265,
    "UKK": 3.3557,
    "UKD": 2.8318,
    "UKE": 2.8653,
    "UKJ": 3.321,
    "UKI": 3.6793,
    "UKC": 2.7674,
    "UKL": 2.929,
    "UKF": 2.9577
  },
  {
    "Date": "2008-02-01",
    "UKH": 3.3131,
    "UKG": 2.9226,
    "UKK": 3.3643,
    "UKD": 2.8235,
    "UKE": 2.8629,
    "UKJ": 3.3103,
    "UKI": 3.6786,
    "UKC": 2.773,
    "UKL": 2.9272,
    "UKF": 2.9559
  },
  {
    "Date": "2008-03-01",
    "UKH": 3.2972,
    "UKG": 2.8897,
    "UKK": 3.3323,
    "UKD": 2.8317,
    "UKE": 2.858,
    "UKJ": 3.2906,
    "UKI": 3.6514,
    "UKC": 2.7759,
    "UKL": 2.9098,
    "UKF": 2.9458
  },
  {
    "Date": "2008-04-01",
    "UKH": 3.2943,
    "UKG": 2.8939,
    "UKK": 3.338,
    "UKD": 2.8396,
    "UKE": 2.8586,
    "UKJ": 3.2866,
    "UKI": 3.6685,
    "UKC": 2.8047,
    "UKL": 2.9094,
    "UKF": 2.9522
  },
  {
    "Date": "2008-05-01",
    "UKH": 3.3033,
    "UKG": 2.9187,
    "UKK": 3.3264,
    "UKD": 2.8329,
    "UKE": 2.8666,
    "UKJ": 3.2893,
    "UKI": 3.6801,
    "UKC": 2.7866,
    "UKL": 2.9065,
    "UKF": 2.9606
  },
  {
    "Date": "2008-06-01",
    "UKH": 3.2578,
    "UKG": 2.8971,
    "UKK": 3.2888,
    "UKD": 2.827,
    "UKE": 2.8438,
    "UKJ": 3.2591,
    "UKI": 3.6597,
    "UKC": 2.7777,
    "UKL": 2.8885,
    "UKF": 2.934
  },
  {
    "Date": "2008-07-01",
    "UKH": 3.2232,
    "UKG": 2.8328,
    "UKK": 3.2424,
    "UKD": 2.7646,
    "UKE": 2.8135,
    "UKJ": 3.2136,
    "UKI": 3.6053,
    "UKC": 2.7245,
    "UKL": 2.8534,
    "UKF": 2.8964
  },
  {
    "Date": "2008-08-01",
    "UKH": 3.1526,
    "UKG": 2.8147,
    "UKK": 3.185,
    "UKD": 2.77,
    "UKE": 2.785,
    "UKJ": 3.1604,
    "UKI": 3.5207,
    "UKC": 2.6757,
    "UKL": 2.8304,
    "UKF": 2.8352
  },
  {
    "Date": "2008-09-01",
    "UKH": 3.0871,
    "UKG": 2.7722,
    "UKK": 3.1393,
    "UKD": 2.7287,
    "UKE": 2.7377,
    "UKJ": 3.0925,
    "UKI": 3.4816,
    "UKC": 2.6666,
    "UKL": 2.7902,
    "UKF": 2.7926
  },
  {
    "Date": "2008-10-01",
    "UKH": 3.0315,
    "UKG": 2.7158,
    "UKK": 3.0724,
    "UKD": 2.7,
    "UKE": 2.6916,
    "UKJ": 3.0326,
    "UKI": 3.3992,
    "UKC": 2.6348,
    "UKL": 2.789,
    "UKF": 2.7257
  },
  {
    "Date": "2008-11-01",
    "UKH": 2.9808,
    "UKG": 2.6944,
    "UKK": 3.0264,
    "UKD": 2.6424,
    "UKE": 2.6975,
    "UKJ": 2.9686,
    "UKI": 3.3564,
    "UKC": 2.5853,
    "UKL": 2.7379,
    "UKF": 2.7032
  },
  {
    "Date": "2008-12-01",
    "UKH": 2.9305,
    "UKG": 2.6388,
    "UKK": 2.9796,
    "UKD": 2.6069,
    "UKE": 2.6054,
    "UKJ": 2.9219,
    "UKI": 3.3269,
    "UKC": 2.5775,
    "UKL": 2.7053,
    "UKF": 2.6774
  },
  {
    "Date": "2009-01-01",
    "UKH": 2.8819,
    "UKG": 2.6178,
    "UKK": 2.9283,
    "UKD": 2.568,
    "UKE": 2.6002,
    "UKJ": 2.872,
    "UKI": 3.2541,
    "UKC": 2.5212,
    "UKL": 2.652,
    "UKF": 2.6337
  },
  {
    "Date": "2009-02-01",
    "UKH": 2.8642,
    "UKG": 2.5847,
    "UKK": 2.8925,
    "UKD": 2.5422,
    "UKE": 2.5654,
    "UKJ": 2.843,
    "UKI": 3.2186,
    "UKC": 2.536,
    "UKL": 2.6054,
    "UKF": 2.5788
  },
  {
    "Date": "2009-03-01",
    "UKH": 2.8367,
    "UKG": 2.5661,
    "UKK": 2.8749,
    "UKD": 2.5304,
    "UKE": 2.5511,
    "UKJ": 2.8293,
    "UKI": 3.1998,
    "UKC": 2.4999,
    "UKL": 2.6233,
    "UKF": 2.576
  },
  {
    "Date": "2009-04-01",
    "UKH": 2.8375,
    "UKG": 2.5656,
    "UKK": 2.903,
    "UKD": 2.5345,
    "UKE": 2.5565,
    "UKJ": 2.8271,
    "UKI": 3.1878,
    "UKC": 2.497,
    "UKL": 2.6226,
    "UKF": 2.5911
  },
  {
    "Date": "2009-05-01",
    "UKH": 2.8746,
    "UKG": 2.5779,
    "UKK": 2.9124,
    "UKD": 2.5434,
    "UKE": 2.5585,
    "UKJ": 2.8596,
    "UKI": 3.2247,
    "UKC": 2.4922,
    "UKL": 2.6263,
    "UKF": 2.5928
  },
  {
    "Date": "2009-06-01",
    "UKH": 2.8747,
    "UKG": 2.579,
    "UKK": 2.9443,
    "UKD": 2.5474,
    "UKE": 2.5491,
    "UKJ": 2.8864,
    "UKI": 3.2604,
    "UKC": 2.5139,
    "UKL": 2.6616,
    "UKF": 2.6171
  },
  {
    "Date": "2009-07-01",
    "UKH": 2.912,
    "UKG": 2.6177,
    "UKK": 2.9839,
    "UKD": 2.5641,
    "UKE": 2.5747,
    "UKJ": 2.9129,
    "UKI": 3.2946,
    "UKC": 2.4938,
    "UKL": 2.6869,
    "UKF": 2.6469
  },
  {
    "Date": "2009-08-01",
    "UKH": 2.947,
    "UKG": 2.6155,
    "UKK": 3.0168,
    "UKD": 2.5741,
    "UKE": 2.582,
    "UKJ": 2.9527,
    "UKI": 3.3303,
    "UKC": 2.524,
    "UKL": 2.6977,
    "UKF": 2.6605
  },
  {
    "Date": "2009-09-01",
    "UKH": 2.9702,
    "UKG": 2.6339,
    "UKK": 3.0399,
    "UKD": 2.59,
    "UKE": 2.6018,
    "UKJ": 2.9882,
    "UKI": 3.3774,
    "UKC": 2.5369,
    "UKL": 2.6982,
    "UKF": 2.6681
  },
  {
    "Date": "2009-10-01",
    "UKH": 2.987,
    "UKG": 2.6438,
    "UKK": 3.0649,
    "UKD": 2.6092,
    "UKE": 2.6125,
    "UKJ": 3.0083,
    "UKI": 3.4254,
    "UKC": 2.5326,
    "UKL": 2.6999,
    "UKF": 2.687
  },
  {
    "Date": "2009-11-01",
    "UKH": 3.0225,
    "UKG": 2.6556,
    "UKK": 3.0856,
    "UKD": 2.63,
    "UKE": 2.621,
    "UKJ": 3.0405,
    "UKI": 3.4411,
    "UKC": 2.5682,
    "UKL": 2.7284,
    "UKF": 2.6962
  },
  {
    "Date": "2009-12-01",
    "UKH": 3.0358,
    "UKG": 2.6782,
    "UKK": 3.0995,
    "UKD": 2.6223,
    "UKE": 2.6463,
    "UKJ": 3.0611,
    "UKI": 3.4808,
    "UKC": 2.5677,
    "UKL": 2.7279,
    "UKF": 2.7267
  },
  {
    "Date": "2010-01-01",
    "UKH": 3.0418,
    "UKG": 2.6907,
    "UKK": 3.1221,
    "UKD": 2.6103,
    "UKE": 2.6259,
    "UKJ": 3.0805,
    "UKI": 3.5372,
    "UKC": 2.5392,
    "UKL": 2.7079,
    "UKF": 2.7232
  },
  {
    "Date": "2010-02-01",
    "UKH": 3.0607,
    "UKG": 2.6919,
    "UKK": 3.1242,
    "UKD": 2.6161,
    "UKE": 2.6552,
    "UKJ": 3.0891,
    "UKI": 3.5224,
    "UKC": 2.5366,
    "UKL": 2.7008,
    "UKF": 2.7313
  },
  {
    "Date": "2010-03-01",
    "UKH": 3.0851,
    "UKG": 2.692,
    "UKK": 3.1387,
    "UKD": 2.6354,
    "UKE": 2.6371,
    "UKJ": 3.0971,
    "UKI": 3.5471,
    "UKC": 2.5596,
    "UKL": 2.7462,
    "UKF": 2.7277
  },
  {
    "Date": "2010-04-01",
    "UKH": 3.1086,
    "UKG": 2.7184,
    "UKK": 3.1595,
    "UKD": 2.6373,
    "UKE": 2.6476,
    "UKJ": 3.111,
    "UKI": 3.5634,
    "UKC": 2.5791,
    "UKL": 2.749,
    "UKF": 2.7562
  },
  {
    "Date": "2010-05-01",
    "UKH": 3.1065,
    "UKG": 2.7112,
    "UKK": 3.1685,
    "UKD": 2.6394,
    "UKE": 2.6513,
    "UKJ": 3.1454,
    "UKI": 3.5834,
    "UKC": 2.535,
    "UKL": 2.748,
    "UKF": 2.7427
  },
  {
    "Date": "2010-06-01",
    "UKH": 3.134,
    "UKG": 2.7202,
    "UKK": 3.178,
    "UKD": 2.6587,
    "UKE": 2.6755,
    "UKJ": 3.1558,
    "UKI": 3.6123,
    "UKC": 2.5783,
    "UKL": 2.7857,
    "UKF": 2.7798
  },
  {
    "Date": "2010-07-01",
    "UKH": 3.1449,
    "UKG": 2.7184,
    "UKK": 3.1995,
    "UKD": 2.6378,
    "UKE": 2.6783,
    "UKJ": 3.1696,
    "UKI": 3.6473,
    "UKC": 2.5831,
    "UKL": 2.7783,
    "UKF": 2.7747
  },
  {
    "Date": "2010-08-01",
    "UKH": 3.1467,
    "UKG": 2.7329,
    "UKK": 3.1912,
    "UKD": 2.658,
    "UKE": 2.6685,
    "UKJ": 3.1759,
    "UKI": 3.6586,
    "UKC": 2.5791,
    "UKL": 2.7773,
    "UKF": 2.7721
  },
  {
    "Date": "2010-09-01",
    "UKH": 3.1418,
    "UKG": 2.741,
    "UKK": 3.2021,
    "UKD": 2.6461,
    "UKE": 2.6806,
    "UKJ": 3.1762,
    "UKI": 3.6571,
    "UKC": 2.5797,
    "UKL": 2.7733,
    "UKF": 2.7666
  },
  {
    "Date": "2010-10-01",
    "UKH": 3.1597,
    "UKG": 2.7133,
    "UKK": 3.1659,
    "UKD": 2.64,
    "UKE": 2.6496,
    "UKJ": 3.1555,
    "UKI": 3.6424,
    "UKC": 2.5356,
    "UKL": 2.7719,
    "UKF": 2.7478
  },
  {
    "Date": "2010-11-01",
    "UKH": 3.1232,
    "UKG": 2.7019,
    "UKK": 3.1607,
    "UKD": 2.6462,
    "UKE": 2.6559,
    "UKJ": 3.1376,
    "UKI": 3.637,
    "UKC": 2.5325,
    "UKL": 2.7071,
    "UKF": 2.7414
  },
  {
    "Date": "2010-12-01",
    "UKH": 3.0997,
    "UKG": 2.7096,
    "UKK": 3.1363,
    "UKD": 2.6202,
    "UKE": 2.6277,
    "UKJ": 3.1333,
    "UKI": 3.6213,
    "UKC": 2.5429,
    "UKL": 2.7237,
    "UKF": 2.7302
  },
  {
    "Date": "2011-01-01",
    "UKH": 3.0981,
    "UKG": 2.6816,
    "UKK": 3.1201,
    "UKD": 2.5837,
    "UKE": 2.6033,
    "UKJ": 3.099,
    "UKI": 3.6323,
    "UKC": 2.5125,
    "UKL": 2.7143,
    "UKF": 2.7299
  },
  {
    "Date": "2011-02-01",
    "UKH": 3.0803,
    "UKG": 2.6715,
    "UKK": 3.0964,
    "UKD": 2.5814,
    "UKE": 2.6105,
    "UKJ": 3.1038,
    "UKI": 3.6128,
    "UKC": 2.4699,
    "UKL": 2.7001,
    "UKF": 2.7004
  },
  {
    "Date": "2011-03-01",
    "UKH": 3.086,
    "UKG": 2.6529,
    "UKK": 3.097,
    "UKD": 2.5912,
    "UKE": 2.5782,
    "UKJ": 3.097,
    "UKI": 3.6138,
    "UKC": 2.5034,
    "UKL": 2.7089,
    "UKF": 2.6992
  },
  {
    "Date": "2011-04-01",
    "UKH": 3.0789,
    "UKG": 2.6591,
    "UKK": 3.1241,
    "UKD": 2.5968,
    "UKE": 2.6091,
    "UKJ": 3.107,
    "UKI": 3.6579,
    "UKC": 2.5046,
    "UKL": 2.7171,
    "UKF": 2.7207
  },
  {
    "Date": "2011-05-01",
    "UKH": 3.0822,
    "UKG": 2.6598,
    "UKK": 3.1178,
    "UKD": 2.5901,
    "UKE": 2.6221,
    "UKJ": 3.1105,
    "UKI": 3.6532,
    "UKC": 2.5124,
    "UKL": 2.7025,
    "UKF": 2.7289
  },
  {
    "Date": "2011-06-01",
    "UKH": 3.1183,
    "UKG": 2.6849,
    "UKK": 3.1228,
    "UKD": 2.5823,
    "UKE": 2.6038,
    "UKJ": 3.1367,
    "UKI": 3.6733,
    "UKC": 2.5008,
    "UKL": 2.7059,
    "UKF": 2.7107
  },
  {
    "Date": "2011-07-01",
    "UKH": 3.1063,
    "UKG": 2.6771,
    "UKK": 3.1579,
    "UKD": 2.5875,
    "UKE": 2.6028,
    "UKJ": 3.1474,
    "UKI": 3.724,
    "UKC": 2.4759,
    "UKL": 2.708,
    "UKF": 2.7144
  },
  {
    "Date": "2011-08-01",
    "UKH": 3.1196,
    "UKG": 2.6717,
    "UKK": 3.1295,
    "UKD": 2.5836,
    "UKE": 2.614,
    "UKJ": 3.1387,
    "UKI": 3.7373,
    "UKC": 2.5044,
    "UKL": 2.7151,
    "UKF": 2.7324
  },
  {
    "Date": "2011-09-01",
    "UKH": 3.1043,
    "UKG": 2.6795,
    "UKK": 3.1278,
    "UKD": 2.5783,
    "UKE": 2.6039,
    "UKJ": 3.1339,
    "UKI": 3.7288,
    "UKC": 2.4717,
    "UKL": 2.711,
    "UKF": 2.7259
  },
  {
    "Date": "2011-10-01",
    "UKH": 3.1133,
    "UKG": 2.663,
    "UKK": 3.13,
    "UKD": 2.5683,
    "UKE": 2.5844,
    "UKJ": 3.1367,
    "UKI": 3.7166,
    "UKC": 2.466,
    "UKL": 2.6859,
    "UKF": 2.7175
  },
  {
    "Date": "2011-11-01",
    "UKH": 3.1107,
    "UKG": 2.6801,
    "UKK": 3.1285,
    "UKD": 2.5704,
    "UKE": 2.5917,
    "UKJ": 3.1359,
    "UKI": 3.7256,
    "UKC": 2.4609,
    "UKL": 2.6861,
    "UKF": 2.7112
  },
  {
    "Date": "2011-12-01",
    "UKH": 3.111,
    "UKG": 2.668,
    "UKK": 3.1196,
    "UKD": 2.5763,
    "UKE": 2.5749,
    "UKJ": 3.134,
    "UKI": 3.743,
    "UKC": 2.4842,
    "UKL": 2.6976,
    "UKF": 2.7102
  },
  {
    "Date": "2012-01-01",
    "UKH": 3.113,
    "UKG": 2.6516,
    "UKK": 3.1112,
    "UKD": 2.5517,
    "UKE": 2.5812,
    "UKJ": 3.123,
    "UKI": 3.7519,
    "UKC": 2.43,
    "UKL": 2.6748,
    "UKF": 2.6965
  },
  {
    "Date": "2012-02-01",
    "UKH": 3.0998,
    "UKG": 2.6421,
    "UKK": 3.1183,
    "UKD": 2.5398,
    "UKE": 2.5602,
    "UKJ": 3.1319,
    "UKI": 3.7499,
    "UKC": 2.4266,
    "UKL": 2.6763,
    "UKF": 2.6803
  },
  {
    "Date": "2012-03-01",
    "UKH": 3.0989,
    "UKG": 2.6629,
    "UKK": 3.1129,
    "UKD": 2.5645,
    "UKE": 2.5669,
    "UKJ": 3.1306,
    "UKI": 3.7184,
    "UKC": 2.4566,
    "UKL": 2.6725,
    "UKF": 2.708
  },
  {
    "Date": "2012-04-01",
    "UKH": 3.1434,
    "UKG": 2.6611,
    "UKK": 3.1399,
    "UKD": 2.5752,
    "UKE": 2.5742,
    "UKJ": 3.164,
    "UKI": 3.8333,
    "UKC": 2.4832,
    "UKL": 2.7086,
    "UKF": 2.7017
  },
  {
    "Date": "2012-05-01",
    "UKH": 3.1401,
    "UKG": 2.6769,
    "UKK": 3.1603,
    "UKD": 2.5496,
    "UKE": 2.582,
    "UKJ": 3.1768,
    "UKI": 3.8755,
    "UKC": 2.4758,
    "UKL": 2.7023,
    "UKF": 2.7297
  },
  {
    "Date": "2012-06-01",
    "UKH": 3.1584,
    "UKG": 2.7045,
    "UKK": 3.1648,
    "UKD": 2.5825,
    "UKE": 2.6066,
    "UKJ": 3.1953,
    "UKI": 3.8895,
    "UKC": 2.4713,
    "UKL": 2.7017,
    "UKF": 2.7335
  },
  {
    "Date": "2012-07-01",
    "UKH": 3.159,
    "UKG": 2.6851,
    "UKK": 3.1583,
    "UKD": 2.5553,
    "UKE": 2.5838,
    "UKJ": 3.2039,
    "UKI": 3.9141,
    "UKC": 2.4617,
    "UKL": 2.7035,
    "UKF": 2.7402
  },
  {
    "Date": "2012-08-01",
    "UKH": 3.1787,
    "UKG": 2.6775,
    "UKK": 3.169,
    "UKD": 2.574,
    "UKE": 2.585,
    "UKJ": 3.2114,
    "UKI": 3.9449,
    "UKC": 2.4709,
    "UKL": 2.6916,
    "UKF": 2.7437
  },
  {
    "Date": "2012-09-01",
    "UKH": 3.1781,
    "UKG": 2.6931,
    "UKK": 3.1645,
    "UKD": 2.5527,
    "UKE": 2.5704,
    "UKJ": 3.2131,
    "UKI": 3.9283,
    "UKC": 2.4632,
    "UKL": 2.7125,
    "UKF": 2.7374
  },
  {
    "Date": "2012-10-01",
    "UKH": 3.1684,
    "UKG": 2.6883,
    "UKK": 3.1578,
    "UKD": 2.5568,
    "UKE": 2.577,
    "UKJ": 3.1997,
    "UKI": 3.917,
    "UKC": 2.4344,
    "UKL": 2.6952,
    "UKF": 2.7352
  },
  {
    "Date": "2012-11-01",
    "UKH": 3.165,
    "UKG": 2.6783,
    "UKK": 3.1681,
    "UKD": 2.559,
    "UKE": 2.5732,
    "UKJ": 3.2162,
    "UKI": 3.9298,
    "UKC": 2.4412,
    "UKL": 2.6815,
    "UKF": 2.7341
  },
  {
    "Date": "2012-12-01",
    "UKH": 3.1592,
    "UKG": 2.6864,
    "UKK": 3.1726,
    "UKD": 2.5486,
    "UKE": 2.5697,
    "UKJ": 3.2134,
    "UKI": 3.9712,
    "UKC": 2.4388,
    "UKL": 2.7,
    "UKF": 2.7426
  },
  {
    "Date": "2013-01-01",
    "UKH": 3.1582,
    "UKG": 2.6835,
    "UKK": 3.1597,
    "UKD": 2.5307,
    "UKE": 2.5417,
    "UKJ": 3.2057,
    "UKI": 3.9708,
    "UKC": 2.4201,
    "UKL": 2.6905,
    "UKF": 2.7155
  },
  {
    "Date": "2013-02-01",
    "UKH": 3.1626,
    "UKG": 2.6783,
    "UKK": 3.1589,
    "UKD": 2.5505,
    "UKE": 2.562,
    "UKJ": 3.2055,
    "UKI": 3.9674,
    "UKC": 2.4061,
    "UKL": 2.6938,
    "UKF": 2.72
  },
  {
    "Date": "2013-03-01",
    "UKH": 3.1705,
    "UKG": 2.6901,
    "UKK": 3.1727,
    "UKD": 2.5352,
    "UKE": 2.5707,
    "UKJ": 3.2083,
    "UKI": 3.9919,
    "UKC": 2.4191,
    "UKL": 2.6805,
    "UKF": 2.7451
  },
  {
    "Date": "2013-04-01",
    "UKH": 3.1965,
    "UKG": 2.6923,
    "UKK": 3.1874,
    "UKD": 2.5686,
    "UKE": 2.5712,
    "UKJ": 3.2423,
    "UKI": 4.0394,
    "UKC": 2.4437,
    "UKL": 2.6958,
    "UKF": 2.7469
  },
  {
    "Date": "2013-05-01",
    "UKH": 3.2092,
    "UKG": 2.7159,
    "UKK": 3.1961,
    "UKD": 2.5802,
    "UKE": 2.5907,
    "UKJ": 3.2456,
    "UKI": 4.0648,
    "UKC": 2.4628,
    "UKL": 2.6956,
    "UKF": 2.7695
  },
  {
    "Date": "2013-06-01",
    "UKH": 3.2371,
    "UKG": 2.7375,
    "UKK": 3.2111,
    "UKD": 2.5727,
    "UKE": 2.5902,
    "UKJ": 3.2855,
    "UKI": 4.121,
    "UKC": 2.4814,
    "UKL": 2.7278,
    "UKF": 2.7741
  },
  {
    "Date": "2013-07-01",
    "UKH": 3.2579,
    "UKG": 2.7402,
    "UKK": 3.2298,
    "UKD": 2.5759,
    "UKE": 2.5979,
    "UKJ": 3.2957,
    "UKI": 4.1701,
    "UKC": 2.5028,
    "UKL": 2.7125,
    "UKF": 2.782
  },
  {
    "Date": "2013-08-01",
    "UKH": 3.2719,
    "UKG": 2.7421,
    "UKK": 3.2358,
    "UKD": 2.5855,
    "UKE": 2.6087,
    "UKJ": 3.32,
    "UKI": 4.2155,
    "UKC": 2.4891,
    "UKL": 2.7218,
    "UKF": 2.7941
  },
  {
    "Date": "2013-09-01",
    "UKH": 3.2863,
    "UKG": 2.7505,
    "UKK": 3.2503,
    "UKD": 2.6028,
    "UKE": 2.637,
    "UKJ": 3.3486,
    "UKI": 4.2604,
    "UKC": 2.4866,
    "UKL": 2.7315,
    "UKF": 2.7988
  },
  {
    "Date": "2013-10-01",
    "UKH": 3.3089,
    "UKG": 2.7519,
    "UKK": 3.2639,
    "UKD": 2.5972,
    "UKE": 2.6258,
    "UKJ": 3.3563,
    "UKI": 4.2665,
    "UKC": 2.4639,
    "UKL": 2.754,
    "UKF": 2.8177
  },
  {
    "Date": "2013-11-01",
    "UKH": 3.3029,
    "UKG": 2.777,
    "UKK": 3.2715,
    "UKD": 2.6112,
    "UKE": 2.6277,
    "UKJ": 3.3669,
    "UKI": 4.3247,
    "UKC": 2.4861,
    "UKL": 2.7547,
    "UKF": 2.8301
  },
  {
    "Date": "2013-12-01",
    "UKH": 3.3557,
    "UKG": 2.7814,
    "UKK": 3.2915,
    "UKD": 2.6293,
    "UKE": 2.6444,
    "UKJ": 3.3958,
    "UKI": 4.3852,
    "UKC": 2.4942,
    "UKL": 2.7629,
    "UKF": 2.8539
  },
  {
    "Date": "2014-01-01",
    "UKH": 3.3544,
    "UKG": 2.7704,
    "UKK": 3.2833,
    "UKD": 2.6204,
    "UKE": 2.6357,
    "UKJ": 3.4159,
    "UKI": 4.425,
    "UKC": 2.475,
    "UKL": 2.7622,
    "UKF": 2.8644
  },
  {
    "Date": "2014-02-01",
    "UKH": 3.3697,
    "UKG": 2.7866,
    "UKK": 3.3034,
    "UKD": 2.637,
    "UKE": 2.647,
    "UKJ": 3.4301,
    "UKI": 4.449,
    "UKC": 2.5048,
    "UKL": 2.7812,
    "UKF": 2.8697
  },
  {
    "Date": "2014-03-01",
    "UKH": 3.3949,
    "UKG": 2.8155,
    "UKK": 3.3235,
    "UKD": 2.6367,
    "UKE": 2.6554,
    "UKJ": 3.439,
    "UKI": 4.502,
    "UKC": 2.508,
    "UKL": 2.7734,
    "UKF": 2.8904
  },
  {
    "Date": "2014-04-01",
    "UKH": 3.4464,
    "UKG": 2.8373,
    "UKK": 3.3486,
    "UKD": 2.6621,
    "UKE": 2.6885,
    "UKJ": 3.496,
    "UKI": 4.643,
    "UKC": 2.5283,
    "UKL": 2.7958,
    "UKF": 2.9133
  },
  {
    "Date": "2014-05-01",
    "UKH": 3.4874,
    "UKG": 2.831,
    "UKK": 3.3947,
    "UKD": 2.6682,
    "UKE": 2.7004,
    "UKJ": 3.5387,
    "UKI": 4.7278,
    "UKC": 2.5397,
    "UKL": 2.8278,
    "UKF": 2.9447
  },
  {
    "Date": "2014-06-01",
    "UKH": 3.5181,
    "UKG": 2.875,
    "UKK": 3.4138,
    "UKD": 2.6922,
    "UKE": 2.7137,
    "UKJ": 3.5801,
    "UKI": 4.7914,
    "UKC": 2.5468,
    "UKL": 2.8219,
    "UKF": 2.9506
  },
  {
    "Date": "2014-07-01",
    "UKH": 3.5636,
    "UKG": 2.8831,
    "UKK": 3.4333,
    "UKD": 2.6991,
    "UKE": 2.7256,
    "UKJ": 3.6331,
    "UKI": 4.8684,
    "UKC": 2.5556,
    "UKL": 2.8483,
    "UKF": 2.9588
  },
  {
    "Date": "2014-08-01",
    "UKH": 3.5988,
    "UKG": 2.8961,
    "UKK": 3.4591,
    "UKD": 2.7192,
    "UKE": 2.7447,
    "UKJ": 3.6771,
    "UKI": 4.9789,
    "UKC": 2.5729,
    "UKL": 2.8478,
    "UKF": 2.9952
  },
  {
    "Date": "2014-09-01",
    "UKH": 3.6216,
    "UKG": 2.899,
    "UKK": 3.4717,
    "UKD": 2.7137,
    "UKE": 2.7411,
    "UKJ": 3.6922,
    "UKI": 4.9551,
    "UKC": 2.5606,
    "UKL": 2.8634,
    "UKF": 2.9929
  },
  {
    "Date": "2014-10-01",
    "UKH": 3.6381,
    "UKG": 2.9072,
    "UKK": 3.4796,
    "UKD": 2.7128,
    "UKE": 2.7407,
    "UKJ": 3.7085,
    "UKI": 4.9515,
    "UKC": 2.538,
    "UKL": 2.8574,
    "UKF": 3.0025
  },
  {
    "Date": "2014-11-01",
    "UKH": 3.6415,
    "UKG": 2.9189,
    "UKK": 3.4787,
    "UKD": 2.7172,
    "UKE": 2.7435,
    "UKJ": 3.7262,
    "UKI": 4.9308,
    "UKC": 2.5551,
    "UKL": 2.8747,
    "UKF": 3.0124
  },
  {
    "Date": "2014-12-01",
    "UKH": 3.6786,
    "UKG": 2.9216,
    "UKK": 3.4759,
    "UKD": 2.7164,
    "UKE": 2.7625,
    "UKJ": 3.7281,
    "UKI": 4.9704,
    "UKC": 2.5483,
    "UKL": 2.8598,
    "UKF": 3.0154
  },
  {
    "Date": "2015-01-01",
    "UKH": 3.6737,
    "UKG": 2.9143,
    "UKK": 3.4977,
    "UKD": 2.7161,
    "UKE": 2.7386,
    "UKJ": 3.7319,
    "UKI": 4.9738,
    "UKC": 2.5447,
    "UKL": 2.8655,
    "UKF": 3.0145
  },
  {
    "Date": "2015-02-01",
    "UKH": 3.6898,
    "UKG": 2.9235,
    "UKK": 3.4909,
    "UKD": 2.7127,
    "UKE": 2.7525,
    "UKJ": 3.7453,
    "UKI": 4.9551,
    "UKC": 2.5723,
    "UKL": 2.8893,
    "UKF": 3.0164
  },
  {
    "Date": "2015-03-01",
    "UKH": 3.6967,
    "UKG": 2.9238,
    "UKK": 3.5052,
    "UKD": 2.7065,
    "UKE": 2.7462,
    "UKJ": 3.7641,
    "UKI": 5.0111,
    "UKC": 2.5487,
    "UKL": 2.853,
    "UKF": 3.0311
  },
  {
    "Date": "2015-04-01",
    "UKH": 3.7363,
    "UKG": 2.9529,
    "UKK": 3.5421,
    "UKD": 2.7542,
    "UKE": 2.7772,
    "UKJ": 3.8016,
    "UKI": 5.0906,
    "UKC": 2.5663,
    "UKL": 2.8692,
    "UKF": 3.0554
  },
  {
    "Date": "2015-05-01",
    "UKH": 3.7814,
    "UKG": 2.9628,
    "UKK": 3.5521,
    "UKD": 2.7633,
    "UKE": 2.7842,
    "UKJ": 3.8366,
    "UKI": 5.1321,
    "UKC": 2.5772,
    "UKL": 2.8926,
    "UKF": 3.0586
  },
  {
    "Date": "2015-06-01",
    "UKH": 3.8035,
    "UKG": 2.9711,
    "UKK": 3.5773,
    "UKD": 2.7803,
    "UKE": 2.8026,
    "UKJ": 3.8699,
    "UKI": 5.18,
    "UKC": 2.5927,
    "UKL": 2.9222,
    "UKF": 3.0853
  },
  {
    "Date": "2015-07-01",
    "UKH": 3.8602,
    "UKG": 3.0036,
    "UKK": 3.6066,
    "UKD": 2.7839,
    "UKE": 2.8132,
    "UKJ": 3.917,
    "UKI": 5.2582,
    "UKC": 2.6076,
    "UKL": 2.9068,
    "UKF": 3.112
  },
  {
    "Date": "2015-08-01",
    "UKH": 3.8834,
    "UKG": 3.0269,
    "UKK": 3.6367,
    "UKD": 2.7967,
    "UKE": 2.8387,
    "UKJ": 3.955,
    "UKI": 5.3355,
    "UKC": 2.6146,
    "UKL": 2.9123,
    "UKF": 3.1217
  },
  {
    "Date": "2015-09-01",
    "UKH": 3.8967,
    "UKG": 3.0412,
    "UKK": 3.658,
    "UKD": 2.8143,
    "UKE": 2.8472,
    "UKJ": 3.9774,
    "UKI": 5.3706,
    "UKC": 2.5995,
    "UKL": 2.927,
    "UKF": 3.1268
  },
  {
    "Date": "2015-10-01",
    "UKH": 3.938,
    "UKG": 3.0391,
    "UKK": 3.6679,
    "UKD": 2.8115,
    "UKE": 2.8387,
    "UKJ": 4.0082,
    "UKI": 5.408,
    "UKC": 2.6089,
    "UKL": 2.9489,
    "UKF": 3.1524
  },
  {
    "Date": "2015-11-01",
    "UKH": 3.9705,
    "UKG": 3.0436,
    "UKK": 3.6744,
    "UKD": 2.82,
    "UKE": 2.849,
    "UKJ": 4.0256,
    "UKI": 5.4433,
    "UKC": 2.6145,
    "UKL": 2.9611,
    "UKF": 3.1543
  },
  {
    "Date": "2015-12-01",
    "UKH": 3.9921,
    "UKG": 3.055,
    "UKK": 3.6842,
    "UKD": 2.8285,
    "UKE": 2.8516,
    "UKJ": 4.0628,
    "UKI": 5.4913,
    "UKC": 2.614,
    "UKL": 2.9472,
    "UKF": 3.1609
  },
  {
    "Date": "2016-01-01",
    "UKH": 4.0204,
    "UKG": 3.0666,
    "UKK": 3.71,
    "UKD": 2.8204,
    "UKE": 2.836,
    "UKJ": 4.0806,
    "UKI": 5.5531,
    "UKC": 2.5919,
    "UKL": 2.977,
    "UKF": 3.1826
  },
  {
    "Date": "2016-02-01",
    "UKH": 4.0439,
    "UKG": 3.0633,
    "UKK": 3.7239,
    "UKD": 2.8247,
    "UKE": 2.8675,
    "UKJ": 4.1137,
    "UKI": 5.6186,
    "UKC": 2.6059,
    "UKL": 2.973,
    "UKF": 3.1993
  },
  {
    "Date": "2016-03-01",
    "UKH": 4.0819,
    "UKG": 3.06,
    "UKK": 3.7176,
    "UKD": 2.8373,
    "UKE": 2.8505,
    "UKJ": 4.1324,
    "UKI": 5.6441,
    "UKC": 2.602,
    "UKL": 2.9663,
    "UKF": 3.1846
  },
  {
    "Date": "2016-04-01",
    "UKH": 4.1292,
    "UKG": 3.1224,
    "UKK": 3.7691,
    "UKD": 2.8665,
    "UKE": 2.8925,
    "UKJ": 4.2043,
    "UKI": 5.6941,
    "UKC": 2.6244,
    "UKL": 2.9904,
    "UKF": 3.2485
  },
  {
    "Date": "2016-05-01",
    "UKH": 4.2024,
    "UKG": 3.1334,
    "UKK": 3.799,
    "UKD": 2.8969,
    "UKE": 2.9062,
    "UKJ": 4.2403,
    "UKI": 5.7773,
    "UKC": 2.6511,
    "UKL": 3.0122,
    "UKF": 3.2743
  },
  {
    "Date": "2016-06-01",
    "UKH": 4.2403,
    "UKG": 3.1631,
    "UKK": 3.8206,
    "UKD": 2.9013,
    "UKE": 2.9263,
    "UKJ": 4.2819,
    "UKI": 5.7844,
    "UKC": 2.6507,
    "UKL": 3.0254,
    "UKF": 3.2818
  },
  {
    "Date": "2016-07-01",
    "UKH": 4.282,
    "UKG": 3.194,
    "UKK": 3.862,
    "UKD": 2.9264,
    "UKE": 2.9545,
    "UKJ": 4.3229,
    "UKI": 5.8711,
    "UKC": 2.6416,
    "UKL": 3.0473,
    "UKF": 3.3096
  },
  {
    "Date": "2016-08-01",
    "UKH": 4.2925,
    "UKG": 3.1975,
    "UKK": 3.8781,
    "UKD": 2.9307,
    "UKE": 2.9325,
    "UKJ": 4.3358,
    "UKI": 5.8773,
    "UKC": 2.6662,
    "UKL": 3.0423,
    "UKF": 3.3168
  },
  {
    "Date": "2016-09-01",
    "UKH": 4.3161,
    "UKG": 3.1872,
    "UKK": 3.9027,
    "UKD": 2.9417,
    "UKE": 2.9464,
    "UKJ": 4.3328,
    "UKI": 5.8627,
    "UKC": 2.6521,
    "UKL": 3.0593,
    "UKF": 3.3165
  },
  {
    "Date": "2016-10-01",
    "UKH": 4.3331,
    "UKG": 3.1824,
    "UKK": 3.8798,
    "UKD": 2.9106,
    "UKE": 2.9534,
    "UKJ": 4.3469,
    "UKI": 5.8519,
    "UKC": 2.6469,
    "UKL": 3.051,
    "UKF": 3.3133
  },
  {
    "Date": "2016-11-01",
    "UKH": 4.3444,
    "UKG": 3.2059,
    "UKK": 3.8925,
    "UKD": 2.9368,
    "UKE": 2.9343,
    "UKJ": 4.3366,
    "UKI": 5.8208,
    "UKC": 2.6344,
    "UKL": 3.0613,
    "UKF": 3.3359
  },
  {
    "Date": "2016-12-01",
    "UKH": 4.3664,
    "UKG": 3.2127,
    "UKK": 3.9083,
    "UKD": 2.9368,
    "UKE": 2.9404,
    "UKJ": 4.3522,
    "UKI": 5.8659,
    "UKC": 2.634,
    "UKL": 3.083,
    "UKF": 3.3611
  },
  {
    "Date": "2017-01-01",
    "UKH": 4.3903,
    "UKG": 3.237,
    "UKK": 3.9158,
    "UKD": 2.9398,
    "UKE": 2.9272,
    "UKJ": 4.3767,
    "UKI": 5.8731,
    "UKC": 2.6449,
    "UKL": 3.0508,
    "UKF": 3.3655
  },
  {
    "Date": "2017-02-01",
    "UKH": 4.3967,
    "UKG": 3.2267,
    "UKK": 3.9182,
    "UKD": 2.9314,
    "UKE": 2.9557,
    "UKJ": 4.3731,
    "UKI": 5.9102,
    "UKC": 2.6271,
    "UKL": 3.0558,
    "UKF": 3.3638
  },
  {
    "Date": "2017-03-01",
    "UKH": 4.4083,
    "UKG": 3.2456,
    "UKK": 3.9194,
    "UKD": 2.9505,
    "UKE": 2.934,
    "UKJ": 4.3821,
    "UKI": 5.8819,
    "UKC": 2.6186,
    "UKL": 3.0679,
    "UKF": 3.3878
  },
  {
    "Date": "2017-04-01",
    "UKH": 4.4502,
    "UKG": 3.2855,
    "UKK": 3.9491,
    "UKD": 2.9814,
    "UKE": 2.9772,
    "UKJ": 4.4185,
    "UKI": 5.9364,
    "UKC": 2.6645,
    "UKL": 3.0941,
    "UKF": 3.4139
  },
  {
    "Date": "2017-05-01",
    "UKH": 4.4858,
    "UKG": 3.2993,
    "UKK": 3.9944,
    "UKD": 2.9937,
    "UKE": 2.9905,
    "UKJ": 4.4469,
    "UKI": 5.9932,
    "UKC": 2.6919,
    "UKL": 3.0852,
    "UKF": 3.4302
  },
  {
    "Date": "2017-06-01",
    "UKH": 4.4927,
    "UKG": 3.3088,
    "UKK": 4.0056,
    "UKD": 3.0189,
    "UKE": 3.0248,
    "UKJ": 4.482,
    "UKI": 5.9787,
    "UKC": 2.6779,
    "UKL": 3.1066,
    "UKF": 3.4595
  },
  {
    "Date": "2017-07-01",
    "UKH": 4.5417,
    "UKG": 3.3379,
    "UKK": 4.0463,
    "UKD": 3.0434,
    "UKE": 3.0315,
    "UKJ": 4.5051,
    "UKI": 6.0367,
    "UKC": 2.7014,
    "UKL": 3.1652,
    "UKF": 3.4936
  },
  {
    "Date": "2017-08-01",
    "UKH": 4.5576,
    "UKG": 3.3607,
    "UKK": 4.0863,
    "UKD": 3.0641,
    "UKE": 3.0555,
    "UKJ": 4.5303,
    "UKI": 6.1004,
    "UKC": 2.685,
    "UKL": 3.1512,
    "UKF": 3.5129
  },
  {
    "Date": "2017-09-01",
    "UKH": 4.5832,
    "UKG": 3.3545,
    "UKK": 4.0747,
    "UKD": 3.062,
    "UKE": 3.0525,
    "UKJ": 4.5191,
    "UKI": 6.0545,
    "UKC": 2.703,
    "UKL": 3.1785,
    "UKF": 3.5148
  },
  {
    "Date": "2017-10-01",
    "UKH": 4.5908,
    "UKG": 3.3748,
    "UKK": 4.0772,
    "UKD": 3.0532,
    "UKE": 3.0597,
    "UKJ": 4.5382,
    "UKI": 5.9924,
    "UKC": 2.7049,
    "UKL": 3.1881,
    "UKF": 3.5293
  },
  {
    "Date": "2017-11-01",
    "UKH": 4.5707,
    "UKG": 3.3894,
    "UKK": 4.0919,
    "UKD": 3.0705,
    "UKE": 3.0719,
    "UKJ": 4.5338,
    "UKI": 5.9713,
    "UKC": 2.6923,
    "UKL": 3.1854,
    "UKF": 3.5451
  },
  {
    "Date": "2017-12-01",
    "UKH": 4.5911,
    "UKG": 3.3968,
    "UKK": 4.0983,
    "UKD": 3.0696,
    "UKE": 3.0696,
    "UKJ": 4.5234,
    "UKI": 6.0059,
    "UKC": 2.72,
    "UKL": 3.1964,
    "UKF": 3.5477
  },
  {
    "Date": "2018-01-01",
    "UKH": 4.6069,
    "UKG": 3.3904,
    "UKK": 4.1147,
    "UKD": 3.0798,
    "UKE": 3.0688,
    "UKJ": 4.5273,
    "UKI": 5.9626,
    "UKC": 2.6882,
    "UKL": 3.2116,
    "UKF": 3.5293
  },
  {
    "Date": "2018-02-01",
    "UKH": 4.6048,
    "UKG": 3.3858,
    "UKK": 4.0904,
    "UKD": 3.0671,
    "UKE": 3.0806,
    "UKJ": 4.5369,
    "UKI": 5.9398,
    "UKC": 2.6958,
    "UKL": 3.2099,
    "UKF": 3.5698
  },
  {
    "Date": "2018-03-01",
    "UKH": 4.608,
    "UKG": 3.3966,
    "UKK": 4.122,
    "UKD": 3.0805,
    "UKE": 3.0616,
    "UKJ": 4.5258,
    "UKI": 5.9597,
    "UKC": 2.6531,
    "UKL": 3.2173,
    "UKF": 3.5628
  },
  {
    "Date": "2018-04-01",
    "UKH": 4.6124,
    "UKG": 3.4228,
    "UKK": 4.1273,
    "UKD": 3.0986,
    "UKE": 3.0908,
    "UKJ": 4.546,
    "UKI": 5.9207,
    "UKC": 2.7293,
    "UKL": 3.2137,
    "UKF": 3.5807
  },
  {
    "Date": "2018-05-01",
    "UKH": 4.6303,
    "UKG": 3.438,
    "UKK": 4.143,
    "UKD": 3.099,
    "UKE": 3.1072,
    "UKJ": 4.5798,
    "UKI": 6.0364,
    "UKC": 2.7261,
    "UKL": 3.2264,
    "UKF": 3.6007
  },
  {
    "Date": "2018-06-01",
    "UKH": 4.6338,
    "UKG": 3.4788,
    "UKK": 4.1902,
    "UKD": 3.1373,
    "UKE": 3.1269,
    "UKJ": 4.5792,
    "UKI": 5.9808,
    "UKC": 2.7219,
    "UKL": 3.2853,
    "UKF": 3.6377
  },
  {
    "Date": "2018-07-01",
    "UKH": 4.6753,
    "UKG": 3.5225,
    "UKK": 4.2231,
    "UKD": 3.1589,
    "UKE": 3.1342,
    "UKJ": 4.5969,
    "UKI": 6.0057,
    "UKC": 2.7223,
    "UKL": 3.3122,
    "UKF": 3.6557
  },
  {
    "Date": "2018-08-01",
    "UKH": 4.7023,
    "UKG": 3.5221,
    "UKK": 4.2203,
    "UKD": 3.1801,
    "UKE": 3.1767,
    "UKJ": 4.6047,
    "UKI": 6.0052,
    "UKC": 2.7498,
    "UKL": 3.3132,
    "UKF": 3.6689
  },
  {
    "Date": "2018-09-01",
    "UKH": 4.6784,
    "UKG": 3.5209,
    "UKK": 4.2212,
    "UKD": 3.1849,
    "UKE": 3.1571,
    "UKJ": 4.612,
    "UKI": 6.0009,
    "UKC": 2.73,
    "UKL": 3.3438,
    "UKF": 3.6943
  },
  {
    "Date": "2018-10-01",
    "UKH": 4.6945,
    "UKG": 3.5258,
    "UKK": 4.2101,
    "UKD": 3.1698,
    "UKE": 3.1576,
    "UKJ": 4.5757,
    "UKI": 5.9453,
    "UKC": 2.7559,
    "UKL": 3.3452,
    "UKF": 3.6715
  },
  {
    "Date": "2018-11-01",
    "UKH": 4.6704,
    "UKG": 3.5568,
    "UKK": 4.228,
    "UKD": 3.177,
    "UKE": 3.1734,
    "UKJ": 4.591,
    "UKI": 5.933,
    "UKC": 2.7248,
    "UKL": 3.3503,
    "UKF": 3.709
  },
  {
    "Date": "2018-12-01",
    "UKH": 4.6848,
    "UKG": 3.5444,
    "UKK": 4.2264,
    "UKD": 3.1814,
    "UKE": 3.1589,
    "UKJ": 4.5499,
    "UKI": 5.8755,
    "UKC": 2.719,
    "UKL": 3.3259,
    "UKF": 3.6998
  },
  {
    "Date": "2019-01-01",
    "UKH": 4.6699,
    "UKG": 3.5227,
    "UKK": 4.2165,
    "UKD": 3.1845,
    "UKE": 3.1516,
    "UKJ": 4.5453,
    "UKI": 5.8713,
    "UKC": 2.6882,
    "UKL": 3.3472,
    "UKF": 3.6765
  },
  {
    "Date": "2019-02-01",
    "UKH": 4.6403,
    "UKG": 3.5337,
    "UKK": 4.1891,
    "UKD": 3.1929,
    "UKE": 3.1522,
    "UKJ": 4.5245,
    "UKI": 5.8672,
    "UKC": 2.6937,
    "UKL": 3.3263,
    "UKF": 3.6676
  },
  {
    "Date": "2019-03-01",
    "UKH": 4.6358,
    "UKG": 3.5203,
    "UKK": 4.1769,
    "UKD": 3.1764,
    "UKE": 3.1566,
    "UKJ": 4.5339,
    "UKI": 5.8156,
    "UKC": 2.6662,
    "UKL": 3.3522,
    "UKF": 3.7077
  },
  {
    "Date": "2019-04-01",
    "UKH": 4.6346,
    "UKG": 3.5462,
    "UKK": 4.1925,
    "UKD": 3.1905,
    "UKE": 3.1839,
    "UKJ": 4.5352,
    "UKI": 5.858,
    "UKC": 2.7506,
    "UKL": 3.362,
    "UKF": 3.718
  },
  {
    "Date": "2019-05-01",
    "UKH": 4.6647,
    "UKG": 3.5623,
    "UKK": 4.2277,
    "UKD": 3.2353,
    "UKE": 3.2072,
    "UKJ": 4.5381,
    "UKI": 5.8292,
    "UKC": 2.7387,
    "UKL": 3.3701,
    "UKF": 3.7152
  },
  {
    "Date": "2019-06-01",
    "UKH": 4.6807,
    "UKG": 3.5777,
    "UKK": 4.2235,
    "UKD": 3.2372,
    "UKE": 3.209,
    "UKJ": 4.553,
    "UKI": 5.8504,
    "UKC": 2.7968,
    "UKL": 3.4165,
    "UKF": 3.7608
  },
  {
    "Date": "2019-07-01",
    "UKH": 4.7031,
    "UKG": 3.5762,
    "UKK": 4.2631,
    "UKD": 3.268,
    "UKE": 3.2485,
    "UKJ": 4.5881,
    "UKI": 5.9423,
    "UKC": 2.7572,
    "UKL": 3.4096,
    "UKF": 3.746
  },
  {
    "Date": "2019-08-01",
    "UKH": 4.7017,
    "UKG": 3.6237,
    "UKK": 4.2611,
    "UKD": 3.2781,
    "UKE": 3.2649,
    "UKJ": 4.6026,
    "UKI": 5.9566,
    "UKC": 2.7789,
    "UKL": 3.4812,
    "UKF": 3.7727
  },
  {
    "Date": "2019-09-01",
    "UKH": 4.7068,
    "UKG": 3.6204,
    "UKK": 4.2732,
    "UKD": 3.2813,
    "UKE": 3.2566,
    "UKJ": 4.5955,
    "UKI": 5.9397,
    "UKC": 2.7806,
    "UKL": 3.4339,
    "UKF": 3.7703
  },
  {
    "Date": "2019-10-01",
    "UKH": 4.7398,
    "UKG": 3.6459,
    "UKK": 4.2976,
    "UKD": 3.2746,
    "UKE": 3.2747,
    "UKJ": 4.5842,
    "UKI": 5.9288,
    "UKC": 2.7799,
    "UKL": 3.4575,
    "UKF": 3.7731
  }
]
