[
  {
    "Date": "1995-02-01",
    "England": 1.0109,
    "Wales": 0.9895
  },
  {
    "Date": "1995-03-01",
    "England": 1.014,
    "Wales": 0.9958
  },
  {
    "Date": "1995-04-01",
    "England": 1.0099,
    "Wales": 0.9893
  },
  {
    "Date": "1995-05-01",
    "England": 1.0132,
    "Wales": 0.9991
  },
  {
    "Date": "1995-06-01",
    "England": 1.0204,
    "Wales": 0.9977
  },
  {
    "Date": "1995-07-01",
    "England": 1.0069,
    "Wales": 0.9872
  },
  {
    "Date": "1995-08-01",
    "England": 1.0074,
    "Wales": 0.9906
  },
  {
    "Date": "1995-09-01",
    "England": 1.0147,
    "Wales": 0.9978
  },
  {
    "Date": "1995-10-01",
    "England": 1.0136,
    "Wales": 0.9793
  },
  {
    "Date": "1995-11-01",
    "England": 1.0179,
    "Wales": 1.0001
  },
  {
    "Date": "1995-12-01",
    "England": 1.0264,
    "Wales": 0.9914
  },
  {
    "Date": "1996-01-01",
    "England": 1.0115,
    "Wales": 0.9894
  },
  {
    "Date": "1996-02-01",
    "England": 1.0198,
    "Wales": 0.9905
  },
  {
    "Date": "1996-03-01",
    "England": 1.0233,
    "Wales": 0.9902
  },
  {
    "Date": "1996-04-01",
    "England": 1.0209,
    "Wales": 0.9987
  },
  {
    "Date": "1996-05-01",
    "England": 1.0284,
    "Wales": 0.9969
  },
  {
    "Date": "1996-06-01",
    "England": 1.0377,
    "Wales": 1.0047
  },
  {
    "Date": "1996-07-01",
    "England": 1.0301,
    "Wales": 1.0087
  },
  {
    "Date": "1996-08-01",
    "England": 1.036,
    "Wales": 1.0076
  },
  {
    "Date": "1996-09-01",
    "England": 1.046,
    "Wales": 1.0139
  },
  {
    "Date": "1996-10-01",
    "England": 1.0496,
    "Wales": 1.0165
  },
  {
    "Date": "1996-11-01",
    "England": 1.0584,
    "Wales": 1.0179
  },
  {
    "Date": "1996-12-01",
    "England": 1.0651,
    "Wales": 1.0188
  },
  {
    "Date": "1997-01-01",
    "England": 1.0643,
    "Wales": 1.0213
  },
  {
    "Date": "1997-02-01",
    "England": 1.0728,
    "Wales": 1.0257
  },
  {
    "Date": "1997-03-01",
    "England": 1.0862,
    "Wales": 1.0325
  },
  {
    "Date": "1997-04-01",
    "England": 1.0883,
    "Wales": 1.0371
  },
  {
    "Date": "1997-05-01",
    "England": 1.1008,
    "Wales": 1.0421
  },
  {
    "Date": "1997-06-01",
    "England": 1.1126,
    "Wales": 1.0582
  },
  {
    "Date": "1997-07-01",
    "England": 1.1143,
    "Wales": 1.0498
  },
  {
    "Date": "1997-08-01",
    "England": 1.1271,
    "Wales": 1.0557
  },
  {
    "Date": "1997-09-01",
    "England": 1.1366,
    "Wales": 1.07
  },
  {
    "Date": "1997-10-01",
    "England": 1.1453,
    "Wales": 1.0725
  },
  {
    "Date": "1997-11-01",
    "England": 1.1539,
    "Wales": 1.0681
  },
  {
    "Date": "1997-12-01",
    "England": 1.1645,
    "Wales": 1.0835
  },
  {
    "Date": "1998-01-01",
    "England": 1.1644,
    "Wales": 1.0797
  },
  {
    "Date": "1998-02-01",
    "England": 1.1749,
    "Wales": 1.0798
  },
  {
    "Date": "1998-03-01",
    "England": 1.1823,
    "Wales": 1.0919
  },
  {
    "Date": "1998-04-01",
    "England": 1.191,
    "Wales": 1.0938
  },
  {
    "Date": "1998-05-01",
    "England": 1.2008,
    "Wales": 1.1032
  },
  {
    "Date": "1998-06-01",
    "England": 1.2107,
    "Wales": 1.1078
  },
  {
    "Date": "1998-07-01",
    "England": 1.2158,
    "Wales": 1.1112
  },
  {
    "Date": "1998-08-01",
    "England": 1.2244,
    "Wales": 1.1099
  },
  {
    "Date": "1998-09-01",
    "England": 1.2309,
    "Wales": 1.1163
  },
  {
    "Date": "1998-10-01",
    "England": 1.2373,
    "Wales": 1.1261
  },
  {
    "Date": "1998-11-01",
    "England": 1.2438,
    "Wales": 1.1321
  },
  {
    "Date": "1998-12-01",
    "England": 1.2537,
    "Wales": 1.1368
  },
  {
    "Date": "1999-01-01",
    "England": 1.2495,
    "Wales": 1.1351
  },
  {
    "Date": "1999-02-01",
    "England": 1.2576,
    "Wales": 1.1331
  },
  {
    "Date": "1999-03-01",
    "England": 1.2668,
    "Wales": 1.1383
  },
  {
    "Date": "1999-04-01",
    "England": 1.2786,
    "Wales": 1.1544
  },
  {
    "Date": "1999-05-01",
    "England": 1.2899,
    "Wales": 1.157
  },
  {
    "Date": "1999-06-01",
    "England": 1.3048,
    "Wales": 1.1583
  },
  {
    "Date": "1999-07-01",
    "England": 1.3148,
    "Wales": 1.1663
  },
  {
    "Date": "1999-08-01",
    "England": 1.333,
    "Wales": 1.1846
  },
  {
    "Date": "1999-09-01",
    "England": 1.3472,
    "Wales": 1.1856
  },
  {
    "Date": "1999-10-01",
    "England": 1.3635,
    "Wales": 1.2
  },
  {
    "Date": "1999-11-01",
    "England": 1.38,
    "Wales": 1.2077
  },
  {
    "Date": "1999-12-01",
    "England": 1.4007,
    "Wales": 1.2185
  },
  {
    "Date": "2000-01-01",
    "England": 1.407,
    "Wales": 1.2273
  },
  {
    "Date": "2000-02-01",
    "England": 1.4217,
    "Wales": 1.2221
  },
  {
    "Date": "2000-03-01",
    "England": 1.4408,
    "Wales": 1.2359
  },
  {
    "Date": "2000-04-01",
    "England": 1.4608,
    "Wales": 1.2523
  },
  {
    "Date": "2000-05-01",
    "England": 1.476,
    "Wales": 1.2567
  },
  {
    "Date": "2000-06-01",
    "England": 1.4973,
    "Wales": 1.2743
  },
  {
    "Date": "2000-07-01",
    "England": 1.507,
    "Wales": 1.2747
  },
  {
    "Date": "2000-08-01",
    "England": 1.5222,
    "Wales": 1.2809
  },
  {
    "Date": "2000-09-01",
    "England": 1.5245,
    "Wales": 1.2961
  },
  {
    "Date": "2000-10-01",
    "England": 1.5328,
    "Wales": 1.2978
  },
  {
    "Date": "2000-11-01",
    "England": 1.5392,
    "Wales": 1.3058
  },
  {
    "Date": "2000-12-01",
    "England": 1.5589,
    "Wales": 1.3114
  },
  {
    "Date": "2001-01-01",
    "England": 1.5595,
    "Wales": 1.3087
  },
  {
    "Date": "2001-02-01",
    "England": 1.5721,
    "Wales": 1.3178
  },
  {
    "Date": "2001-03-01",
    "England": 1.5845,
    "Wales": 1.3182
  },
  {
    "Date": "2001-04-01",
    "England": 1.6068,
    "Wales": 1.3347
  },
  {
    "Date": "2001-05-01",
    "England": 1.6271,
    "Wales": 1.3479
  },
  {
    "Date": "2001-06-01",
    "England": 1.6486,
    "Wales": 1.3764
  },
  {
    "Date": "2001-07-01",
    "England": 1.6642,
    "Wales": 1.3874
  },
  {
    "Date": "2001-08-01",
    "England": 1.6855,
    "Wales": 1.3919
  },
  {
    "Date": "2001-09-01",
    "England": 1.7028,
    "Wales": 1.4131
  },
  {
    "Date": "2001-10-01",
    "England": 1.7147,
    "Wales": 1.4109
  },
  {
    "Date": "2001-11-01",
    "England": 1.7265,
    "Wales": 1.4262
  },
  {
    "Date": "2001-12-01",
    "England": 1.7542,
    "Wales": 1.442
  },
  {
    "Date": "2002-01-01",
    "England": 1.7536,
    "Wales": 1.4377
  },
  {
    "Date": "2002-02-01",
    "England": 1.7696,
    "Wales": 1.459
  },
  {
    "Date": "2002-03-01",
    "England": 1.7946,
    "Wales": 1.4788
  },
  {
    "Date": "2002-04-01",
    "England": 1.8283,
    "Wales": 1.4957
  },
  {
    "Date": "2002-05-01",
    "England": 1.8641,
    "Wales": 1.5291
  },
  {
    "Date": "2002-06-01",
    "England": 1.9147,
    "Wales": 1.583
  },
  {
    "Date": "2002-07-01",
    "England": 1.9427,
    "Wales": 1.5969
  },
  {
    "Date": "2002-08-01",
    "England": 1.9841,
    "Wales": 1.6533
  },
  {
    "Date": "2002-09-01",
    "England": 2.0141,
    "Wales": 1.6548
  },
  {
    "Date": "2002-10-01",
    "England": 2.0423,
    "Wales": 1.679
  },
  {
    "Date": "2002-11-01",
    "England": 2.072,
    "Wales": 1.7182
  },
  {
    "Date": "2002-12-01",
    "England": 2.1122,
    "Wales": 1.7514
  },
  {
    "Date": "2003-01-01",
    "England": 2.1193,
    "Wales": 1.7522
  },
  {
    "Date": "2003-02-01",
    "England": 2.1443,
    "Wales": 1.7906
  },
  {
    "Date": "2003-03-01",
    "England": 2.1599,
    "Wales": 1.8069
  },
  {
    "Date": "2003-04-01",
    "England": 2.1856,
    "Wales": 1.8457
  },
  {
    "Date": "2003-05-01",
    "England": 2.2098,
    "Wales": 1.8762
  },
  {
    "Date": "2003-06-01",
    "England": 2.2406,
    "Wales": 1.9215
  },
  {
    "Date": "2003-07-01",
    "England": 2.2491,
    "Wales": 1.9408
  },
  {
    "Date": "2003-08-01",
    "England": 2.271,
    "Wales": 1.9783
  },
  {
    "Date": "2003-09-01",
    "England": 2.2876,
    "Wales": 2.0001
  },
  {
    "Date": "2003-10-01",
    "England": 2.3066,
    "Wales": 2.0185
  },
  {
    "Date": "2003-11-01",
    "England": 2.3352,
    "Wales": 2.0797
  },
  {
    "Date": "2003-12-01",
    "England": 2.369,
    "Wales": 2.1257
  },
  {
    "Date": "2004-01-01",
    "England": 2.3679,
    "Wales": 2.1514
  },
  {
    "Date": "2004-02-01",
    "England": 2.3921,
    "Wales": 2.1627
  },
  {
    "Date": "2004-03-01",
    "England": 2.4158,
    "Wales": 2.187
  },
  {
    "Date": "2004-04-01",
    "England": 2.4597,
    "Wales": 2.2599
  },
  {
    "Date": "2004-05-01",
    "England": 2.5,
    "Wales": 2.3033
  },
  {
    "Date": "2004-06-01",
    "England": 2.5388,
    "Wales": 2.386
  },
  {
    "Date": "2004-07-01",
    "England": 2.561,
    "Wales": 2.4193
  },
  {
    "Date": "2004-08-01",
    "England": 2.591,
    "Wales": 2.4618
  },
  {
    "Date": "2004-09-01",
    "England": 2.606,
    "Wales": 2.4639
  },
  {
    "Date": "2004-10-01",
    "England": 2.6199,
    "Wales": 2.4848
  },
  {
    "Date": "2004-11-01",
    "England": 2.6342,
    "Wales": 2.5047
  },
  {
    "Date": "2004-12-01",
    "England": 2.6434,
    "Wales": 2.5268
  },
  {
    "Date": "2005-01-01",
    "England": 2.6138,
    "Wales": 2.5105
  },
  {
    "Date": "2005-02-01",
    "England": 2.6285,
    "Wales": 2.509
  },
  {
    "Date": "2005-03-01",
    "England": 2.6423,
    "Wales": 2.5245
  },
  {
    "Date": "2005-04-01",
    "England": 2.6602,
    "Wales": 2.5413
  },
  {
    "Date": "2005-05-01",
    "England": 2.6758,
    "Wales": 2.5574
  },
  {
    "Date": "2005-06-01",
    "England": 2.6925,
    "Wales": 2.5766
  },
  {
    "Date": "2005-07-01",
    "England": 2.691,
    "Wales": 2.6057
  },
  {
    "Date": "2005-08-01",
    "England": 2.6978,
    "Wales": 2.6037
  },
  {
    "Date": "2005-09-01",
    "England": 2.7037,
    "Wales": 2.6004
  },
  {
    "Date": "2005-10-01",
    "England": 2.7156,
    "Wales": 2.6008
  },
  {
    "Date": "2005-11-01",
    "England": 2.7268,
    "Wales": 2.6202
  },
  {
    "Date": "2005-12-01",
    "England": 2.7477,
    "Wales": 2.6234
  },
  {
    "Date": "2006-01-01",
    "England": 2.7313,
    "Wales": 2.6415
  },
  {
    "Date": "2006-02-01",
    "England": 2.7532,
    "Wales": 2.6193
  },
  {
    "Date": "2006-03-01",
    "England": 2.7779,
    "Wales": 2.658
  },
  {
    "Date": "2006-04-01",
    "England": 2.7984,
    "Wales": 2.6799
  },
  {
    "Date": "2006-05-01",
    "England": 2.8218,
    "Wales": 2.6951
  },
  {
    "Date": "2006-06-01",
    "England": 2.8518,
    "Wales": 2.7281
  },
  {
    "Date": "2006-07-01",
    "England": 2.8519,
    "Wales": 2.7321
  },
  {
    "Date": "2006-08-01",
    "England": 2.8703,
    "Wales": 2.7529
  },
  {
    "Date": "2006-09-01",
    "England": 2.8976,
    "Wales": 2.7749
  },
  {
    "Date": "2006-10-01",
    "England": 2.9153,
    "Wales": 2.7859
  },
  {
    "Date": "2006-11-01",
    "England": 2.9416,
    "Wales": 2.7998
  },
  {
    "Date": "2006-12-01",
    "England": 2.9753,
    "Wales": 2.8337
  },
  {
    "Date": "2007-01-01",
    "England": 2.9625,
    "Wales": 2.8215
  },
  {
    "Date": "2007-02-01",
    "England": 2.9842,
    "Wales": 2.8323
  },
  {
    "Date": "2007-03-01",
    "England": 3.0158,
    "Wales": 2.84
  },
  {
    "Date": "2007-04-01",
    "England": 3.0447,
    "Wales": 2.8639
  },
  {
    "Date": "2007-05-01",
    "England": 3.0684,
    "Wales": 2.8893
  },
  {
    "Date": "2007-06-01",
    "England": 3.1004,
    "Wales": 2.9042
  },
  {
    "Date": "2007-07-01",
    "England": 3.1092,
    "Wales": 2.918
  },
  {
    "Date": "2007-08-01",
    "England": 3.1296,
    "Wales": 2.9359
  },
  {
    "Date": "2007-09-01",
    "England": 3.1434,
    "Wales": 2.9506
  },
  {
    "Date": "2007-10-01",
    "England": 3.1497,
    "Wales": 2.9549
  },
  {
    "Date": "2007-11-01",
    "England": 3.1586,
    "Wales": 2.971
  },
  {
    "Date": "2007-12-01",
    "England": 3.166,
    "Wales": 2.9691
  },
  {
    "Date": "2008-01-01",
    "England": 3.1307,
    "Wales": 2.929
  },
  {
    "Date": "2008-02-01",
    "England": 3.133,
    "Wales": 2.9272
  },
  {
    "Date": "2008-03-01",
    "England": 3.118,
    "Wales": 2.9098
  },
  {
    "Date": "2008-04-01",
    "England": 3.1236,
    "Wales": 2.9094
  },
  {
    "Date": "2008-05-01",
    "England": 3.1305,
    "Wales": 2.9065
  },
  {
    "Date": "2008-06-01",
    "England": 3.1059,
    "Wales": 2.8885
  },
  {
    "Date": "2008-07-01",
    "England": 3.0599,
    "Wales": 2.8534
  },
  {
    "Date": "2008-08-01",
    "England": 3.0137,
    "Wales": 2.8304
  },
  {
    "Date": "2008-09-01",
    "England": 2.9666,
    "Wales": 2.7902
  },
  {
    "Date": "2008-10-01",
    "England": 2.9094,
    "Wales": 2.789
  },
  {
    "Date": "2008-11-01",
    "England": 2.8624,
    "Wales": 2.7379
  },
  {
    "Date": "2008-12-01",
    "England": 2.8206,
    "Wales": 2.7053
  },
  {
    "Date": "2009-01-01",
    "England": 2.7798,
    "Wales": 2.652
  },
  {
    "Date": "2009-02-01",
    "England": 2.7533,
    "Wales": 2.6054
  },
  {
    "Date": "2009-03-01",
    "England": 2.74,
    "Wales": 2.6233
  },
  {
    "Date": "2009-04-01",
    "England": 2.7429,
    "Wales": 2.6226
  },
  {
    "Date": "2009-05-01",
    "England": 2.7578,
    "Wales": 2.6263
  },
  {
    "Date": "2009-06-01",
    "England": 2.7734,
    "Wales": 2.6616
  },
  {
    "Date": "2009-07-01",
    "England": 2.7955,
    "Wales": 2.6869
  },
  {
    "Date": "2009-08-01",
    "England": 2.8178,
    "Wales": 2.6977
  },
  {
    "Date": "2009-09-01",
    "England": 2.8451,
    "Wales": 2.6982
  },
  {
    "Date": "2009-10-01",
    "England": 2.8652,
    "Wales": 2.6999
  },
  {
    "Date": "2009-11-01",
    "England": 2.8864,
    "Wales": 2.7284
  },
  {
    "Date": "2009-12-01",
    "England": 2.9049,
    "Wales": 2.7279
  },
  {
    "Date": "2010-01-01",
    "England": 2.9097,
    "Wales": 2.7079
  },
  {
    "Date": "2010-02-01",
    "England": 2.9216,
    "Wales": 2.7008
  },
  {
    "Date": "2010-03-01",
    "England": 2.9318,
    "Wales": 2.7462
  },
  {
    "Date": "2010-04-01",
    "England": 2.9506,
    "Wales": 2.749
  },
  {
    "Date": "2010-05-01",
    "England": 2.958,
    "Wales": 2.748
  },
  {
    "Date": "2010-06-01",
    "England": 2.9781,
    "Wales": 2.7857
  },
  {
    "Date": "2010-07-01",
    "England": 2.9846,
    "Wales": 2.7783
  },
  {
    "Date": "2010-08-01",
    "England": 2.9881,
    "Wales": 2.7773
  },
  {
    "Date": "2010-09-01",
    "England": 2.991,
    "Wales": 2.7733
  },
  {
    "Date": "2010-10-01",
    "England": 2.9731,
    "Wales": 2.7719
  },
  {
    "Date": "2010-11-01",
    "England": 2.9605,
    "Wales": 2.7071
  },
  {
    "Date": "2010-12-01",
    "England": 2.9493,
    "Wales": 2.7237
  },
  {
    "Date": "2011-01-01",
    "England": 2.9301,
    "Wales": 2.7143
  },
  {
    "Date": "2011-02-01",
    "England": 2.9214,
    "Wales": 2.7001
  },
  {
    "Date": "2011-03-01",
    "England": 2.9206,
    "Wales": 2.7089
  },
  {
    "Date": "2011-04-01",
    "England": 2.9341,
    "Wales": 2.7171
  },
  {
    "Date": "2011-05-01",
    "England": 2.9346,
    "Wales": 2.7025
  },
  {
    "Date": "2011-06-01",
    "England": 2.9423,
    "Wales": 2.7059
  },
  {
    "Date": "2011-07-01",
    "England": 2.9529,
    "Wales": 2.708
  },
  {
    "Date": "2011-08-01",
    "England": 2.9555,
    "Wales": 2.7151
  },
  {
    "Date": "2011-09-01",
    "England": 2.9482,
    "Wales": 2.711
  },
  {
    "Date": "2011-10-01",
    "England": 2.9425,
    "Wales": 2.6859
  },
  {
    "Date": "2011-11-01",
    "England": 2.9431,
    "Wales": 2.6861
  },
  {
    "Date": "2011-12-01",
    "England": 2.9429,
    "Wales": 2.6976
  },
  {
    "Date": "2012-01-01",
    "England": 2.9344,
    "Wales": 2.6748
  },
  {
    "Date": "2012-02-01",
    "England": 2.9291,
    "Wales": 2.6763
  },
  {
    "Date": "2012-03-01",
    "England": 2.9316,
    "Wales": 2.6725
  },
  {
    "Date": "2012-04-01",
    "England": 2.9615,
    "Wales": 2.7086
  },
  {
    "Date": "2012-05-01",
    "England": 2.973,
    "Wales": 2.7023
  },
  {
    "Date": "2012-06-01",
    "England": 2.9886,
    "Wales": 2.7017
  },
  {
    "Date": "2012-07-01",
    "England": 2.9879,
    "Wales": 2.7035
  },
  {
    "Date": "2012-08-01",
    "England": 2.9986,
    "Wales": 2.6916
  },
  {
    "Date": "2012-09-01",
    "England": 2.9926,
    "Wales": 2.7125
  },
  {
    "Date": "2012-10-01",
    "England": 2.9837,
    "Wales": 2.6952
  },
  {
    "Date": "2012-11-01",
    "England": 2.988,
    "Wales": 2.6815
  },
  {
    "Date": "2012-12-01",
    "England": 2.992,
    "Wales": 2.7
  },
  {
    "Date": "2013-01-01",
    "England": 2.9827,
    "Wales": 2.6905
  },
  {
    "Date": "2013-02-01",
    "England": 2.9875,
    "Wales": 2.6938
  },
  {
    "Date": "2013-03-01",
    "England": 2.9927,
    "Wales": 2.6805
  },
  {
    "Date": "2013-04-01",
    "England": 3.015,
    "Wales": 2.6958
  },
  {
    "Date": "2013-05-01",
    "England": 3.0273,
    "Wales": 2.6956
  },
  {
    "Date": "2013-06-01",
    "England": 3.0486,
    "Wales": 2.7278
  },
  {
    "Date": "2013-07-01",
    "England": 3.064,
    "Wales": 2.7125
  },
  {
    "Date": "2013-08-01",
    "England": 3.0786,
    "Wales": 2.7218
  },
  {
    "Date": "2013-09-01",
    "England": 3.1006,
    "Wales": 2.7315
  },
  {
    "Date": "2013-10-01",
    "England": 3.1052,
    "Wales": 2.754
  },
  {
    "Date": "2013-11-01",
    "England": 3.1144,
    "Wales": 2.7547
  },
  {
    "Date": "2013-12-01",
    "England": 3.1426,
    "Wales": 2.7629
  },
  {
    "Date": "2014-01-01",
    "England": 3.146,
    "Wales": 2.7622
  },
  {
    "Date": "2014-02-01",
    "England": 3.16,
    "Wales": 2.7812
  },
  {
    "Date": "2014-03-01",
    "England": 3.1776,
    "Wales": 2.7734
  },
  {
    "Date": "2014-04-01",
    "England": 3.2179,
    "Wales": 2.7958
  },
  {
    "Date": "2014-05-01",
    "England": 3.2439,
    "Wales": 2.8278
  },
  {
    "Date": "2014-06-01",
    "England": 3.2719,
    "Wales": 2.8219
  },
  {
    "Date": "2014-07-01",
    "England": 3.3045,
    "Wales": 2.8483
  },
  {
    "Date": "2014-08-01",
    "England": 3.3362,
    "Wales": 2.8478
  },
  {
    "Date": "2014-09-01",
    "England": 3.3458,
    "Wales": 2.8634
  },
  {
    "Date": "2014-10-01",
    "England": 3.3441,
    "Wales": 2.8574
  },
  {
    "Date": "2014-11-01",
    "England": 3.35,
    "Wales": 2.8747
  },
  {
    "Date": "2014-12-01",
    "England": 3.3628,
    "Wales": 2.8598
  },
  {
    "Date": "2015-01-01",
    "England": 3.3719,
    "Wales": 2.8655
  },
  {
    "Date": "2015-02-01",
    "England": 3.3734,
    "Wales": 2.8893
  },
  {
    "Date": "2015-03-01",
    "England": 3.3754,
    "Wales": 2.853
  },
  {
    "Date": "2015-04-01",
    "England": 3.4104,
    "Wales": 2.8692
  },
  {
    "Date": "2015-05-01",
    "England": 3.4201,
    "Wales": 2.8926
  },
  {
    "Date": "2015-06-01",
    "England": 3.4519,
    "Wales": 2.9222
  },
  {
    "Date": "2015-07-01",
    "England": 3.4873,
    "Wales": 2.9068
  },
  {
    "Date": "2015-08-01",
    "England": 3.5151,
    "Wales": 2.9123
  },
  {
    "Date": "2015-09-01",
    "England": 3.5346,
    "Wales": 2.927
  },
  {
    "Date": "2015-10-01",
    "England": 3.5431,
    "Wales": 2.9489
  },
  {
    "Date": "2015-11-01",
    "England": 3.552,
    "Wales": 2.9611
  },
  {
    "Date": "2015-12-01",
    "England": 3.5697,
    "Wales": 2.9472
  },
  {
    "Date": "2016-01-01",
    "England": 3.5961,
    "Wales": 2.977
  },
  {
    "Date": "2016-02-01",
    "England": 3.6095,
    "Wales": 2.973
  },
  {
    "Date": "2016-03-01",
    "England": 3.6291,
    "Wales": 2.9663
  },
  {
    "Date": "2016-04-01",
    "England": 3.6352,
    "Wales": 2.9904
  },
  {
    "Date": "2016-05-01",
    "England": 3.676,
    "Wales": 3.0122
  },
  {
    "Date": "2016-06-01",
    "England": 3.7013,
    "Wales": 3.0254
  },
  {
    "Date": "2016-07-01",
    "England": 3.7354,
    "Wales": 3.0473
  },
  {
    "Date": "2016-08-01",
    "England": 3.7447,
    "Wales": 3.0423
  },
  {
    "Date": "2016-09-01",
    "England": 3.7496,
    "Wales": 3.0593
  },
  {
    "Date": "2016-10-01",
    "England": 3.7431,
    "Wales": 3.051
  },
  {
    "Date": "2016-11-01",
    "England": 3.7419,
    "Wales": 3.0613
  },
  {
    "Date": "2016-12-01",
    "England": 3.7556,
    "Wales": 3.083
  },
  {
    "Date": "2017-01-01",
    "England": 3.7823,
    "Wales": 3.0508
  },
  {
    "Date": "2017-02-01",
    "England": 3.7792,
    "Wales": 3.0558
  },
  {
    "Date": "2017-03-01",
    "England": 3.7799,
    "Wales": 3.0679
  },
  {
    "Date": "2017-04-01",
    "England": 3.8157,
    "Wales": 3.0941
  },
  {
    "Date": "2017-05-01",
    "England": 3.8415,
    "Wales": 3.0852
  },
  {
    "Date": "2017-06-01",
    "England": 3.8545,
    "Wales": 3.1066
  },
  {
    "Date": "2017-07-01",
    "England": 3.8933,
    "Wales": 3.1652
  },
  {
    "Date": "2017-08-01",
    "England": 3.9259,
    "Wales": 3.1512
  },
  {
    "Date": "2017-09-01",
    "England": 3.9137,
    "Wales": 3.1785
  },
  {
    "Date": "2017-10-01",
    "England": 3.9157,
    "Wales": 3.1881
  },
  {
    "Date": "2017-11-01",
    "England": 3.9159,
    "Wales": 3.1854
  },
  {
    "Date": "2017-12-01",
    "England": 3.9247,
    "Wales": 3.1964
  },
  {
    "Date": "2018-01-01",
    "England": 3.9335,
    "Wales": 3.2116
  },
  {
    "Date": "2018-02-01",
    "England": 3.9289,
    "Wales": 3.2099
  },
  {
    "Date": "2018-03-01",
    "England": 3.9275,
    "Wales": 3.2173
  },
  {
    "Date": "2018-04-01",
    "England": 3.9434,
    "Wales": 3.2137
  },
  {
    "Date": "2018-05-01",
    "England": 3.9661,
    "Wales": 3.2264
  },
  {
    "Date": "2018-06-01",
    "England": 3.9815,
    "Wales": 3.2853
  },
  {
    "Date": "2018-07-01",
    "England": 4.0167,
    "Wales": 3.3122
  },
  {
    "Date": "2018-08-01",
    "England": 4.0326,
    "Wales": 3.3132
  },
  {
    "Date": "2018-09-01",
    "England": 4.0317,
    "Wales": 3.3438
  },
  {
    "Date": "2018-10-01",
    "England": 4.0122,
    "Wales": 3.3452
  },
  {
    "Date": "2018-11-01",
    "England": 4.0196,
    "Wales": 3.3503
  },
  {
    "Date": "2018-12-01",
    "England": 4.0089,
    "Wales": 3.3259
  },
  {
    "Date": "2019-01-01",
    "England": 4.001,
    "Wales": 3.3472
  },
  {
    "Date": "2019-02-01",
    "England": 3.9867,
    "Wales": 3.3263
  },
  {
    "Date": "2019-03-01",
    "England": 3.9795,
    "Wales": 3.3522
  },
  {
    "Date": "2019-04-01",
    "England": 4.0012,
    "Wales": 3.362
  },
  {
    "Date": "2019-05-01",
    "England": 4.0152,
    "Wales": 3.3701
  },
  {
    "Date": "2019-06-01",
    "England": 4.0328,
    "Wales": 3.4165
  },
  {
    "Date": "2019-07-01",
    "England": 4.068,
    "Wales": 3.4096
  },
  {
    "Date": "2019-08-01",
    "England": 4.0854,
    "Wales": 3.4812
  },
  {
    "Date": "2019-09-01",
    "England": 4.0859,
    "Wales": 3.4339
  },
  {
    "Date": "2019-10-01",
    "England": 4.0917,
    "Wales": 3.4575
  }
]
