Date,Urban with City and Town,Urban with Major Conurbation,Urban with Significant Rural (rural including hub towns 26-49%),Largely Rural (rural including hub towns 50-79%),Mainly Rural (rural including hub towns >=80%),Urban with Minor Conurbation
Feb 1995,1.0081409194273419,1.0151077568954752,1.0112790363392143,1.006427153569027,1.0200844370630435,0.989758012119495
Mar 1995,1.0101503388146866,1.0238570088449932,1.0095982584545489,1.0097020545044981,1.005830160628241,0.9996628259663197
Apr 1995,1.0050795085388997,1.01552486521463,1.0095514509653083,1.0074307558188211,1.0114015707526474,0.9908530398014989
May 1995,1.0028930055968488,1.0213107214365469,1.0125967533936198,1.0140506725135627,1.0165791145330068,1.00178268275897
Jun 1995,1.0155477234500128,1.0294331948870632,1.0182284473791792,1.0150689732473337,1.021999565434516,0.9984568207308402
Jul 1995,0.9972124296309955,1.0158591382239412,1.0078473205449707,1.00430118585097,1.0168845166360985,0.9859297579338454
Aug 1995,1.0010598279164642,1.0145506530556083,1.0075918300377515,1.0034324097865084,1.0100979551346567,0.9856657014624651
Sep 1995,1.0065887764911736,1.0276596292326232,1.0115818720893084,1.006508413137737,1.0116511612317847,1.0022266328015694
Oct 1995,1.005521619927646,1.029594776597865,1.0085164232079122,1.005201118045508,1.0209292487529926,0.9892397704714887
Nov 1995,1.0102009665806995,1.0337069015388491,1.0107378026803184,1.0106390497480933,1.013997535093983,0.9990274424593968
Dec 1995,1.0219604785598664,1.045594086794895,1.0196548611348129,1.014093769454397,1.002756243721635,1.002482327910109
Jan 1996,1.0076093511067004,1.024535973887779,1.0054703149440174,1.0020616385780203,1.0022204117685396,0.9879221320607213
Feb 1996,1.011159381510658,1.0426520987335026,1.0138835721265786,1.0066204360140962,1.0078008895674722,0.9864325362202552
Mar 1996,1.0107873867989041,1.0434805926419628,1.0207657843685436,1.0144357129713104,1.0198458870155993,0.9974922770208785
Apr 1996,1.0109082839287589,1.0412455271386427,1.0141606360175848,1.0155841444200966,0.9965477738537261,0.9896866412402087
May 1996,1.0196551470723576,1.04582368106526,1.0216462509508877,1.0241916417383718,1.0215852984694198,0.9880146452302748
Jun 1996,1.0314854223964074,1.0561055518189135,1.030919091268397,1.029415168194438,1.0309758421393191,0.9929509333327388
Jul 1996,1.0223420518665063,1.044810597425637,1.026130427051909,1.0221821573468874,1.034207670442957,0.9884097076805376
Aug 1996,1.028321872915179,1.0559504025947577,1.033801947614806,1.0253344163348819,1.022277947421121,0.9842153975188067
Sep 1996,1.0357130164609574,1.0659633407617144,1.0421222406836466,1.0357286185150238,1.0314021090394587,1.0131064643478274
Oct 1996,1.0373465071709151,1.0708192122786038,1.0465986291301155,1.0410865538930807,1.0378820492906429,1.005893147248697
Nov 1996,1.048618947766271,1.0804442338911961,1.0542381124307159,1.0487921503867546,1.047099864049143,1.0064926066484092
Dec 1996,1.0562941431802,1.0888051904173177,1.0591993127076094,1.053643985765266,1.0532261477138032,1.0178538203869403
Jan 1997,1.0618954783796104,1.0803356460416396,1.0605461323201506,1.0523955649487247,1.0611794210518557,1.00370299644914
Feb 1997,1.0664997107898877,1.0915664059552175,1.0709052184830752,1.059759657434448,1.0578532922759272,1.0187783183241248
Mar 1997,1.0809412898051625,1.1090007279740135,1.0824164054144711,1.0721256435651074,1.0705997854471352,1.022991523020929
Apr 1997,1.0810549751522927,1.109639226767033,1.0878476432510165,1.077788183335062,1.0743698881419528,1.0184714421981633
May 1997,1.0942655803449997,1.1238343620151825,1.0977178761126443,1.0886514506748466,1.087265769814853,1.0292810091892093
Jun 1997,1.1057832229314783,1.1343887094992624,1.1113909540197593,1.0991971323536278,1.0935111245827018,1.0376693203719227
Jul 1997,1.1086344584521521,1.1363237226415333,1.1105273604651904,1.1038048555053432,1.105634338381839,1.0308941156392777
Aug 1997,1.1226837244347723,1.1461816552092603,1.1261267914803916,1.1160621061144171,1.1083681260390146,1.045911582794879
Sep 1997,1.1308725887197595,1.1585195802596304,1.136666898043754,1.1234478714764151,1.118295511212644,1.0473664988616365
Oct 1997,1.1438683332326922,1.1701117820190685,1.1435662783342564,1.1304323726469425,1.1134630082639014,1.0479999607165567
Nov 1997,1.1507730492154291,1.1756929261875486,1.152923901631033,1.1413864778874518,1.1346041968440805,1.0595857153097445
Dec 1997,1.1605444525127577,1.1907216633188236,1.1617490415912277,1.1499710184362857,1.1381161909577457,1.0596378651533387
Jan 1998,1.1605861832999405,1.186086699031317,1.162564951453385,1.1543733460691912,1.1429904888649352,1.0534985474551388
Feb 1998,1.167046618015668,1.1998010555924912,1.1729667382389473,1.1656890454017643,1.1437588926178022,1.0746919892244544
Mar 1998,1.1768347361189353,1.2106262207900576,1.1800290262929003,1.1682104598371448,1.161287880835683,1.0659911788564749
Apr 1998,1.18763904241648,1.2158287788249367,1.1908749049510867,1.1763100211894353,1.1703785141299967,1.072355230711366
May 1998,1.199300523464538,1.2278009032917894,1.1990624464612112,1.1852250104510171,1.1707596002020857,1.0781258401607283
Jun 1998,1.2089665677781158,1.237812133004693,1.2103282195705083,1.1941201014406535,1.1844752952980844,1.0855936922874905
Jul 1998,1.2118353410604092,1.2428895335457717,1.2124727402863706,1.204219389856735,1.1895026670248503,1.0887264570920039
Aug 1998,1.2212038199246802,1.2513817169869874,1.2236410776106927,1.2107860779599058,1.197312323893357,1.0887551022700797
Sep 1998,1.225765776504101,1.2584566315175665,1.2300791862068312,1.2150120251828935,1.2139262112678713,1.108897891992598
Oct 1998,1.2342425069234004,1.265363579724598,1.2360807301000327,1.2200423779959464,1.2249774624808485,1.1011534873976834
Nov 1998,1.2444246552389395,1.271055899959138,1.2405526626392038,1.2294111330773434,1.2117982121277677,1.0978487156496735
Dec 1998,1.2519575696067013,1.2802126053060054,1.2525913184171615,1.2390555754745276,1.2349207801736697,1.1088978305387411
Jan 1999,1.2440443214043713,1.2763301220749577,1.2472392235202723,1.234532660186388,1.247974479288952,1.1135613221711849
Feb 1999,1.2493746909047778,1.2884594522761756,1.2574214592867758,1.238998856500801,1.2388777541378855,1.117506736531635
Mar 1999,1.2622628418748765,1.295302942700721,1.2654038305482922,1.2503362147533064,1.2450020997155753,1.121658741808321
Apr 1999,1.2740712815871726,1.3086190594684168,1.2773429944061059,1.2606222154084852,1.2587927407035227,1.127907437134497
May 1999,1.283558698874563,1.3240165048541195,1.2891735914769642,1.2700146930641611,1.264943456177269,1.1294275526450361
Jun 1999,1.297979133215392,1.3398013919526555,1.3015563350197763,1.2880556035576562,1.274927532457682,1.138540990014471
Jul 1999,1.314970787494651,1.346222275822471,1.308019042536724,1.2997463217683167,1.2823702070747074,1.147373534118069
Aug 1999,1.3291862661865654,1.3663561343110684,1.331382168490135,1.3155728665887116,1.302054436145961,1.1538935943874862
Sep 1999,1.3425423428463197,1.382426124514508,1.3426019776318676,1.3307732989049177,1.3218538679047362,1.1677975659038904
Oct 1999,1.3599007844994593,1.3983416409324003,1.3580309688776502,1.3501694019645796,1.335912379857509,1.1787967363097251
Nov 1999,1.3762289542028951,1.4169410149047188,1.3783928800949408,1.3612907854615368,1.353501242962506,1.1785498370541223
Dec 1999,1.3986520897712353,1.4369546492527587,1.3978572127944666,1.3830231702134559,1.3627467337052652,1.1981028107767677
Jan 2000,1.4023307359285033,1.4434591177898244,1.4040146062703218,1.3909145188787675,1.3735751767517013,1.197875292267715
Feb 2000,1.4203204044843194,1.4615785270062105,1.417385395247866,1.4003438501794483,1.3843200525890589,1.188398326709152
Mar 2000,1.4377982537737588,1.4803369688179608,1.4374426897862036,1.423172867652337,1.4090581383813,1.2143561550306334
Apr 2000,1.4617121209268606,1.5006862901739313,1.456875247701675,1.4431416546048335,1.4282031771110766,1.2168605422221428
May 2000,1.4780331000123665,1.513933890570581,1.4733171876221323,1.4627657679714539,1.4402928750492947,1.2197086104869759
Jun 2000,1.5004679480809304,1.5348173282131314,1.4959672068294467,1.4814937803525234,1.4569747309835586,1.244521055450611
Jul 2000,1.5133203113734566,1.539659296513066,1.5052995334766637,1.4935500298335196,1.4930994176492318,1.2519408563610475
Aug 2000,1.524364185652804,1.5567610282623032,1.5215932079832888,1.5131720760907847,1.5025506255891956,1.2522128051078016
Sep 2000,1.527889741181633,1.5527667980585482,1.5243704527681161,1.519766096506609,1.5168811571099508,1.2779958537353049
Oct 2000,1.5327298050913947,1.5629580302272366,1.5359594024504923,1.5258390163412416,1.5343903001405197,1.2692182214885346
Nov 2000,1.5370148546382976,1.5696327786823745,1.5458290437810118,1.5348033296422008,1.5162241993326366,1.2628692646805755
Dec 2000,1.5576457101151844,1.592348301511353,1.5614018147520987,1.5463271658352404,1.5379170814084773,1.3079289236850646
Jan 2001,1.5607002359135305,1.600095223245288,1.5559499947037325,1.54203157225604,1.5190949123651776,1.2744206652892613
Feb 2001,1.5701142025378176,1.6089200929001515,1.5711714132341377,1.562261851003771,1.5533906309803385,1.2639714888674909
Mar 2001,1.5815375039386315,1.6227484897674485,1.5838512312943902,1.5745347993751508,1.55479400796208,1.2930781219950256
Apr 2001,1.606784975583139,1.6419626894257235,1.6062218179185273,1.5962747680615919,1.5794072162710913,1.3337217202772615
May 2001,1.625033430159701,1.6685142146227938,1.625519731418378,1.6113231512263535,1.6151238450546777,1.3409999330847595
Jun 2001,1.6535721989296177,1.6857323372364124,1.6449487763687323,1.6354799179015072,1.6356075549056717,1.363280504126875
Jul 2001,1.6628999610057478,1.7076853133971137,1.6566330804686025,1.656811498133007,1.6471007160146465,1.3619956912870468
Aug 2001,1.6866998685761745,1.7214708841749897,1.6799366344059556,1.680995044997281,1.6942690707060335,1.389609845350159
Sep 2001,1.7076288084093054,1.7397158330280016,1.69584110417542,1.6963623478733971,1.6934545944469257,1.4051180155859953
Oct 2001,1.7147999588437108,1.7520379387553795,1.7133783317340392,1.7084385684745196,1.7222391723566617,1.4110848597626868
Nov 2001,1.7277868597588897,1.759870710137097,1.7262077518242906,1.7265261780484276,1.734100801411275,1.4111344626247162
Dec 2001,1.7552611423376379,1.7898047609942882,1.75242712161345,1.7468226161723381,1.7695198879056,1.4505870136186012
Jan 2002,1.7501832430759479,1.788743426595469,1.7504943927767749,1.7543179879453712,1.7684886522011112,1.4456210482007603
Feb 2002,1.767627994099086,1.800654199822962,1.7676950457591314,1.7715573219365546,1.7857184542575637,1.4568297331057718
Mar 2002,1.795676100138135,1.822113517362524,1.7961963339151594,1.7939111433670996,1.8228864214412683,1.4995036860041484
Apr 2002,1.8243649157106059,1.856281110629703,1.8278046077502421,1.8380805089280896,1.8534760141556759,1.5268050847276309
May 2002,1.8660100286300856,1.8898053952493281,1.8668442724885206,1.8729660787541205,1.8848292023418582,1.5505120934582457
Jun 2002,1.9120727941396383,1.942028961930115,1.9173080723363078,1.924419251553799,1.962626068386469,1.6201550990474543
Jul 2002,1.9470369525877254,1.955423090677821,1.9514111756329853,1.9615369933826852,1.992341551093397,1.6375844867607088
Aug 2002,1.9858520089403462,1.9975606132415389,1.9936255769094628,2.007292919133856,2.052390202119891,1.6740490958054552
Sep 2002,2.017994572818109,2.024953195603809,2.0289503293714066,2.0406145169205114,2.0574981371403225,1.7034224725463434
Oct 2002,2.0492690800720457,2.0439448831759535,2.0651855592330852,2.0700499277888254,2.1050738753662013,1.7263653697785302
Nov 2002,2.078137571567738,2.069355039288012,2.1006685671491288,2.1024426781737056,2.1517487142085034,1.7676724369561247
Dec 2002,2.122175721008711,2.1106224019704865,2.138141124857798,2.1405757524485507,2.1973990297378707,1.7979600907722841
Jan 2003,2.1239109130435407,2.113443333335436,2.1510064034120244,2.152571880921516,2.1950949463203546,1.8265534154346748
Feb 2003,2.1449620370762017,2.135433235042338,2.17681791968673,2.1887490775505816,2.241517999641033,1.8613189618340626
Mar 2003,2.163381086108653,2.147096041839045,2.1976934985179883,2.2015209696246445,2.260482340668382,1.8610687474552097
Apr 2003,2.181913943327388,2.175484697015519,2.223964248133841,2.2281157241004284,2.2707868679351293,1.935828930596176
May 2003,2.2011308502046854,2.200902713425288,2.2522294103828964,2.251037738138227,2.2982564253604063,1.9488192714881707
Jun 2003,2.2378807315032256,2.2283579965601654,2.282655524724904,2.286159047363781,2.3407180914050256,1.9737294926150457
Jul 2003,2.245398468304682,2.233570807036976,2.2905103251714167,2.2936305933117564,2.349874392440784,1.9996211160061614
Aug 2003,2.269041335036129,2.256559694018833,2.3095888980225707,2.315729705323826,2.376686316856789,2.0229637316604747
Sep 2003,2.280837756338592,2.2738516880246418,2.3284911719010752,2.333589935027927,2.4239928564277635,2.042534526217437
Oct 2003,2.299417176833358,2.2902335697519636,2.347855038422351,2.356723706379585,2.432421351042138,2.0695744134787373
Nov 2003,2.3239401931237587,2.319005639278003,2.375827640866984,2.3891547791610837,2.4643782865773134,2.1194361314124546
Dec 2003,2.3579858353928653,2.3508784697451923,2.4101307711235207,2.4227648363915364,2.518267260978061,2.1516561794402436
Jan 2004,2.366274066122695,2.344059296100178,2.4080386750849745,2.4227603091859544,2.5559645327100453,2.1511614408352333
Feb 2004,2.39131243434763,2.3649738435121708,2.4371591057766144,2.4443654417967866,2.542102332868762,2.2053971620358293
Mar 2004,2.4056486607068233,2.390428047309921,2.4600646777681807,2.477593509751087,2.587265078672774,2.2140502496825794
Apr 2004,2.452678480033451,2.430477429588487,2.5026466724533516,2.5154318607580137,2.6363233649342894,2.286554104191852
May 2004,2.497715767834881,2.4668109636034345,2.5417050332545514,2.5568583535449965,2.69830471777448,2.327236960099159
Jun 2004,2.5323360951356895,2.5076019255638724,2.5905182454757765,2.594743484756085,2.736605207960362,2.363482837132949
Jul 2004,2.554968006654849,2.5292282577591534,2.606010824862928,2.6217950627489293,2.7853514645395574,2.3969264010413025
Aug 2004,2.5847407091290378,2.558318722124473,2.6373997477890554,2.646180565477937,2.8027473740466298,2.446412979699295
Sep 2004,2.6031639265300606,2.5747178298870863,2.652370737876315,2.6639021752464247,2.8374020536928777,2.456781531648289
Oct 2004,2.613337841975233,2.590558587089642,2.6597194062478606,2.687286096486625,2.8530198816593453,2.4558796988492646
Nov 2004,2.627389354442254,2.606141626171787,2.6824358201793417,2.695623492544144,2.8343365282927486,2.474097401364351
Dec 2004,2.634499922340673,2.6165038198654935,2.692491533772454,2.70347082754702,2.8413281150930603,2.488318503790628
Jan 2005,2.6024192467455283,2.5837660743879622,2.6645594641505155,2.6737178473774863,2.866508054410871,2.490466680311837
Feb 2005,2.6161053832604737,2.6031475629517775,2.675573207572398,2.6940472213444564,2.8279151421654434,2.477107616359149
Mar 2005,2.627148044241404,2.6141070507385007,2.6853955772799143,2.7033820101782053,2.889517740136803,2.488985867938258
Apr 2005,2.64547670121585,2.625540296174566,2.70805223357511,2.7261098701793536,2.8941365934392094,2.510567112414412
May 2005,2.6672609077817753,2.643655971814809,2.711565417262246,2.7449728346345856,2.905627618494609,2.541686109403794
Jun 2005,2.681535384461904,2.6618801963733203,2.734054408950375,2.747330155294994,2.9537442789179007,2.55063400689009
Jul 2005,2.6750439392052767,2.659533110063409,2.7385550045957756,2.750445504993949,2.947040800902854,2.550767652210423
Aug 2005,2.679414376107197,2.6632953728913424,2.7426483718418027,2.7638023407055066,2.952874140044737,2.573791740276096
Sep 2005,2.6873395160965545,2.6716574376348827,2.7493899578832584,2.765442546573902,2.9474916318425186,2.56325364691569
Oct 2005,2.6958101965197616,2.690674779169559,2.750391389348959,2.7778084789044604,2.9607845414254967,2.595503528951832
Nov 2005,2.706650783925968,2.695102895311271,2.7722521953605455,2.7903728256947176,2.975753460120414,2.5712681777458397
Dec 2005,2.729485528236789,2.7247210361214855,2.780230336937214,2.8088320002298506,2.9946352824608797,2.606123203995168
Jan 2006,2.7186025200257644,2.6979936273510745,2.7673401935014486,2.797065912669462,2.989540875109158,2.599248878302737
Feb 2006,2.7413323767776467,2.722903617779516,2.787909519146585,2.816864402144503,3.0008960349369764,2.625107770357299
Mar 2006,2.7610538714423467,2.752832181884871,2.8102481380597615,2.8365265995032294,3.039625900837106,2.6396040870474677
Apr 2006,2.7784853164053778,2.7700550642505077,2.8299434122186153,2.8611084299234526,3.0578706394909765,2.6581804291972606
May 2006,2.803908314950036,2.800386108199821,2.848057658385521,2.887818502294685,3.0723602308973246,2.6468673935448974
Jun 2006,2.8309223877234366,2.8319032071287857,2.8820964162266374,2.9122596162175705,3.114874615369793,2.6881860982756254
Jul 2006,2.8390587272527856,2.8241473681870457,2.884148657678312,2.9161350658535015,3.113173658451772,2.7100797245866044
Aug 2006,2.8545072164524408,2.8449004471840285,2.9002648051203446,2.9320736930129545,3.1553835324051636,2.6923533984095154
Sep 2006,2.8742541257943324,2.881730391657108,2.921850888837375,2.9608014280273576,3.1894273656419796,2.7086802014660893
Oct 2006,2.894945998665516,2.8980494355876836,2.9388969900877293,2.9760449899802204,3.1940753036955116,2.7291221433643704
Nov 2006,2.927731311740262,2.9220510758845206,2.9634772453846008,3.004426974813659,3.2191240922433466,2.74061963874431
Dec 2006,2.959045609628656,2.963869462774114,2.9955085393207845,3.0325193588841803,3.249371980232658,2.7805627701383275
Jan 2007,2.944431416671997,2.9501226649770333,2.9817676755882805,3.0328864289618163,3.2528730359185745,2.7482678157444664
Feb 2007,2.977299683608062,2.9754770815507294,3.005318414602083,3.04020104978201,3.257232851250308,2.7473917184988497
Mar 2007,3.008070239682389,3.0121526121189595,3.028655551758204,3.071812338303982,3.300259859520649,2.7703230724586367
Apr 2007,3.0318631574216934,3.0481784202919773,3.0454458712720553,3.0986477096722065,3.3153967010659198,2.8233939071203555
May 2007,3.0560602934419827,3.069464415484724,3.081376791236143,3.1170825944051557,3.3434508583105877,2.8257038508083325
Jun 2007,3.0766609864841903,3.1180970567040314,3.105326468495148,3.1477544981180716,3.4177363796773284,2.8431582078586244
Jul 2007,3.0900029089796686,3.1249350683063404,3.114507236566802,3.1626193927655875,3.3798694672040486,2.83404054566392
Aug 2007,3.1117796948912737,3.153357747224899,3.1281926889388894,3.1737674663973667,3.4283244108672584,2.8362268758763385
Sep 2007,3.123942244753234,3.1617608056701054,3.146992962572585,3.189829887902247,3.421018074778424,2.8662016794343113
Oct 2007,3.130491256945006,3.1715255305152685,3.1483026890366466,3.1948527534762188,3.4519298781239205,2.864525678483752
Nov 2007,3.133854790859365,3.1855675923038316,3.151622274150852,3.2063533839510945,3.457313537375871,2.884074468922862
Dec 2007,3.1415414022339654,3.2056008652605508,3.1533221899671644,3.2051447358362144,3.4528510782909505,2.8768562730585936
Jan 2008,3.110780760255812,3.166124301702812,3.119401128739778,3.171465313901582,3.4256592163215434,2.83539649133916
Feb 2008,3.1158709973426086,3.169302862475368,3.116838761005218,3.168328190525297,3.441407451161777,2.8410164509668534
Mar 2008,3.1026603011665226,3.1512191704704193,3.107570708937987,3.1489294245577946,3.3953575360607893,2.849809101987492
Apr 2008,3.105487449084242,3.159476666244055,3.1038965515385954,3.161384968909643,3.4352920873181216,2.8465874040570034
May 2008,3.112950608122333,3.1722434769257837,3.112869404388708,3.150491589043581,3.4180843148894233,2.8545491365749194
Jun 2008,3.089121237709468,3.1591661585712143,3.0799767074956512,3.119217918803171,3.372568051708543,2.843092208594128
Jul 2008,3.039204069495679,3.107958840859183,3.030793958865368,3.0808841972690812,3.373102233172502,2.794485205197075
Aug 2008,2.980455288559074,3.0693219787400956,2.986910464431928,3.040561083778822,3.283564423001181,2.7317198264900466
Sep 2008,2.9308673552112947,3.0282108339535716,2.939558601274086,2.96702796500909,3.2919594955755844,2.7023538996823686
Oct 2008,2.8829261340849848,2.9623439924356503,2.8682134716896486,2.9259319423270638,3.2231412893622693,2.6651446486559682
Nov 2008,2.8300097832518216,2.9133117851038635,2.8337071765226085,2.871258307665228,3.162679825624535,2.659200633991568
Dec 2008,2.7801756542850224,2.893250764228274,2.786288578838622,2.828588097238985,3.1144743338056133,2.568866290980277
Jan 2009,2.7390721029578744,2.8323978764099156,2.7414499392780347,2.8031495031882834,3.053369760192078,2.540808538266274
Feb 2009,2.7122024568291283,2.823851882599252,2.699414340564061,2.768036321883893,3.063225018855395,2.537914175299045
Mar 2009,2.6887544397221266,2.8077309141639994,2.704760040992575,2.744437820506501,3.0811755942284806,2.561262118015154
Apr 2009,2.689554353634899,2.795658716912007,2.7022537192184046,2.763944614450974,3.0670841241407194,2.546432894971792
May 2009,2.716550330473032,2.8117760384169537,2.7218805745824604,2.7891049823839222,3.035372893119115,2.505962004739451
Jun 2009,2.731937035367514,2.8214989928471166,2.744586293827908,2.7979769384495925,3.052054937976253,2.5083372081717674
Jul 2009,2.749138577547713,2.8472019195835587,2.753710948719582,2.825483525531407,3.1097090111847883,2.563301006934896
Aug 2009,2.774019956596056,2.8611400750927904,2.784217847263607,2.847771037356908,3.1357423770727255,2.5557850650429574
Sep 2009,2.8156829947217514,2.8938574568513005,2.805008509593005,2.865702610890271,3.1398501954000158,2.564267869198486
Oct 2009,2.828712593495848,2.916039718465989,2.8301509567457424,2.887121439581785,3.1538959028452607,2.6098099926178
Nov 2009,2.8562457014681244,2.931602165669326,2.84132592277133,2.9211394421977475,3.175788648570879,2.6053707988370554
Dec 2009,2.867023106416294,2.961253346190475,2.8671867182744815,2.931145752950716,3.172633124966914,2.6280669856201815
Jan 2010,2.8747808072733747,2.9636340426878722,2.8742436825374877,2.9384372491247497,3.174806789107477,2.6194149446935566
Feb 2010,2.9004600719739937,2.9798809831638358,2.879204582258823,2.923737022196006,3.2072556817733338,2.6504848434495036
Mar 2010,2.906301188356331,2.986992341121594,2.878310770289095,2.9565127557151865,3.2413832495202364,2.6322380753196666
Apr 2010,2.9224614673147302,3.0053803936730947,2.9080912588933767,2.971006862780892,3.232598516009489,2.6381492387101133
May 2010,2.9236681262058215,3.011841497986783,2.9152100568348,2.988032271789788,3.2274943794243165,2.6544087486025494
Jun 2010,2.9439485730476895,3.0346791345978046,2.931116739898511,3.00540167894822,3.2619398573144576,2.688268964851638
Jul 2010,2.952906997228452,3.0435153931339847,2.944012870725552,3.004742481083609,3.255328303259024,2.654162985215132
Aug 2010,2.9466978553669345,3.0585832271100197,2.9428861948589673,3.0073809211436413,3.269560451516715,2.624454291264294
Sep 2010,2.9535223244113933,3.0583062510060315,2.9454093808453896,3.006906891339086,3.254876465408671,2.671262247156474
Oct 2010,2.935300101232167,3.040658554605641,2.9306238592756606,2.986699435259969,3.265106448925609,2.6327033604510843
Nov 2010,2.917213491187146,3.0270455056299026,2.9108904296256024,2.9885877639726797,3.23817033190876,2.6265359330498925
Dec 2010,2.9040074303623133,3.0212282311022793,2.906585067685635,2.966574260814974,3.1969615124304016,2.608872235006538
Jan 2011,2.880879110547126,3.009552397846155,2.878409795445735,2.942072080960667,3.217565878793928,2.6055227729827464
Feb 2011,2.8717900292977143,3.0008177687278974,2.8749717179719694,2.9326275019557424,3.1792545457270185,2.582582844933439
Mar 2011,2.882499939973555,2.9960205219798324,2.8629939086500977,2.9432506621270513,3.1882636161318483,2.5604224141789556
Apr 2011,2.883688056487665,3.0200406876323447,2.879909870907922,2.9503298806845026,3.1945749332901685,2.60030562980934
May 2011,2.8875337887342933,3.007503818406335,2.889801221851616,2.9484852250942053,3.193098308506331,2.626637159043398
Jun 2011,2.8995468246446325,3.0238749810688152,2.893120630887252,2.9526501896868824,3.2218726288641797,2.585037547108279
Jul 2011,2.900376692009622,3.0438726628999397,2.8976639666006063,2.9613572631222524,3.2260246748939156,2.592572731802075
Aug 2011,2.8929412629558535,3.0598064083907897,2.894154102172547,2.9652474953884087,3.209216724283991,2.607351296749523
Sep 2011,2.9015753756751503,3.040383402135822,2.8882270403549972,2.9560789261959646,3.2107727819250877,2.5938157414185343
Oct 2011,2.8953577749610657,3.0300030192586336,2.8844257739740056,2.95329798864388,3.1986554801058102,2.582150343073029
Nov 2011,2.8859515635986144,3.0387708696056905,2.893423652187448,2.946014031333125,3.2052781532078924,2.6025516355078553
Dec 2011,2.8894270924307373,3.0434508166230443,2.890474902800318,2.9413371132660706,3.210079574645848,2.5841879544757527
Jan 2012,2.895356042087911,3.0359072165520162,2.8699364833098344,2.933821127192973,3.181806594583601,2.545768146172756
Feb 2012,2.8776997017213386,3.0285275459821595,2.872262583784751,2.932277323816106,3.1643239840036617,2.5875413710938937
Mar 2012,2.882586465470644,3.0235543857262543,2.8794532090078366,2.9342717111578223,3.1977751583901703,2.5753070518898182
Apr 2012,2.922221685511193,3.0718222688549637,2.8933624306383017,2.94819017294085,3.237207333412823,2.5701263410926054
May 2012,2.917507282311267,3.097051947390688,2.9078751948122714,2.96539635370282,3.1990107844276237,2.5888049472528003
Jun 2012,2.93386467515902,3.113545460566087,2.933613800314905,2.971430291440615,3.231178127065235,2.589053097087617
Jul 2012,2.931718624072622,3.1162494546460566,2.9215048660018996,2.9670811029545456,3.223684470002658,2.59082402959566
Aug 2012,2.9392577233416035,3.1339128532325637,2.9319123708137727,2.9831727722119847,3.201649426609253,2.5782806089533685
Sep 2012,2.9429403258210614,3.1173512363945526,2.922346640937448,2.9749310085179532,3.236593438588091,2.5894632820552634
Oct 2012,2.9280446610469903,3.1038156461051734,2.919596970524692,2.9674925191059187,3.1907541037591813,2.6251317642670897
Nov 2012,2.942289755050283,3.105089647210953,2.923031199881393,2.9651996113873094,3.2259083125898984,2.5987570058621543
Dec 2012,2.940140156138237,3.1287882533274787,2.9216726126132233,2.972788304760183,3.2063336365885875,2.578435155698199
Jan 2013,2.9163716222498004,3.1191221261961424,2.919683743198977,2.9562434018779102,3.1868716211749,2.566722323235538
Feb 2013,2.9195042141982674,3.12128308753926,2.9244240510004453,2.951991209708319,3.2019117586050947,2.5931204239180152
Mar 2013,2.9361936266016926,3.126910610386888,2.9277084622702105,2.9699441170603644,3.20542387515254,2.581610411552692
Apr 2013,2.953665821432892,3.1620933085903187,2.9519282535266775,2.9819068727034304,3.230091095189354,2.584993723598547
May 2013,2.974452128257973,3.174621181834773,2.954406576030639,2.9928060178377374,3.2505485112748405,2.6083432276848417
Jun 2013,2.9945312902156913,3.2046728370044186,2.9830478474551154,3.0054814849253586,3.265625950174129,2.628854490051406
Jul 2013,3.001763071317853,3.22195146603338,2.98666096519426,3.026739342642482,3.2534400579786267,2.6370614548887867
Aug 2013,3.014075637673457,3.243258707307383,3.007759854137213,3.0355050884552677,3.2523792782955256,2.6444589500191897
Sep 2013,3.039561129591441,3.27608423083445,3.013415102398268,3.0508048634179437,3.280917252944358,2.6577589413930425
Oct 2013,3.040301188178248,3.277750564033751,3.0282649730676385,3.0591404885082905,3.3096360157937488,2.6351088364863324
Nov 2013,3.0518654839071764,3.2973544987279846,3.034818219565195,3.066078580072412,3.3006210348193084,2.651301675444072
Dec 2013,3.0844292305371313,3.3232526571249563,3.0621423576847873,3.095280755634999,3.3515680672060397,2.678785944400695
Jan 2014,3.0905827729507998,3.3321667154473915,3.061162814026576,3.091075545816151,3.3020859205334836,2.6852081674904715
Feb 2014,3.1023257278231164,3.347896578328672,3.0816331443261102,3.101639845079885,3.322174538224132,2.669961216399399
Mar 2014,3.117095494750377,3.3669988605514454,3.1047434750230622,3.1155076602737046,3.3370914319449696,2.7022059495054482
Apr 2014,3.160881527528994,3.4295470100572434,3.1329537225157997,3.155316701747515,3.353336841864202,2.6974616126393176
May 2014,3.1812974692141576,3.457540553849048,3.16771095367611,3.1700443340629127,3.3811089858893966,2.754758598318557
Jun 2014,3.222270947953108,3.493180855044655,3.1843152257226692,3.201509239879059,3.402832146756412,2.741894334429725
Jul 2014,3.255174604952652,3.5431434712510823,3.218459673521375,3.218833876954512,3.4027977581059714,2.745173568619082
Aug 2014,3.2817935504785147,3.578396230503377,3.2423579104616582,3.2542148332862997,3.4455636653521764,2.7837236941006247
Sep 2014,3.2909491819937733,3.581922590023668,3.2509223142933013,3.2681881916642226,3.4665851497993287,2.7743300581784256
Oct 2014,3.299566706334964,3.565799833254907,3.2569772335440317,3.2646615439223945,3.455103199596742,2.7943803016508024
Nov 2014,3.307722393192397,3.560195919039557,3.2767204153722025,3.267938755295781,3.471846291931312,2.784865753346567
Dec 2014,3.3253133299133406,3.587825110548559,3.28191684758166,3.2719963601855757,3.465120908869767,2.7978071739649093
Jan 2015,3.3298485905118715,3.596812984153618,3.281214303171791,3.2763722821081047,3.465362850997246,2.80663598910404
Feb 2015,3.335561833568776,3.5920053385516515,3.2791211770830797,3.2845105924409164,3.4693383698597886,2.809282002210461
Mar 2015,3.3414672653039696,3.5940779179919176,3.2918015838654338,3.2864222792155497,3.4690925297789286,2.7900984713660923
Apr 2015,3.3728614217718644,3.6367689555164495,3.3276623302643924,3.3124482132244952,3.5124373341529136,2.8152854160353016
May 2015,3.391142983805128,3.6317958935541705,3.3391038128348827,3.337022280972501,3.521454878202119,2.8187542813443893
Jun 2015,3.4294842774880934,3.677400810125222,3.364876150186287,3.3571469014232207,3.532076200227423,2.8428197779203144
Jul 2015,3.456421740906044,3.716187133283016,3.3947756072584134,3.3896432448979765,3.583875346115832,2.8636915336220543
Aug 2015,3.4913772684708357,3.7576033717516495,3.419581136477264,3.4115419180295823,3.58722286697707,2.863458250086017
Sep 2015,3.5109670013644543,3.7805282838457432,3.4394470508068937,3.4267930708043752,3.6050422947510508,2.8852446026787684
Oct 2015,3.5338794356676946,3.7767278692621336,3.452701972563883,3.438822448792735,3.5877192944227225,2.8781149403376136
Nov 2015,3.540287055656206,3.791668233610782,3.4660425280478284,3.431116556428431,3.594709126109322,2.909554376463589
Dec 2015,3.571544490279571,3.807882351954919,3.481597905288421,3.457247575521706,3.6108248229737505,2.9060730656131124
Jan 2016,3.5970878668978408,3.852069113950632,3.487806903829188,3.4723652741028697,3.6095916051982226,2.902251487448381
Feb 2016,3.6246087857939746,3.838730596268864,3.5160133847359387,3.473886732263114,3.6525956947298783,2.9540924805539035
Mar 2016,3.6122378563499042,3.9006957078905056,3.530906219177607,3.4952024931211563,3.6599045388627816,2.9044580207544155
Apr 2016,3.6465336973097706,3.8488897835472917,3.578332393623355,3.5128460710096103,3.6643475767517315,2.952027664209613
May 2016,3.689963792196227,3.9087119004629987,3.6014975132568194,3.546854473706655,3.705812092338467,2.9641711940485393
Jun 2016,3.7207711585133647,3.9207948541697832,3.6257154413604793,3.578928807237447,3.720365797046942,2.9866675799889757
Jul 2016,3.7542708241873615,3.9468950598505828,3.664005847197864,3.61113541208529,3.745935550457537,3.0156945020460175
Aug 2016,3.770326252829624,3.9583282772717303,3.6663020910663024,3.623554892963509,3.770944676779498,3.029007356321268
Sep 2016,3.771759999320509,3.9644781010853474,3.674837278886736,3.628409466442629,3.782216686210451,3.0033176090007694
Oct 2016,3.766848876261309,3.94865020126433,3.662353057620506,3.624809629545305,3.7807240245031895,3.0274848809713926
Nov 2016,3.7621787655517203,3.9399071580176988,3.673067794885694,3.631677697189628,3.8293155770087,3.0091974156575105
Dec 2016,3.775703699552973,3.9728425072963067,3.702510500850127,3.62088280194056,3.8026482986194967,3.0179257774506723
Jan 2017,3.813415360090839,3.994938133329079,3.709303212672845,3.65516628618647,3.7843633982247233,3.016618980014499
Feb 2017,3.809810541966739,3.9894615354071123,3.7090396322646693,3.6386169796080776,3.8055301551263034,3.022437552649634
Mar 2017,3.802262107250725,3.9879789537496277,3.7197794319097173,3.6454459090419133,3.817293228188096,3.0110583499647725
Apr 2017,3.829495461513376,4.026593712712416,3.7607417506245957,3.685438225494987,3.855883128557099,3.059547192769009
May 2017,3.8458740965108307,4.054866420623909,3.7766712282349943,3.7123574078604538,3.9094801586501093,3.0801259357626045
Jun 2017,3.8740788825696733,4.058993437927938,3.7963474029191735,3.7215726277254255,3.897253852269956,3.1064178336014043
Jul 2017,3.9070914257833125,4.093184108492875,3.838103312869623,3.761083796369505,3.9103730420512175,3.1160213236476646
Aug 2017,3.951180970279018,4.135407293093763,3.8569281158638717,3.7832841002522235,3.936399819594531,3.149857428026521
Sep 2017,3.926597077535534,4.1043736666164765,3.852792585648293,3.790952591575403,3.953320712586205,3.1609573546918397
Oct 2017,3.9274181834476067,4.102411785092088,3.863008179555868,3.799519405077703,3.949824827874495,3.170717730823952
Nov 2017,3.9315579892055688,4.093883363728001,3.876867630443322,3.793016432754113,3.9595964116060323,3.1408187044727516
Dec 2017,3.943454949344381,4.11169505514625,3.863220958196981,3.800559729852287,3.9558090370797023,3.191260800959354
Jan 2018,3.9517181803572825,4.120313765655647,3.8673920446994035,3.812234030937622,3.9912069281044253,3.184311575142942
Feb 2018,3.944471844616568,4.106372240356173,3.870680195348968,3.815295220535128,3.961737895841874,3.2153176011165066
Mar 2018,3.9252384903161426,4.107686563174689,3.890488019399186,3.7991943293301484,4.043976900467858,3.1496432998373196
Apr 2018,3.9511892118323395,4.1305706183192665,3.907744542412427,3.8124161657694056,4.013610976716333,3.1684785190010523
May 2018,3.964123464637544,4.165973463380883,3.923794451833549,3.841954216176524,4.008195935744918,3.1863591882651083
Jun 2018,3.9926830655463714,4.1585229388465175,3.94692726018625,3.851411228467835,3.987907436690229,3.279221717826128
Jul 2018,4.029590886416402,4.207839697508681,3.968396903446833,3.8845259507665246,4.0451732887891465,3.2601971134054133
Aug 2018,4.0301387241169575,4.221253195912672,3.993032066405907,3.9001639015972422,4.095611571556824,3.2967113954373772
Sep 2018,4.036242786789244,4.224631481927454,3.9897108604511837,3.8992624651532486,4.061843467221713,3.30310737813031
Oct 2018,4.014269203917191,4.193067269407871,3.9774897982140605,3.884680816655535,4.103199948696291,3.2814680062470845
Nov 2018,4.0331616369265895,4.189213933849254,3.9964179944488647,3.8746379660570636,4.107122607031381,3.343866249492529
Dec 2018,4.015497936032421,4.17974322928277,3.980040740143622,3.88346347542437,4.0868143926025535,3.304292973579662
Jan 2019,3.9975069194690933,4.184662379287015,3.978706825833137,3.864243092792849,4.145607539815356,3.257382018572081
Feb 2019,3.9813321808090207,4.170977429417128,3.9525950921125372,3.8603087155664992,4.12005645808804,3.316841163318801
Mar 2019,3.9815344653039135,4.142893559595669,3.975383385510177,3.8442404099433425,4.071134375040419,3.297567822610017
Apr 2019,3.9971053400272454,4.181805997488928,3.9706597866598017,3.8819115406473905,4.082197450926847,3.30613240421718
May 2019,3.9994898363356497,4.206163082388944,3.999470395244915,3.873089585358478,4.137023742220553,3.303561656790784
Jun 2019,4.002239037155578,4.21247319265704,4.020512678962236,3.896879499394294,4.100743265938808,3.3619553104260524
Jul 2019,4.054564778895826,4.276037047440136,4.020922935284938,3.9270769633664546,4.133315199943173,3.3652910961588343
Aug 2019,4.062574054806522,4.302419622497286,4.0425047451771166,3.933364347646186,4.177439360398512,3.3767908358133227
Sep 2019,4.081273351376288,4.295402041960326,4.039742432212092,3.9301576097829174,4.190083704664733,3.423459810767352
Oct 2019,4.061275640045811,4.289144877967788,4.042759616013655,3.9419137345341304,4.197254185482464,3.4111577795263566
Nov 2019,4.0673848969415545,4.27169200217343,4.061492059521354,3.917877729483586,4.164125831491739,3.39090850115253
Dec 2019,4.045679132847109,4.301850651301089,4.038501070151109,3.9119217234827097,4.192337169225726,3.4094775872596585
Jan 2020,4.056647646125867,4.282323124885458,4.052341065800355,3.911157743218139,4.19185078191751,3.3806321753847173
Feb 2020,4.070817745679545,4.295790473371061,4.050406800543529,3.9204420243220923,4.173395714383861,3.440905733100581
Mar 2020,4.0789976051679835,4.32065469236802,4.068388970887296,3.9503574634938667,4.170141268016225,3.4275638820095966
Apr 2020,4.066308449444798,4.3071034824574594,4.059260118212739,3.923470894104396,4.146901661690979,3.384209183821829
May 2020,4.077848844630796,4.322560930363177,4.079322197210264,3.9601416096099196,4.169952756470498,3.4671761235452387
Jun 2020,4.103977107170767,4.3367213885330465,4.1051864736883745,3.9763111752221345,4.205722675674226,3.4943597459119125
Jul 2020,4.1171468649579,4.402881757438654,4.131254959361612,3.97889460281169,4.2526512200443065,3.526659464279844
Aug 2020,4.143029130796649,4.426850916102114,4.160361569689609,4.010623600723749,4.3175147075948015,3.546471955092203
Sep 2020,4.171480533614822,4.468204390274837,4.171839176818752,4.0586712416620685,4.335620118549395,3.5566062698134817
Oct 2020,4.22734219148537,4.498402153410287,4.214629579549035,4.082197497779029,4.371724889891683,3.594224540876031
Nov 2020,4.285985618960358,4.549315518466013,4.264957385327521,4.1362465374590025,4.420059464699003,3.6560853128595734
Dec 2020,4.4090414795686215,NA,NA,NA,NA,NA
