[
  {
    "Date": "1996-01-01",
    "England": 1.0241,
    "Wales": 1.0128
  },
  {
    "Date": "1997-01-01",
    "England": 1.104,
    "Wales": 1.0606
  },
  {
    "Date": "1998-01-01",
    "England": 1.1984,
    "Wales": 1.1185
  },
  {
    "Date": "1999-01-01",
    "England": 1.3036,
    "Wales": 1.1826
  },
  {
    "Date": "2000-01-01",
    "England": 1.4743,
    "Wales": 1.2821
  },
  {
    "Date": "2001-01-01",
    "England": 1.6349,
    "Wales": 1.3881
  },
  {
    "Date": "2002-01-01",
    "England": 1.899,
    "Wales": 1.5987
  },
  {
    "Date": "2003-01-01",
    "England": 2.2128,
    "Wales": 1.9454
  },
  {
    "Date": "2004-01-01",
    "England": 2.4853,
    "Wales": 2.3554
  },
  {
    "Date": "2005-01-01",
    "England": 2.6445,
    "Wales": 2.58
  },
  {
    "Date": "2006-01-01",
    "England": 2.8096,
    "Wales": 2.7377
  },
  {
    "Date": "2007-01-01",
    "England": 3.0384,
    "Wales": 2.9123
  },
  {
    "Date": "2008-01-01",
    "England": 3.0098,
    "Wales": 2.8695
  },
  {
    "Date": "2009-01-01",
    "England": 2.7794,
    "Wales": 2.6901
  },
  {
    "Date": "2010-01-01",
    "England": 2.9175,
    "Wales": 2.7617
  },
  {
    "Date": "2011-01-01",
    "England": 2.8975,
    "Wales": 2.7154
  },
  {
    "Date": "2012-01-01",
    "England": 2.9305,
    "Wales": 2.7033
  },
  {
    "Date": "2013-01-01",
    "England": 3.0192,
    "Wales": 2.7351
  },
  {
    "Date": "2014-01-01",
    "England": 3.2292,
    "Wales": 2.8405
  },
  {
    "Date": "2015-01-01",
    "England": 3.4234,
    "Wales": 2.9228
  },
  {
    "Date": "2016-01-01",
    "England": 3.6404,
    "Wales": 3.0379
  },
  {
    "Date": "2017-01-01",
    "England": 3.8094,
    "Wales": 3.145
  },
  {
    "Date": "2018-01-01",
    "England": 3.9299,
    "Wales": 3.2992
  },
  {
    "Date": "2019-01-01",
    "England": 3.9794,
    "Wales": 3.4133
  }
]
