[
  {
    "Date": "1996-01-01",
    "UKH23": 1.0403,
    "UKH25": 1.0292,
    "UKG31": 1.0127,
    "UKG32": 1.0227,
    "UKG12": 1.0248,
    "UKG37": 1.0163,
    "UKG38": 1.0091,
    "UKG13": 1.0269,
    "UKG36": 1.0022,
    "UKG24": 1.0121,
    "UKK12": 1.0307,
    "UKK23": 1.0181,
    "UKK15": 1.0265,
    "UKK22": 1.0356,
    "UKD41": 0.9934,
    "UKD46": 0.996,
    "UKD45": 0.992,
    "UKE22": 1.0045,
    "UKD47": 1.0098,
    "UKE41": 0.9905,
    "UKE42": 1.0012,
    "UKE44": 0.9944,
    "UKK21": 1.0377,
    "UKJ36": 1.0462,
    "UKD37": 1.0058,
    "UKD36": 1.0076,
    "UKJ21": 1.0567,
    "UKJ22": 1.0311,
    "UKJ27": 1.0474,
    "UKJ28": 1.0355,
    "UKI61": 1.0455,
    "UKI44": 1.0498,
    "UKJ46": 1.0365,
    "UKI51": 1.0345,
    "UKJ43": 1.0172,
    "UKK11": 1.0392,
    "UKD12": 1.0099,
    "UKD11": 0.9926,
    "UKC21": 1.0034,
    "UKH12": 1.0196,
    "UKH35": 1.0228,
    "UKH16": 0.9959,
    "UKH14": 1.015,
    "UKH34": 1.0129,
    "UKL22": 1.0153,
    "UKL16": 1.0107,
    "UKL15": 1.0032,
    "UKL21": 1.0089,
    "UKL17": 1.0126,
    "UKL24": 1.0126,
    "UKD63": 1.0095,
    "UKL23": 1.0126,
    "UKD74": 0.9966,
    "UKL13": 1.0086,
    "UKH36": 1.0348,
    "UKH37": 1.028,
    "UKH32": 1.0153,
    "UKI52": 1.0343,
    "UKI62": 1.0509,
    "UKI63": 1.044,
    "UKJ26": 1.0416,
    "UKJ44": 1.0392,
    "UKJ45": 1.0201,
    "UKG33": 1.0031,
    "UKF22": 1.0185,
    "UKF24": 1.0362,
    "UKD62": 1.0073,
    "UKG22": 1.0245,
    "UKF11": 1.0049,
    "UKF13": 1.0105,
    "UKF12": 0.9954,
    "UKF15": 1.0025,
    "UKF16": 1.0104,
    "UKC14": 1.0074,
    "UKC22": 1.0042,
    "UKC23": 1.0054,
    "UKC13": 1.0042,
    "UKC11": 0.9893,
    "UKE31": 0.9944,
    "UKE13": 0.9979,
    "UKE12": 0.9961,
    "UKF30": 1.0095,
    "UKK43": 1.0241,
    "UKG39": 1.0012,
    "UKI42": 1.0654,
    "UKI41": 1.057,
    "UKI31": 1.107,
    "UKI53": 1.0507,
    "UKI43": 1.0686,
    "UKI54": 1.0449,
    "UKI71": 1.0659,
    "UKK30": 1.0293,
    "UKD42": 0.9739,
    "UKD44": 0.998,
    "UKK13": 1.0313,
    "UKG11": 1.0178,
    "UKJ14": 1.0404,
    "UKJ25": 1.0473,
    "UKJ37": 1.0365,
    "UKJ11": 1.0437,
    "UKI72": 1.0705,
    "UKI73": 1.0589,
    "UKI74": 1.0444,
    "UKJ13": 1.0428,
    "UKE11": 0.9798,
    "UKH17": 1.0027,
    "UKI75": 1.0498,
    "UKD72": 1.0048,
    "UKD71": 0.9967,
    "UKD73": 0.9987,
    "UKF21": 0.9988,
    "UKF25": 1.0129,
    "UKL12": 1.0355,
    "UKL11": 1.0271,
    "UKE45": 1.0084,
    "UKH21": 1.0324,
    "UKD33": 1.0026,
    "UKD35": 1.0044,
    "UKD34": 1.0132,
    "UKJ41": 1.0115,
    "UKJ12": 1.0312,
    "UKH24": 1.0229,
    "UKF14": 1.0065,
    "UKH15": 1.004,
    "UKI32": 1.0305,
    "UKI33": 1.0902,
    "UKH11": 1.0037,
    "UKK41": 0.9866,
    "UKJ31": 1.0364,
    "UKJ35": 1.0329,
    "UKJ34": 1.0361,
    "UKE32": 1.0108,
    "UKL18": 1.0178,
    "UKL14": 1.0257,
    "UKI45": 1.0872,
    "UKK14": 1.0254,
    "UKJ32": 1.0283,
    "UKH31": 1.033,
    "UKG23": 1.0026,
    "UKI34": 1.0749,
    "UKG21": 0.9946,
    "UKK42": 1.0165,
    "UKC12": 0.9899,
    "UKD61": 1.007,
    "UKE21": 0.9998
  },
  {
    "Date": "1997-01-01",
    "UKH23": 1.1747,
    "UKH25": 1.1427,
    "UKG31": 1.076,
    "UKG32": 1.1056,
    "UKG12": 1.102,
    "UKG37": 1.0449,
    "UKG38": 1.0566,
    "UKG13": 1.1215,
    "UKG36": 1.051,
    "UKG24": 1.0696,
    "UKK12": 1.1161,
    "UKK23": 1.0939,
    "UKK15": 1.1201,
    "UKK22": 1.1473,
    "UKD41": 1.0289,
    "UKD46": 1.0041,
    "UKD45": 1.028,
    "UKE22": 1.0523,
    "UKD47": 1.0514,
    "UKE41": 1.0085,
    "UKE42": 1.045,
    "UKE44": 1.0261,
    "UKK21": 1.1609,
    "UKJ36": 1.1604,
    "UKD37": 1.0373,
    "UKD36": 1.032,
    "UKJ21": 1.1811,
    "UKJ22": 1.1311,
    "UKJ27": 1.1752,
    "UKJ28": 1.1593,
    "UKI61": 1.1749,
    "UKI44": 1.1846,
    "UKJ46": 1.1726,
    "UKI51": 1.1493,
    "UKJ43": 1.1124,
    "UKK11": 1.1415,
    "UKD12": 1.0463,
    "UKD11": 1.0402,
    "UKC21": 1.0533,
    "UKH12": 1.1079,
    "UKH35": 1.1265,
    "UKH16": 1.0606,
    "UKH14": 1.0924,
    "UKH34": 1.0978,
    "UKL22": 1.0845,
    "UKL16": 1.0593,
    "UKL15": 1.0236,
    "UKL21": 1.0758,
    "UKL17": 1.0452,
    "UKL24": 1.0792,
    "UKD63": 1.055,
    "UKL23": 1.0529,
    "UKD74": 1.0468,
    "UKL13": 1.0581,
    "UKH36": 1.1538,
    "UKH37": 1.1211,
    "UKH32": 1.0944,
    "UKI52": 1.1343,
    "UKI62": 1.1786,
    "UKI63": 1.1888,
    "UKJ26": 1.1921,
    "UKJ44": 1.1249,
    "UKJ45": 1.1231,
    "UKG33": 1.069,
    "UKF22": 1.0867,
    "UKF24": 1.1463,
    "UKD62": 1.0701,
    "UKG22": 1.0856,
    "UKF11": 1.0415,
    "UKF13": 1.0626,
    "UKF12": 1.031,
    "UKF15": 1.0478,
    "UKF16": 1.0773,
    "UKC14": 1.0305,
    "UKC22": 1.0476,
    "UKC23": 1.0312,
    "UKC13": 1.0384,
    "UKC11": 1.0136,
    "UKE31": 1.0203,
    "UKE13": 1.0216,
    "UKE12": 1.0112,
    "UKF30": 1.0653,
    "UKK43": 1.1041,
    "UKG39": 1.0632,
    "UKI42": 1.2111,
    "UKI41": 1.1759,
    "UKI31": 1.2566,
    "UKI53": 1.1646,
    "UKI43": 1.2372,
    "UKI54": 1.1709,
    "UKI71": 1.2024,
    "UKK30": 1.1145,
    "UKD42": 1.0244,
    "UKD44": 1.0354,
    "UKK13": 1.1206,
    "UKG11": 1.078,
    "UKJ14": 1.1713,
    "UKJ25": 1.1935,
    "UKJ37": 1.1794,
    "UKJ11": 1.1944,
    "UKI72": 1.2128,
    "UKI73": 1.2241,
    "UKI74": 1.1875,
    "UKJ13": 1.1856,
    "UKE11": 0.9582,
    "UKH17": 1.069,
    "UKI75": 1.2115,
    "UKD72": 1.0278,
    "UKD71": 1.0174,
    "UKD73": 1.0329,
    "UKF21": 1.0451,
    "UKF25": 1.0775,
    "UKL12": 1.0852,
    "UKL11": 1.0865,
    "UKE45": 1.0369,
    "UKH21": 1.1192,
    "UKD33": 1.0376,
    "UKD35": 1.048,
    "UKD34": 1.0619,
    "UKJ41": 1.1051,
    "UKJ12": 1.1266,
    "UKH24": 1.1157,
    "UKF14": 1.0604,
    "UKH15": 1.0689,
    "UKI32": 1.2021,
    "UKI33": 1.2688,
    "UKH11": 1.0575,
    "UKK41": 1.0496,
    "UKJ31": 1.1383,
    "UKJ35": 1.1339,
    "UKJ34": 1.1389,
    "UKE32": 1.0476,
    "UKL18": 1.0545,
    "UKL14": 1.065,
    "UKI45": 1.2399,
    "UKK14": 1.0983,
    "UKJ32": 1.1307,
    "UKH31": 1.1442,
    "UKG23": 1.0358,
    "UKI34": 1.2695,
    "UKG21": 1.0378,
    "UKK42": 1.0924,
    "UKC12": 0.9969,
    "UKD61": 1.0482,
    "UKE21": 1.0517
  },
  {
    "Date": "1998-01-01",
    "UKH23": 1.3162,
    "UKH25": 1.2631,
    "UKG31": 1.1478,
    "UKG32": 1.2253,
    "UKG12": 1.1882,
    "UKG37": 1.0876,
    "UKG38": 1.1071,
    "UKG13": 1.223,
    "UKG36": 1.1102,
    "UKG24": 1.1371,
    "UKK12": 1.2201,
    "UKK23": 1.1891,
    "UKK15": 1.2382,
    "UKK22": 1.2661,
    "UKD41": 1.0554,
    "UKD46": 1.0337,
    "UKD45": 1.0665,
    "UKE22": 1.1162,
    "UKD47": 1.1083,
    "UKE41": 1.0424,
    "UKE42": 1.1022,
    "UKE44": 1.0584,
    "UKK21": 1.2937,
    "UKJ36": 1.2919,
    "UKD37": 1.0739,
    "UKD36": 1.0635,
    "UKJ21": 1.3161,
    "UKJ22": 1.252,
    "UKJ27": 1.3022,
    "UKJ28": 1.3095,
    "UKI61": 1.3318,
    "UKI44": 1.3203,
    "UKJ46": 1.3081,
    "UKI51": 1.295,
    "UKJ43": 1.2288,
    "UKK11": 1.2602,
    "UKD12": 1.1038,
    "UKD11": 1.0847,
    "UKC21": 1.1035,
    "UKH12": 1.2273,
    "UKH35": 1.2404,
    "UKH16": 1.1413,
    "UKH14": 1.186,
    "UKH34": 1.205,
    "UKL22": 1.1611,
    "UKL16": 1.1016,
    "UKL15": 1.0571,
    "UKL21": 1.1491,
    "UKL17": 1.079,
    "UKL24": 1.1403,
    "UKD63": 1.129,
    "UKL23": 1.1124,
    "UKD74": 1.1052,
    "UKL13": 1.108,
    "UKH36": 1.2808,
    "UKH37": 1.2236,
    "UKH32": 1.1973,
    "UKI52": 1.2691,
    "UKI62": 1.3219,
    "UKI63": 1.3385,
    "UKJ26": 1.3403,
    "UKJ44": 1.2225,
    "UKJ45": 1.2413,
    "UKG33": 1.1582,
    "UKF22": 1.1569,
    "UKF24": 1.2592,
    "UKD62": 1.1501,
    "UKG22": 1.1519,
    "UKF11": 1.1008,
    "UKF13": 1.1224,
    "UKF12": 1.0825,
    "UKF15": 1.0958,
    "UKF16": 1.1461,
    "UKC14": 1.072,
    "UKC22": 1.1085,
    "UKC23": 1.0684,
    "UKC13": 1.0762,
    "UKC11": 1.0278,
    "UKE31": 1.0504,
    "UKE13": 1.0616,
    "UKE12": 1.0416,
    "UKF30": 1.1268,
    "UKK43": 1.1922,
    "UKG39": 1.1053,
    "UKI42": 1.3627,
    "UKI41": 1.3135,
    "UKI31": 1.4156,
    "UKI53": 1.2992,
    "UKI43": 1.4056,
    "UKI54": 1.3079,
    "UKI71": 1.3559,
    "UKK30": 1.2136,
    "UKD42": 1.0572,
    "UKD44": 1.0804,
    "UKK13": 1.2285,
    "UKG11": 1.1557,
    "UKJ14": 1.309,
    "UKJ25": 1.352,
    "UKJ37": 1.3188,
    "UKJ11": 1.3409,
    "UKI72": 1.3845,
    "UKI73": 1.3833,
    "UKI74": 1.3342,
    "UKJ13": 1.3296,
    "UKE11": 0.9625,
    "UKH17": 1.1539,
    "UKI75": 1.3873,
    "UKD72": 1.061,
    "UKD71": 1.0423,
    "UKD73": 1.097,
    "UKF21": 1.1171,
    "UKF25": 1.1601,
    "UKL12": 1.1443,
    "UKL11": 1.1289,
    "UKE45": 1.0686,
    "UKH21": 1.2301,
    "UKD33": 1.1142,
    "UKD35": 1.1032,
    "UKD34": 1.1334,
    "UKJ41": 1.2163,
    "UKJ12": 1.2484,
    "UKH24": 1.2409,
    "UKF14": 1.1116,
    "UKH15": 1.14,
    "UKI32": 1.3235,
    "UKI33": 1.4026,
    "UKH11": 1.1324,
    "UKK41": 1.0992,
    "UKJ31": 1.2415,
    "UKJ35": 1.2416,
    "UKJ34": 1.2511,
    "UKE32": 1.1029,
    "UKL18": 1.0903,
    "UKL14": 1.1356,
    "UKI45": 1.4261,
    "UKK14": 1.2142,
    "UKJ32": 1.2414,
    "UKH31": 1.2525,
    "UKG23": 1.0581,
    "UKI34": 1.4492,
    "UKG21": 1.0829,
    "UKK42": 1.1706,
    "UKC12": 1.0275,
    "UKD61": 1.1171,
    "UKE21": 1.1115
  },
  {
    "Date": "1999-01-01",
    "UKH23": 1.4573,
    "UKH25": 1.3897,
    "UKG31": 1.2378,
    "UKG32": 1.3403,
    "UKG12": 1.2895,
    "UKG37": 1.143,
    "UKG38": 1.1651,
    "UKG13": 1.3364,
    "UKG36": 1.1774,
    "UKG24": 1.2111,
    "UKK12": 1.3498,
    "UKK23": 1.3074,
    "UKK15": 1.3798,
    "UKK22": 1.4039,
    "UKD41": 1.073,
    "UKD46": 1.0564,
    "UKD45": 1.128,
    "UKE22": 1.1839,
    "UKD47": 1.1632,
    "UKE41": 1.078,
    "UKE42": 1.1735,
    "UKE44": 1.1022,
    "UKK21": 1.4324,
    "UKJ36": 1.4228,
    "UKD37": 1.1219,
    "UKD36": 1.1054,
    "UKJ21": 1.4984,
    "UKJ22": 1.3703,
    "UKJ27": 1.4296,
    "UKJ28": 1.4543,
    "UKI61": 1.4989,
    "UKI44": 1.5032,
    "UKJ46": 1.4443,
    "UKI51": 1.4341,
    "UKJ43": 1.339,
    "UKK11": 1.4239,
    "UKD12": 1.1661,
    "UKD11": 1.1453,
    "UKC21": 1.1568,
    "UKH12": 1.3413,
    "UKH35": 1.3749,
    "UKH16": 1.2436,
    "UKH14": 1.3063,
    "UKH34": 1.3112,
    "UKL22": 1.2537,
    "UKL16": 1.1496,
    "UKL15": 1.1015,
    "UKL21": 1.2221,
    "UKL17": 1.121,
    "UKL24": 1.188,
    "UKD63": 1.2265,
    "UKL23": 1.1781,
    "UKD74": 1.1769,
    "UKL13": 1.1774,
    "UKH36": 1.4063,
    "UKH37": 1.3341,
    "UKH32": 1.2917,
    "UKI52": 1.3885,
    "UKI62": 1.4842,
    "UKI63": 1.51,
    "UKJ26": 1.4894,
    "UKJ44": 1.3368,
    "UKJ45": 1.3608,
    "UKG33": 1.2434,
    "UKF22": 1.2488,
    "UKF24": 1.3855,
    "UKD62": 1.2489,
    "UKG22": 1.2453,
    "UKF11": 1.1795,
    "UKF13": 1.1952,
    "UKF12": 1.1296,
    "UKF15": 1.1503,
    "UKF16": 1.2343,
    "UKC14": 1.1107,
    "UKC22": 1.1709,
    "UKC23": 1.118,
    "UKC13": 1.1078,
    "UKC11": 1.0522,
    "UKE31": 1.0911,
    "UKE13": 1.0855,
    "UKE12": 1.0768,
    "UKF30": 1.1986,
    "UKK43": 1.3003,
    "UKG39": 1.1708,
    "UKI42": 1.5233,
    "UKI41": 1.5134,
    "UKI31": 1.577,
    "UKI53": 1.446,
    "UKI43": 1.5907,
    "UKI54": 1.4491,
    "UKI71": 1.5137,
    "UKK30": 1.3236,
    "UKD42": 1.102,
    "UKD44": 1.136,
    "UKK13": 1.3503,
    "UKG11": 1.2726,
    "UKJ14": 1.4596,
    "UKJ25": 1.5073,
    "UKJ37": 1.4609,
    "UKJ11": 1.5006,
    "UKI72": 1.5616,
    "UKI73": 1.5906,
    "UKI74": 1.4982,
    "UKJ13": 1.47,
    "UKE11": 0.9775,
    "UKH17": 1.2591,
    "UKI75": 1.5562,
    "UKD72": 1.102,
    "UKD71": 1.0975,
    "UKD73": 1.1592,
    "UKF21": 1.1899,
    "UKF25": 1.2579,
    "UKL12": 1.2181,
    "UKL11": 1.2167,
    "UKE45": 1.1086,
    "UKH21": 1.3687,
    "UKD33": 1.2085,
    "UKD35": 1.1929,
    "UKD34": 1.2248,
    "UKJ41": 1.3388,
    "UKJ12": 1.3751,
    "UKH24": 1.3655,
    "UKF14": 1.1836,
    "UKH15": 1.2318,
    "UKI32": 1.4628,
    "UKI33": 1.5604,
    "UKH11": 1.2124,
    "UKK41": 1.1737,
    "UKJ31": 1.3489,
    "UKJ35": 1.3524,
    "UKJ34": 1.3815,
    "UKE32": 1.1733,
    "UKL18": 1.1461,
    "UKL14": 1.1704,
    "UKI45": 1.6316,
    "UKK14": 1.372,
    "UKJ32": 1.3657,
    "UKH31": 1.3695,
    "UKG23": 1.0932,
    "UKI34": 1.6617,
    "UKG21": 1.1476,
    "UKK42": 1.2601,
    "UKC12": 1.0506,
    "UKD61": 1.195,
    "UKE21": 1.1942
  },
  {
    "Date": "2000-01-01",
    "UKH23": 1.7108,
    "UKH25": 1.6231,
    "UKG31": 1.3744,
    "UKG32": 1.5245,
    "UKG12": 1.464,
    "UKG37": 1.2148,
    "UKG38": 1.2731,
    "UKG13": 1.4959,
    "UKG36": 1.2806,
    "UKG24": 1.3325,
    "UKK12": 1.5789,
    "UKK23": 1.5121,
    "UKK15": 1.6154,
    "UKK22": 1.6368,
    "UKD41": 1.124,
    "UKD46": 1.1227,
    "UKD45": 1.2009,
    "UKE22": 1.3114,
    "UKD47": 1.257,
    "UKE41": 1.1502,
    "UKE42": 1.2908,
    "UKE44": 1.1682,
    "UKK21": 1.6699,
    "UKJ36": 1.6823,
    "UKD37": 1.2025,
    "UKD36": 1.1835,
    "UKJ21": 1.8471,
    "UKJ22": 1.603,
    "UKJ27": 1.6816,
    "UKJ28": 1.7181,
    "UKI61": 1.7761,
    "UKI44": 1.8148,
    "UKJ46": 1.6856,
    "UKI51": 1.6824,
    "UKJ43": 1.5601,
    "UKK11": 1.6589,
    "UKD12": 1.255,
    "UKD11": 1.2143,
    "UKC21": 1.2262,
    "UKH12": 1.5579,
    "UKH35": 1.5998,
    "UKH16": 1.4227,
    "UKH14": 1.5178,
    "UKH34": 1.524,
    "UKL22": 1.4036,
    "UKL16": 1.2259,
    "UKL15": 1.1645,
    "UKL21": 1.3305,
    "UKL17": 1.1849,
    "UKL24": 1.3037,
    "UKD63": 1.36,
    "UKL23": 1.2867,
    "UKD74": 1.2855,
    "UKL13": 1.2674,
    "UKH36": 1.6337,
    "UKH37": 1.5489,
    "UKH32": 1.5165,
    "UKI52": 1.6213,
    "UKI62": 1.7854,
    "UKI63": 1.802,
    "UKJ26": 1.7505,
    "UKJ44": 1.5527,
    "UKJ45": 1.5871,
    "UKG33": 1.3964,
    "UKF22": 1.3961,
    "UKF24": 1.6006,
    "UKD62": 1.3867,
    "UKG22": 1.3996,
    "UKF11": 1.2932,
    "UKF13": 1.3132,
    "UKF12": 1.2215,
    "UKF15": 1.2257,
    "UKF16": 1.3728,
    "UKC14": 1.1714,
    "UKC22": 1.2517,
    "UKC23": 1.1758,
    "UKC13": 1.167,
    "UKC11": 1.1056,
    "UKE31": 1.1502,
    "UKE13": 1.136,
    "UKE12": 1.15,
    "UKF30": 1.3179,
    "UKK43": 1.5023,
    "UKG39": 1.2865,
    "UKI42": 1.7772,
    "UKI41": 1.817,
    "UKI31": 1.8569,
    "UKI53": 1.7246,
    "UKI43": 1.8753,
    "UKI54": 1.7325,
    "UKI71": 1.7918,
    "UKK30": 1.5068,
    "UKD42": 1.1612,
    "UKD44": 1.2119,
    "UKK13": 1.5638,
    "UKG11": 1.4452,
    "UKJ14": 1.7164,
    "UKJ25": 1.7695,
    "UKJ37": 1.7221,
    "UKJ11": 1.7858,
    "UKI72": 1.883,
    "UKI73": 1.8541,
    "UKI74": 1.7625,
    "UKJ13": 1.7166,
    "UKE11": 1.0117,
    "UKH17": 1.4656,
    "UKI75": 1.8402,
    "UKD72": 1.1914,
    "UKD71": 1.1909,
    "UKD73": 1.2569,
    "UKF21": 1.2957,
    "UKF25": 1.4189,
    "UKL12": 1.3174,
    "UKL11": 1.315,
    "UKE45": 1.1727,
    "UKH21": 1.6016,
    "UKD33": 1.3432,
    "UKD35": 1.3128,
    "UKD34": 1.3569,
    "UKJ41": 1.5466,
    "UKJ12": 1.6117,
    "UKH24": 1.5884,
    "UKF14": 1.2813,
    "UKH15": 1.4393,
    "UKI32": 1.6728,
    "UKI33": 1.831,
    "UKH11": 1.365,
    "UKK41": 1.3233,
    "UKJ31": 1.5615,
    "UKJ35": 1.5861,
    "UKJ34": 1.6334,
    "UKE32": 1.2897,
    "UKL18": 1.2345,
    "UKL14": 1.2578,
    "UKI45": 1.9776,
    "UKK14": 1.6406,
    "UKJ32": 1.6261,
    "UKH31": 1.5783,
    "UKG23": 1.1376,
    "UKI34": 1.9898,
    "UKG21": 1.258,
    "UKK42": 1.4394,
    "UKC12": 1.0938,
    "UKD61": 1.3328,
    "UKE21": 1.3724
  },
  {
    "Date": "2001-01-01",
    "UKH23": 1.8871,
    "UKH25": 1.7944,
    "UKG31": 1.5364,
    "UKG32": 1.6686,
    "UKG12": 1.62,
    "UKG37": 1.3448,
    "UKG38": 1.3933,
    "UKG13": 1.6473,
    "UKG36": 1.4275,
    "UKG24": 1.4571,
    "UKK12": 1.7548,
    "UKK23": 1.6758,
    "UKK15": 1.7848,
    "UKK22": 1.8226,
    "UKD41": 1.1724,
    "UKD46": 1.1733,
    "UKD45": 1.3081,
    "UKE22": 1.463,
    "UKD47": 1.3679,
    "UKE41": 1.2281,
    "UKE42": 1.433,
    "UKE44": 1.254,
    "UKK21": 1.8484,
    "UKJ36": 1.8718,
    "UKD37": 1.2885,
    "UKD36": 1.2749,
    "UKJ21": 2.1047,
    "UKJ22": 1.7916,
    "UKJ27": 1.8825,
    "UKJ28": 1.9084,
    "UKI61": 1.9468,
    "UKI44": 2.0384,
    "UKJ46": 1.8611,
    "UKI51": 1.898,
    "UKJ43": 1.7523,
    "UKK11": 1.8622,
    "UKD12": 1.3547,
    "UKD11": 1.2926,
    "UKC21": 1.3215,
    "UKH12": 1.7486,
    "UKH35": 1.7744,
    "UKH16": 1.6211,
    "UKH14": 1.7001,
    "UKH34": 1.7135,
    "UKL22": 1.552,
    "UKL16": 1.3067,
    "UKL15": 1.2336,
    "UKL21": 1.4509,
    "UKL17": 1.2467,
    "UKL24": 1.4182,
    "UKD63": 1.503,
    "UKL23": 1.4102,
    "UKD74": 1.4074,
    "UKL13": 1.3769,
    "UKH36": 1.8332,
    "UKH37": 1.7538,
    "UKH32": 1.7137,
    "UKI52": 1.8353,
    "UKI62": 1.9966,
    "UKI63": 1.9816,
    "UKJ26": 1.9264,
    "UKJ44": 1.7461,
    "UKJ45": 1.7377,
    "UKG33": 1.5623,
    "UKF22": 1.5577,
    "UKF24": 1.7681,
    "UKD62": 1.5335,
    "UKG22": 1.5588,
    "UKF11": 1.4391,
    "UKF13": 1.4604,
    "UKF12": 1.315,
    "UKF15": 1.3173,
    "UKF16": 1.5418,
    "UKC14": 1.2357,
    "UKC22": 1.3631,
    "UKC23": 1.2806,
    "UKC13": 1.2649,
    "UKC11": 1.1632,
    "UKE31": 1.2253,
    "UKE13": 1.2071,
    "UKE12": 1.2481,
    "UKF30": 1.4789,
    "UKK43": 1.7105,
    "UKG39": 1.419,
    "UKI42": 2.0168,
    "UKI41": 2.0766,
    "UKI31": 2.0631,
    "UKI53": 1.952,
    "UKI43": 2.0778,
    "UKI54": 1.9344,
    "UKI71": 1.992,
    "UKK30": 1.6913,
    "UKD42": 1.231,
    "UKD44": 1.2998,
    "UKK13": 1.7432,
    "UKG11": 1.5894,
    "UKJ14": 1.8976,
    "UKJ25": 1.9436,
    "UKJ37": 1.8863,
    "UKJ11": 1.9629,
    "UKI72": 2.076,
    "UKI73": 2.0579,
    "UKI74": 1.962,
    "UKJ13": 1.8821,
    "UKE11": 1.0525,
    "UKH17": 1.6639,
    "UKI75": 2.0115,
    "UKD72": 1.2975,
    "UKD71": 1.2752,
    "UKD73": 1.39,
    "UKF21": 1.4533,
    "UKF25": 1.5846,
    "UKL12": 1.4205,
    "UKL11": 1.4242,
    "UKE45": 1.2603,
    "UKH21": 1.7702,
    "UKD33": 1.4498,
    "UKD35": 1.4478,
    "UKD34": 1.5032,
    "UKJ41": 1.739,
    "UKJ12": 1.7945,
    "UKH24": 1.7412,
    "UKF14": 1.4374,
    "UKH15": 1.6366,
    "UKI32": 1.8639,
    "UKI33": 2.0125,
    "UKH11": 1.5495,
    "UKK41": 1.5186,
    "UKJ31": 1.7563,
    "UKJ35": 1.7946,
    "UKJ34": 1.8514,
    "UKE32": 1.4145,
    "UKL18": 1.3015,
    "UKL14": 1.3767,
    "UKI45": 2.1973,
    "UKK14": 1.8083,
    "UKJ32": 1.8241,
    "UKH31": 1.774,
    "UKG23": 1.1917,
    "UKI34": 2.1784,
    "UKG21": 1.3941,
    "UKK42": 1.6363,
    "UKC12": 1.1539,
    "UKD61": 1.4751,
    "UKE21": 1.5968
  },
  {
    "Date": "2002-01-01",
    "UKH23": 2.1839,
    "UKH25": 2.1087,
    "UKG31": 1.7921,
    "UKG32": 1.9264,
    "UKG12": 1.8801,
    "UKG37": 1.5736,
    "UKG38": 1.6362,
    "UKG13": 1.9113,
    "UKG36": 1.6824,
    "UKG24": 1.6933,
    "UKK12": 2.0811,
    "UKK23": 1.9901,
    "UKK15": 2.0495,
    "UKK22": 2.1436,
    "UKD41": 1.2775,
    "UKD46": 1.3102,
    "UKD45": 1.5158,
    "UKE22": 1.7382,
    "UKD47": 1.5737,
    "UKE41": 1.3737,
    "UKE42": 1.6913,
    "UKE44": 1.4473,
    "UKK21": 2.2093,
    "UKJ36": 2.1673,
    "UKD37": 1.4804,
    "UKD36": 1.4462,
    "UKJ21": 2.4695,
    "UKJ22": 2.0994,
    "UKJ27": 2.2029,
    "UKJ28": 2.1883,
    "UKI61": 2.2332,
    "UKI44": 2.3599,
    "UKJ46": 2.1372,
    "UKI51": 2.2156,
    "UKJ43": 2.0522,
    "UKK11": 2.2477,
    "UKD12": 1.566,
    "UKD11": 1.4386,
    "UKC21": 1.5484,
    "UKH12": 2.0404,
    "UKH35": 2.0672,
    "UKH16": 1.9518,
    "UKH14": 2.0224,
    "UKH34": 2.049,
    "UKL22": 1.834,
    "UKL16": 1.4785,
    "UKL15": 1.3825,
    "UKL21": 1.6774,
    "UKL17": 1.3662,
    "UKL24": 1.6721,
    "UKD63": 1.7347,
    "UKL23": 1.6455,
    "UKD74": 1.6313,
    "UKL13": 1.6411,
    "UKH36": 2.1753,
    "UKH37": 2.0797,
    "UKH32": 2.0659,
    "UKI52": 2.205,
    "UKI62": 2.3202,
    "UKI63": 2.2746,
    "UKJ26": 2.1841,
    "UKJ44": 2.0592,
    "UKJ45": 2.0276,
    "UKG33": 1.8059,
    "UKF22": 1.8516,
    "UKF24": 2.0471,
    "UKD62": 1.7626,
    "UKG22": 1.8346,
    "UKF11": 1.7488,
    "UKF13": 1.7335,
    "UKF12": 1.5416,
    "UKF15": 1.5935,
    "UKF16": 1.8549,
    "UKC14": 1.3986,
    "UKC22": 1.624,
    "UKC23": 1.494,
    "UKC13": 1.457,
    "UKC11": 1.3378,
    "UKE31": 1.4216,
    "UKE13": 1.4089,
    "UKE12": 1.5257,
    "UKF30": 1.7791,
    "UKK43": 2.0733,
    "UKG39": 1.6753,
    "UKI42": 2.275,
    "UKI41": 2.4113,
    "UKI31": 2.3045,
    "UKI53": 2.3391,
    "UKI43": 2.3642,
    "UKI54": 2.2618,
    "UKI71": 2.2876,
    "UKK30": 2.096,
    "UKD42": 1.4204,
    "UKD44": 1.5173,
    "UKK13": 2.0411,
    "UKG11": 1.8357,
    "UKJ14": 2.1879,
    "UKJ25": 2.1998,
    "UKJ37": 2.1524,
    "UKJ11": 2.2234,
    "UKI72": 2.4215,
    "UKI73": 2.345,
    "UKI74": 2.2774,
    "UKJ13": 2.1451,
    "UKE11": 1.2259,
    "UKH17": 2.0054,
    "UKI75": 2.2775,
    "UKD72": 1.4641,
    "UKD71": 1.4542,
    "UKD73": 1.607,
    "UKF21": 1.7919,
    "UKF25": 1.8752,
    "UKL12": 1.6773,
    "UKL11": 1.6409,
    "UKE45": 1.5034,
    "UKH21": 2.107,
    "UKD33": 1.6509,
    "UKD35": 1.6578,
    "UKD34": 1.7284,
    "UKJ41": 2.0569,
    "UKJ12": 2.1318,
    "UKH24": 2.0676,
    "UKF14": 1.7859,
    "UKH15": 2.0063,
    "UKI32": 2.0912,
    "UKI33": 2.2166,
    "UKH11": 1.8686,
    "UKK41": 1.879,
    "UKJ31": 2.1109,
    "UKJ35": 2.1218,
    "UKJ34": 2.1872,
    "UKE32": 1.6693,
    "UKL18": 1.4616,
    "UKL14": 1.5863,
    "UKI45": 2.4527,
    "UKK14": 2.0872,
    "UKJ32": 2.1908,
    "UKH31": 2.1375,
    "UKG23": 1.3502,
    "UKI34": 2.4419,
    "UKG21": 1.6803,
    "UKK42": 1.9546,
    "UKC12": 1.3033,
    "UKD61": 1.7458,
    "UKE21": 1.9315
  },
  {
    "Date": "2003-01-01",
    "UKH23": 2.5002,
    "UKH25": 2.46,
    "UKG31": 2.1739,
    "UKG32": 2.2767,
    "UKG12": 2.2394,
    "UKG37": 1.9356,
    "UKG38": 1.9754,
    "UKG13": 2.2425,
    "UKG36": 2.0088,
    "UKG24": 2.0669,
    "UKK12": 2.41,
    "UKK23": 2.3766,
    "UKK15": 2.3735,
    "UKK22": 2.4998,
    "UKD41": 1.5448,
    "UKD46": 1.5308,
    "UKD45": 1.8628,
    "UKE22": 2.1161,
    "UKD47": 1.9449,
    "UKE41": 1.6508,
    "UKE42": 2.0579,
    "UKE44": 1.7938,
    "UKK21": 2.595,
    "UKJ36": 2.472,
    "UKD37": 1.7651,
    "UKD36": 1.7748,
    "UKJ21": 2.7591,
    "UKJ22": 2.4654,
    "UKJ27": 2.5567,
    "UKJ28": 2.5041,
    "UKI61": 2.5387,
    "UKI44": 2.6254,
    "UKJ46": 2.4206,
    "UKI51": 2.536,
    "UKJ43": 2.4393,
    "UKK11": 2.5785,
    "UKD12": 1.9287,
    "UKD11": 1.7354,
    "UKC21": 1.9857,
    "UKH12": 2.332,
    "UKH35": 2.3792,
    "UKH16": 2.3037,
    "UKH14": 2.359,
    "UKH34": 2.4144,
    "UKL22": 2.1925,
    "UKL16": 1.8144,
    "UKL15": 1.6688,
    "UKL21": 2.0477,
    "UKL17": 1.6709,
    "UKL24": 2.0506,
    "UKD63": 2.0573,
    "UKL23": 2.0196,
    "UKD74": 1.9781,
    "UKL13": 2.0235,
    "UKH36": 2.5331,
    "UKH37": 2.4827,
    "UKH32": 2.4636,
    "UKI52": 2.6006,
    "UKI62": 2.657,
    "UKI63": 2.5513,
    "UKJ26": 2.4655,
    "UKJ44": 2.4424,
    "UKJ45": 2.3738,
    "UKG33": 2.1549,
    "UKF22": 2.2436,
    "UKF24": 2.3927,
    "UKD62": 2.0891,
    "UKG22": 2.1985,
    "UKF11": 2.1883,
    "UKF13": 2.1373,
    "UKF12": 1.9394,
    "UKF15": 2.0087,
    "UKF16": 2.2659,
    "UKC14": 1.7387,
    "UKC22": 2.0478,
    "UKC23": 1.8506,
    "UKC13": 1.8485,
    "UKC11": 1.6501,
    "UKE31": 1.8029,
    "UKE13": 1.7858,
    "UKE12": 1.9038,
    "UKF30": 2.201,
    "UKK43": 2.4842,
    "UKG39": 2.0224,
    "UKI42": 2.4475,
    "UKI41": 2.7214,
    "UKI31": 2.4486,
    "UKI53": 2.6977,
    "UKI43": 2.5689,
    "UKI54": 2.5718,
    "UKI71": 2.5769,
    "UKK30": 2.5756,
    "UKD42": 1.7288,
    "UKD44": 1.8797,
    "UKK13": 2.3589,
    "UKG11": 2.1962,
    "UKJ14": 2.454,
    "UKJ25": 2.4329,
    "UKJ37": 2.4161,
    "UKJ11": 2.4407,
    "UKI72": 2.7407,
    "UKI73": 2.6195,
    "UKI74": 2.5967,
    "UKJ13": 2.4177,
    "UKE11": 1.4971,
    "UKH17": 2.3365,
    "UKI75": 2.496,
    "UKD72": 1.7682,
    "UKD71": 1.7811,
    "UKD73": 1.9498,
    "UKF21": 2.2339,
    "UKF25": 2.2395,
    "UKL12": 2.111,
    "UKL11": 2.0567,
    "UKE45": 1.902,
    "UKH21": 2.5421,
    "UKD33": 1.8822,
    "UKD35": 1.992,
    "UKD34": 2.0533,
    "UKJ41": 2.4337,
    "UKJ12": 2.4827,
    "UKH24": 2.4136,
    "UKF14": 2.1559,
    "UKH15": 2.3319,
    "UKI32": 2.2112,
    "UKI33": 2.3101,
    "UKH11": 2.1913,
    "UKK41": 2.2204,
    "UKJ31": 2.4745,
    "UKJ35": 2.4725,
    "UKJ34": 2.5582,
    "UKE32": 2.0203,
    "UKL18": 1.8009,
    "UKL14": 1.9922,
    "UKI45": 2.6533,
    "UKK14": 2.332,
    "UKJ32": 2.5552,
    "UKH31": 2.5222,
    "UKG23": 1.6362,
    "UKI34": 2.5935,
    "UKG21": 2.0358,
    "UKK42": 2.3415,
    "UKC12": 1.5889,
    "UKD61": 2.0712,
    "UKE21": 2.2653
  },
  {
    "Date": "2004-01-01",
    "UKH23": 2.7024,
    "UKH25": 2.6727,
    "UKG31": 2.431,
    "UKG32": 2.5463,
    "UKG12": 2.5225,
    "UKG37": 2.2505,
    "UKG38": 2.2993,
    "UKG13": 2.5139,
    "UKG36": 2.2931,
    "UKG24": 2.3912,
    "UKK12": 2.6699,
    "UKK23": 2.6861,
    "UKK15": 2.6168,
    "UKK22": 2.7617,
    "UKD41": 1.9538,
    "UKD46": 1.8825,
    "UKD45": 2.2602,
    "UKE22": 2.4579,
    "UKD47": 2.3359,
    "UKE41": 2.0034,
    "UKE42": 2.3609,
    "UKE44": 2.1834,
    "UKK21": 2.8521,
    "UKJ36": 2.6784,
    "UKD37": 2.156,
    "UKD36": 2.1672,
    "UKJ21": 3.0399,
    "UKJ22": 2.7,
    "UKJ27": 2.7901,
    "UKJ28": 2.7289,
    "UKI61": 2.7452,
    "UKI44": 2.8226,
    "UKJ46": 2.6558,
    "UKI51": 2.7466,
    "UKJ43": 2.6755,
    "UKK11": 2.8326,
    "UKD12": 2.3614,
    "UKD11": 2.2086,
    "UKC21": 2.3906,
    "UKH12": 2.5767,
    "UKH35": 2.5788,
    "UKH16": 2.5962,
    "UKH14": 2.6264,
    "UKH34": 2.6703,
    "UKL22": 2.5152,
    "UKL16": 2.2534,
    "UKL15": 2.0634,
    "UKL21": 2.4173,
    "UKL17": 2.09,
    "UKL24": 2.4325,
    "UKD63": 2.3987,
    "UKL23": 2.4184,
    "UKD74": 2.4407,
    "UKL13": 2.4226,
    "UKH36": 2.7678,
    "UKH37": 2.7186,
    "UKH32": 2.6999,
    "UKI52": 2.8453,
    "UKI62": 2.8635,
    "UKI63": 2.7483,
    "UKJ26": 2.6522,
    "UKJ44": 2.7812,
    "UKJ45": 2.6197,
    "UKG33": 2.5023,
    "UKF22": 2.5453,
    "UKF24": 2.6435,
    "UKD62": 2.4013,
    "UKG22": 2.5261,
    "UKF11": 2.5218,
    "UKF13": 2.4685,
    "UKF12": 2.329,
    "UKF15": 2.3675,
    "UKF16": 2.5156,
    "UKC14": 2.1794,
    "UKC22": 2.4539,
    "UKC23": 2.2253,
    "UKC13": 2.2616,
    "UKC11": 2.0524,
    "UKE31": 2.2349,
    "UKE13": 2.1862,
    "UKE12": 2.2863,
    "UKF30": 2.5235,
    "UKK43": 2.797,
    "UKG39": 2.3293,
    "UKI42": 2.6189,
    "UKI41": 2.9149,
    "UKI31": 2.6235,
    "UKI53": 2.9347,
    "UKI43": 2.7757,
    "UKI54": 2.7652,
    "UKI71": 2.7803,
    "UKK30": 2.97,
    "UKD42": 2.1295,
    "UKD44": 2.2904,
    "UKK13": 2.6224,
    "UKG11": 2.5164,
    "UKJ14": 2.6462,
    "UKJ25": 2.5967,
    "UKJ37": 2.5877,
    "UKJ11": 2.6118,
    "UKI72": 2.9443,
    "UKI73": 2.8027,
    "UKI74": 2.7964,
    "UKJ13": 2.6045,
    "UKE11": 1.8548,
    "UKH17": 2.6161,
    "UKI75": 2.6848,
    "UKD72": 2.2687,
    "UKD71": 2.2092,
    "UKD73": 2.3196,
    "UKF21": 2.5787,
    "UKF25": 2.5324,
    "UKL12": 2.6371,
    "UKL11": 2.624,
    "UKE45": 2.2381,
    "UKH21": 2.7598,
    "UKD33": 2.173,
    "UKD35": 2.3523,
    "UKD34": 2.4147,
    "UKJ41": 2.6931,
    "UKJ12": 2.7154,
    "UKH24": 2.6584,
    "UKF14": 2.3906,
    "UKH15": 2.6159,
    "UKI32": 2.3561,
    "UKI33": 2.4912,
    "UKH11": 2.4852,
    "UKK41": 2.6007,
    "UKJ31": 2.7284,
    "UKJ35": 2.6906,
    "UKJ34": 2.9109,
    "UKE32": 2.4402,
    "UKL18": 2.3106,
    "UKL14": 2.5025,
    "UKI45": 2.8818,
    "UKK14": 2.5004,
    "UKJ32": 2.7588,
    "UKH31": 2.8365,
    "UKG23": 2.0621,
    "UKI34": 2.8098,
    "UKG21": 2.3421,
    "UKK42": 2.6735,
    "UKC12": 2.0359,
    "UKD61": 2.4249,
    "UKE21": 2.5876
  },
  {
    "Date": "2005-01-01",
    "UKH23": 2.8061,
    "UKH25": 2.8174,
    "UKG31": 2.5987,
    "UKG32": 2.6966,
    "UKG12": 2.6789,
    "UKG37": 2.4422,
    "UKG38": 2.4926,
    "UKG13": 2.685,
    "UKG36": 2.4821,
    "UKG24": 2.5944,
    "UKK12": 2.8265,
    "UKK23": 2.8397,
    "UKK15": 2.7622,
    "UKK22": 2.939,
    "UKD41": 2.213,
    "UKD46": 2.164,
    "UKD45": 2.4786,
    "UKE22": 2.6792,
    "UKD47": 2.5282,
    "UKE41": 2.2725,
    "UKE42": 2.5483,
    "UKE44": 2.4292,
    "UKK21": 2.961,
    "UKJ36": 2.7844,
    "UKD37": 2.4187,
    "UKD36": 2.416,
    "UKJ21": 3.2048,
    "UKJ22": 2.8452,
    "UKJ27": 2.9291,
    "UKJ28": 2.8328,
    "UKI61": 2.8423,
    "UKI44": 2.9749,
    "UKJ46": 2.7727,
    "UKI51": 2.8979,
    "UKJ43": 2.8161,
    "UKK11": 2.9968,
    "UKD12": 2.5707,
    "UKD11": 2.4893,
    "UKC21": 2.5991,
    "UKH12": 2.704,
    "UKH35": 2.71,
    "UKH16": 2.7839,
    "UKH14": 2.7897,
    "UKH34": 2.8271,
    "UKL22": 2.7031,
    "UKL16": 2.513,
    "UKL15": 2.2967,
    "UKL21": 2.6229,
    "UKL17": 2.3286,
    "UKL24": 2.6833,
    "UKD63": 2.585,
    "UKL23": 2.665,
    "UKD74": 2.6537,
    "UKL13": 2.6767,
    "UKH36": 2.9033,
    "UKH37": 2.8653,
    "UKH32": 2.8864,
    "UKI52": 2.987,
    "UKI62": 2.9817,
    "UKI63": 2.8463,
    "UKJ26": 2.7569,
    "UKJ44": 2.9652,
    "UKJ45": 2.7727,
    "UKG33": 2.6958,
    "UKF22": 2.6991,
    "UKF24": 2.8022,
    "UKD62": 2.5947,
    "UKG22": 2.7234,
    "UKF11": 2.7124,
    "UKF13": 2.6634,
    "UKF12": 2.5747,
    "UKF15": 2.5211,
    "UKF16": 2.642,
    "UKC14": 2.4253,
    "UKC22": 2.6214,
    "UKC23": 2.4648,
    "UKC13": 2.4508,
    "UKC11": 2.2764,
    "UKE31": 2.5025,
    "UKE13": 2.3903,
    "UKE12": 2.4762,
    "UKF30": 2.6872,
    "UKK43": 2.9724,
    "UKG39": 2.5369,
    "UKI42": 2.7325,
    "UKI41": 3.1008,
    "UKI31": 2.7299,
    "UKI53": 3.0888,
    "UKI43": 2.8894,
    "UKI54": 2.8861,
    "UKI71": 2.8397,
    "UKK30": 3.155,
    "UKD42": 2.3387,
    "UKD44": 2.4829,
    "UKK13": 2.7978,
    "UKG11": 2.7008,
    "UKJ14": 2.7678,
    "UKJ25": 2.6809,
    "UKJ37": 2.6371,
    "UKJ11": 2.6954,
    "UKI72": 3.0906,
    "UKI73": 2.9177,
    "UKI74": 2.8951,
    "UKJ13": 2.7099,
    "UKE11": 2.0934,
    "UKH17": 2.796,
    "UKI75": 2.7706,
    "UKD72": 2.4997,
    "UKD71": 2.4554,
    "UKD73": 2.5774,
    "UKF21": 2.7037,
    "UKF25": 2.7024,
    "UKL12": 2.9299,
    "UKL11": 2.8907,
    "UKE45": 2.4594,
    "UKH21": 2.9229,
    "UKD33": 2.3949,
    "UKD35": 2.5984,
    "UKD34": 2.636,
    "UKJ41": 2.8425,
    "UKJ12": 2.8506,
    "UKH24": 2.8314,
    "UKF14": 2.5208,
    "UKH15": 2.7704,
    "UKI32": 2.4507,
    "UKI33": 2.5756,
    "UKH11": 2.6559,
    "UKK41": 2.8185,
    "UKJ31": 2.8453,
    "UKJ35": 2.7996,
    "UKJ34": 3.1468,
    "UKE32": 2.6437,
    "UKL18": 2.4883,
    "UKL14": 2.7495,
    "UKI45": 3.0099,
    "UKK14": 2.5599,
    "UKJ32": 2.8595,
    "UKH31": 3.013,
    "UKG23": 2.3087,
    "UKI34": 2.9308,
    "UKG21": 2.5209,
    "UKK42": 2.8522,
    "UKC12": 2.2904,
    "UKD61": 2.6091,
    "UKE21": 2.7573
  },
  {
    "Date": "2006-01-01",
    "UKH23": 2.9494,
    "UKH25": 2.9553,
    "UKG31": 2.7255,
    "UKG32": 2.8177,
    "UKG12": 2.8141,
    "UKG37": 2.5684,
    "UKG38": 2.6129,
    "UKG13": 2.811,
    "UKG36": 2.6196,
    "UKG24": 2.7402,
    "UKK12": 3.02,
    "UKK23": 3.0139,
    "UKK15": 2.9004,
    "UKK22": 3.0997,
    "UKD41": 2.4051,
    "UKD46": 2.4071,
    "UKD45": 2.6146,
    "UKE22": 2.8519,
    "UKD47": 2.6856,
    "UKE41": 2.4572,
    "UKE42": 2.7169,
    "UKE44": 2.595,
    "UKK21": 3.1106,
    "UKJ36": 2.9246,
    "UKD37": 2.5848,
    "UKD36": 2.5718,
    "UKJ21": 3.4675,
    "UKJ22": 2.9987,
    "UKJ27": 3.0908,
    "UKJ28": 2.9591,
    "UKI61": 2.9911,
    "UKI44": 3.2069,
    "UKJ46": 2.9267,
    "UKI51": 3.0508,
    "UKJ43": 2.9692,
    "UKK11": 3.2353,
    "UKD12": 2.7527,
    "UKD11": 2.6935,
    "UKC21": 2.7453,
    "UKH12": 2.8908,
    "UKH35": 2.8338,
    "UKH16": 2.9687,
    "UKH14": 2.9617,
    "UKH34": 2.9682,
    "UKL22": 2.8366,
    "UKL16": 2.6836,
    "UKL15": 2.4603,
    "UKL21": 2.7876,
    "UKL17": 2.4747,
    "UKL24": 2.8352,
    "UKD63": 2.724,
    "UKL23": 2.823,
    "UKD74": 2.826,
    "UKL13": 2.8149,
    "UKH36": 3.0568,
    "UKH37": 3.0155,
    "UKH32": 2.9824,
    "UKI52": 3.1162,
    "UKI62": 3.121,
    "UKI63": 3.02,
    "UKJ26": 2.8936,
    "UKJ44": 3.1365,
    "UKJ45": 2.9081,
    "UKG33": 2.8462,
    "UKF22": 2.8372,
    "UKF24": 2.9478,
    "UKD62": 2.7169,
    "UKG22": 2.8933,
    "UKF11": 2.8694,
    "UKF13": 2.8105,
    "UKF12": 2.7329,
    "UKF15": 2.6621,
    "UKF16": 2.7548,
    "UKC14": 2.5448,
    "UKC22": 2.7514,
    "UKC23": 2.5942,
    "UKC13": 2.5524,
    "UKC11": 2.4168,
    "UKE31": 2.6453,
    "UKE13": 2.5248,
    "UKE12": 2.6242,
    "UKF30": 2.8329,
    "UKK43": 3.1516,
    "UKG39": 2.7042,
    "UKI42": 2.9495,
    "UKI41": 3.3336,
    "UKI31": 2.9828,
    "UKI53": 3.2709,
    "UKI43": 3.1645,
    "UKI54": 3.0027,
    "UKI71": 3.0021,
    "UKK30": 3.3396,
    "UKD42": 2.4907,
    "UKD44": 2.6422,
    "UKK13": 2.9851,
    "UKG11": 2.8855,
    "UKJ14": 2.9328,
    "UKJ25": 2.8392,
    "UKJ37": 2.7959,
    "UKJ11": 2.8386,
    "UKI72": 3.2631,
    "UKI73": 3.1083,
    "UKI74": 3.0178,
    "UKJ13": 2.8648,
    "UKE11": 2.2764,
    "UKH17": 2.9691,
    "UKI75": 2.9515,
    "UKD72": 2.6189,
    "UKD71": 2.5559,
    "UKD73": 2.7041,
    "UKF21": 2.8628,
    "UKF25": 2.8457,
    "UKL12": 3.1536,
    "UKL11": 3.066,
    "UKE45": 2.6013,
    "UKH21": 3.0847,
    "UKD33": 2.5553,
    "UKD35": 2.7596,
    "UKD34": 2.785,
    "UKJ41": 2.9955,
    "UKJ12": 3.028,
    "UKH24": 2.9697,
    "UKF14": 2.6002,
    "UKH15": 2.9683,
    "UKI32": 2.6771,
    "UKI33": 2.8557,
    "UKH11": 2.8365,
    "UKK41": 3.0009,
    "UKJ31": 2.9921,
    "UKJ35": 2.919,
    "UKJ34": 3.3228,
    "UKE32": 2.8368,
    "UKL18": 2.6298,
    "UKL14": 2.9503,
    "UKI45": 3.288,
    "UKK14": 2.6868,
    "UKJ32": 2.9521,
    "UKH31": 3.2064,
    "UKG23": 2.4445,
    "UKI34": 3.2125,
    "UKG21": 2.6755,
    "UKK42": 3,
    "UKC12": 2.4359,
    "UKD61": 2.7143,
    "UKE21": 2.8939
  },
  {
    "Date": "2007-01-01",
    "UKH23": 3.213,
    "UKH25": 3.185,
    "UKG31": 2.855,
    "UKG32": 2.9488,
    "UKG12": 2.987,
    "UKG37": 2.7188,
    "UKG38": 2.7559,
    "UKG13": 2.9671,
    "UKG36": 2.7757,
    "UKG24": 2.8855,
    "UKK12": 3.301,
    "UKK23": 3.2433,
    "UKK15": 3.0935,
    "UKK22": 3.3509,
    "UKD41": 2.6171,
    "UKD46": 2.6083,
    "UKD45": 2.79,
    "UKE22": 3.0464,
    "UKD47": 2.8632,
    "UKE41": 2.6389,
    "UKE42": 2.9088,
    "UKE44": 2.7604,
    "UKK21": 3.3363,
    "UKJ36": 3.1718,
    "UKD37": 2.7407,
    "UKD36": 2.767,
    "UKJ21": 3.9041,
    "UKJ22": 3.2584,
    "UKJ27": 3.4027,
    "UKJ28": 3.2298,
    "UKI61": 3.3069,
    "UKI44": 3.6575,
    "UKJ46": 3.1669,
    "UKI51": 3.3111,
    "UKJ43": 3.1901,
    "UKK11": 3.5848,
    "UKD12": 2.945,
    "UKD11": 2.9502,
    "UKC21": 2.9207,
    "UKH12": 3.1443,
    "UKH35": 3.0862,
    "UKH16": 3.1855,
    "UKH14": 3.2049,
    "UKH34": 3.1697,
    "UKL22": 2.9849,
    "UKL16": 2.8647,
    "UKL15": 2.6536,
    "UKL21": 2.9382,
    "UKL17": 2.6097,
    "UKL24": 3.034,
    "UKD63": 2.8754,
    "UKL23": 2.9985,
    "UKD74": 2.9875,
    "UKL13": 3.0026,
    "UKH36": 3.3057,
    "UKH37": 3.2464,
    "UKH32": 3.1772,
    "UKI52": 3.4278,
    "UKI62": 3.4152,
    "UKI63": 3.4284,
    "UKJ26": 3.1708,
    "UKJ44": 3.3737,
    "UKJ45": 3.1117,
    "UKG33": 3.0289,
    "UKF22": 3.0056,
    "UKF24": 3.1369,
    "UKD62": 2.8806,
    "UKG22": 3.0889,
    "UKF11": 3.0483,
    "UKF13": 2.962,
    "UKF12": 2.9004,
    "UKF15": 2.7882,
    "UKF16": 2.861,
    "UKC14": 2.6976,
    "UKC22": 2.9149,
    "UKC23": 2.7359,
    "UKC13": 2.6826,
    "UKC11": 2.5815,
    "UKE31": 2.7693,
    "UKE13": 2.7204,
    "UKE12": 2.7866,
    "UKF30": 3.0009,
    "UKK43": 3.3828,
    "UKG39": 2.879,
    "UKI42": 3.3791,
    "UKI41": 3.7019,
    "UKI31": 3.5175,
    "UKI53": 3.624,
    "UKI43": 3.6902,
    "UKI54": 3.3025,
    "UKI71": 3.3264,
    "UKK30": 3.5991,
    "UKD42": 2.6394,
    "UKD44": 2.829,
    "UKK13": 3.2069,
    "UKG11": 3.088,
    "UKJ14": 3.1937,
    "UKJ25": 3.1279,
    "UKJ37": 3.0515,
    "UKJ11": 3.1129,
    "UKI72": 3.6576,
    "UKI73": 3.4668,
    "UKI74": 3.3007,
    "UKJ13": 3.1348,
    "UKE11": 2.4643,
    "UKH17": 3.2206,
    "UKI75": 3.3596,
    "UKD72": 2.766,
    "UKD71": 2.7025,
    "UKD73": 2.8778,
    "UKF21": 3.0364,
    "UKF25": 3.0579,
    "UKL12": 3.3707,
    "UKL11": 3.2794,
    "UKE45": 2.79,
    "UKH21": 3.3288,
    "UKD33": 2.6942,
    "UKD35": 2.9392,
    "UKD34": 2.955,
    "UKJ41": 3.2182,
    "UKJ12": 3.278,
    "UKH24": 3.1999,
    "UKF14": 2.6701,
    "UKH15": 3.2474,
    "UKI32": 3.1513,
    "UKI33": 3.4179,
    "UKH11": 3.0311,
    "UKK41": 3.2446,
    "UKJ31": 3.1949,
    "UKJ35": 3.1343,
    "UKJ34": 3.5542,
    "UKE32": 3.0701,
    "UKL18": 2.8151,
    "UKL14": 3.1497,
    "UKI45": 3.8034,
    "UKK14": 2.8699,
    "UKJ32": 3.152,
    "UKH31": 3.4729,
    "UKG23": 2.6261,
    "UKI34": 3.7587,
    "UKG21": 2.8761,
    "UKK42": 3.2018,
    "UKC12": 2.5935,
    "UKD61": 2.8756,
    "UKE21": 3.1175
  },
  {
    "Date": "2008-01-01",
    "UKH23": 3.1995,
    "UKH25": 3.116,
    "UKG31": 2.7911,
    "UKG32": 2.8637,
    "UKG12": 2.8968,
    "UKG37": 2.6578,
    "UKG38": 2.7306,
    "UKG13": 2.8731,
    "UKG36": 2.7299,
    "UKG24": 2.8543,
    "UKK12": 3.1751,
    "UKK23": 3.1741,
    "UKK15": 3.0219,
    "UKK22": 3.2658,
    "UKD41": 2.6018,
    "UKD46": 2.6337,
    "UKD45": 2.7625,
    "UKE22": 3.0083,
    "UKD47": 2.8291,
    "UKE41": 2.6595,
    "UKE42": 2.8416,
    "UKE44": 2.7266,
    "UKK21": 3.2595,
    "UKJ36": 3.1165,
    "UKD37": 2.7573,
    "UKD36": 2.7102,
    "UKJ21": 3.8468,
    "UKJ22": 3.2385,
    "UKJ27": 3.3488,
    "UKJ28": 3.1958,
    "UKI61": 3.3383,
    "UKI44": 3.7673,
    "UKJ46": 3.165,
    "UKI51": 3.3583,
    "UKJ43": 3.1715,
    "UKK11": 3.4733,
    "UKD12": 2.9457,
    "UKD11": 2.9856,
    "UKC21": 2.8968,
    "UKH12": 3.0243,
    "UKH35": 3.0983,
    "UKH16": 3.1788,
    "UKH14": 3.1157,
    "UKH34": 3.0807,
    "UKL22": 2.9007,
    "UKL16": 2.8075,
    "UKL15": 2.6015,
    "UKL21": 2.8926,
    "UKL17": 2.6012,
    "UKL24": 2.9624,
    "UKD63": 2.826,
    "UKL23": 2.9476,
    "UKD74": 2.9332,
    "UKL13": 2.9356,
    "UKH36": 3.2884,
    "UKH37": 3.2864,
    "UKH32": 3.2258,
    "UKI52": 3.4547,
    "UKI62": 3.453,
    "UKI63": 3.4412,
    "UKJ26": 3.1853,
    "UKJ44": 3.3524,
    "UKJ45": 3.0669,
    "UKG33": 2.9817,
    "UKF22": 2.9158,
    "UKF24": 2.9933,
    "UKD62": 2.8419,
    "UKG22": 2.9758,
    "UKF11": 2.9558,
    "UKF13": 2.8766,
    "UKF12": 2.8633,
    "UKF15": 2.7241,
    "UKF16": 2.758,
    "UKC14": 2.6738,
    "UKC22": 2.8586,
    "UKC23": 2.7282,
    "UKC13": 2.6266,
    "UKC11": 2.5621,
    "UKE31": 2.7771,
    "UKE13": 2.7577,
    "UKE12": 2.7811,
    "UKF30": 2.9369,
    "UKK43": 3.3337,
    "UKG39": 2.8386,
    "UKI42": 3.4874,
    "UKI41": 3.8885,
    "UKI31": 3.6192,
    "UKI53": 3.6335,
    "UKI43": 3.7455,
    "UKI54": 3.3756,
    "UKI71": 3.3828,
    "UKK30": 3.5407,
    "UKD42": 2.5716,
    "UKD44": 2.7966,
    "UKK13": 3.0913,
    "UKG11": 3.0096,
    "UKJ14": 3.1407,
    "UKJ25": 3.1158,
    "UKJ37": 2.9759,
    "UKJ11": 3.0655,
    "UKI72": 3.7874,
    "UKI73": 3.5327,
    "UKI74": 3.3643,
    "UKJ13": 3.1085,
    "UKE11": 2.4999,
    "UKH17": 3.1474,
    "UKI75": 3.3751,
    "UKD72": 2.7495,
    "UKD71": 2.6625,
    "UKD73": 2.8831,
    "UKF21": 2.9836,
    "UKF25": 2.9697,
    "UKL12": 3.3489,
    "UKL11": 3.2631,
    "UKE45": 2.7642,
    "UKH21": 3.3097,
    "UKD33": 2.6514,
    "UKD35": 2.8883,
    "UKD34": 2.9046,
    "UKJ41": 3.1854,
    "UKJ12": 3.218,
    "UKH24": 3.1088,
    "UKF14": 2.568,
    "UKH15": 3.1109,
    "UKI32": 3.346,
    "UKI33": 3.483,
    "UKH11": 2.9382,
    "UKK41": 3.1623,
    "UKJ31": 3.0999,
    "UKJ35": 3.0682,
    "UKJ34": 3.5216,
    "UKE32": 3.0546,
    "UKL18": 2.7552,
    "UKL14": 3.1279,
    "UKI45": 3.8297,
    "UKK14": 2.763,
    "UKJ32": 3.0841,
    "UKH31": 3.457,
    "UKG23": 2.6531,
    "UKI34": 3.7625,
    "UKG21": 2.8272,
    "UKK42": 3.1211,
    "UKC12": 2.5837,
    "UKD61": 2.8022,
    "UKE21": 3.0438
  },
  {
    "Date": "2009-01-01",
    "UKH23": 2.9501,
    "UKH25": 2.846,
    "UKG31": 2.5393,
    "UKG32": 2.6312,
    "UKG12": 2.664,
    "UKG37": 2.4457,
    "UKG38": 2.4614,
    "UKG13": 2.6517,
    "UKG36": 2.5512,
    "UKG24": 2.6451,
    "UKK12": 2.92,
    "UKK23": 2.914,
    "UKK15": 2.8062,
    "UKK22": 3.0357,
    "UKD41": 2.4504,
    "UKD46": 2.4264,
    "UKD45": 2.5787,
    "UKE22": 2.7937,
    "UKD47": 2.6741,
    "UKE41": 2.4217,
    "UKE42": 2.6099,
    "UKE44": 2.5077,
    "UKK21": 2.9701,
    "UKJ36": 2.9014,
    "UKD37": 2.5431,
    "UKD36": 2.4786,
    "UKJ21": 3.6041,
    "UKJ22": 2.9459,
    "UKJ27": 3.0284,
    "UKJ28": 2.9216,
    "UKI61": 3.0617,
    "UKI44": 3.4779,
    "UKJ46": 2.9353,
    "UKI51": 3.0535,
    "UKJ43": 2.8421,
    "UKK11": 3.2167,
    "UKD12": 2.7892,
    "UKD11": 2.8884,
    "UKC21": 2.7288,
    "UKH12": 2.8129,
    "UKH35": 2.8595,
    "UKH16": 2.9505,
    "UKH14": 2.856,
    "UKH34": 2.7968,
    "UKL22": 2.7139,
    "UKL16": 2.5952,
    "UKL15": 2.4389,
    "UKL21": 2.6549,
    "UKL17": 2.4234,
    "UKL24": 2.8624,
    "UKD63": 2.6254,
    "UKL23": 2.7244,
    "UKD74": 2.7104,
    "UKL13": 2.7818,
    "UKH36": 3.031,
    "UKH37": 2.9817,
    "UKH32": 2.8421,
    "UKI52": 3.0875,
    "UKI62": 3.0711,
    "UKI63": 3.1199,
    "UKJ26": 2.9146,
    "UKJ44": 3.0417,
    "UKJ45": 2.7976,
    "UKG33": 2.7131,
    "UKF22": 2.683,
    "UKF24": 2.7429,
    "UKD62": 2.6368,
    "UKG22": 2.8097,
    "UKF11": 2.7346,
    "UKF13": 2.6758,
    "UKF12": 2.6393,
    "UKF15": 2.5421,
    "UKF16": 2.5882,
    "UKC14": 2.4582,
    "UKC22": 2.6404,
    "UKC23": 2.4796,
    "UKC13": 2.4684,
    "UKC11": 2.3402,
    "UKE31": 2.5691,
    "UKE13": 2.5434,
    "UKE12": 2.5595,
    "UKF30": 2.696,
    "UKK43": 3.1214,
    "UKG39": 2.6238,
    "UKI42": 3.3284,
    "UKI41": 3.5685,
    "UKI31": 3.4693,
    "UKI53": 3.346,
    "UKI43": 3.5214,
    "UKI54": 3.0841,
    "UKI71": 3.195,
    "UKK30": 3.3252,
    "UKD42": 2.355,
    "UKD44": 2.6167,
    "UKK13": 2.837,
    "UKG11": 2.806,
    "UKJ14": 2.9509,
    "UKJ25": 2.8871,
    "UKJ37": 2.747,
    "UKJ11": 2.829,
    "UKI72": 3.4878,
    "UKI73": 3.2578,
    "UKI74": 3.0677,
    "UKJ13": 2.8541,
    "UKE11": 2.2704,
    "UKH17": 2.8636,
    "UKI75": 3.1331,
    "UKD72": 2.502,
    "UKD71": 2.4158,
    "UKD73": 2.6274,
    "UKF21": 2.7416,
    "UKF25": 2.6467,
    "UKL12": 3.2328,
    "UKL11": 3.107,
    "UKE45": 2.543,
    "UKH21": 2.9038,
    "UKD33": 2.4508,
    "UKD35": 2.6259,
    "UKD34": 2.6793,
    "UKJ41": 2.8333,
    "UKJ12": 2.919,
    "UKH24": 2.8398,
    "UKF14": 2.3656,
    "UKH15": 2.8576,
    "UKI32": 3.2744,
    "UKI33": 3.3693,
    "UKH11": 2.6412,
    "UKK41": 2.9346,
    "UKJ31": 2.8815,
    "UKJ35": 2.8161,
    "UKJ34": 3.2268,
    "UKE32": 2.7878,
    "UKL18": 2.5815,
    "UKL14": 2.9613,
    "UKI45": 3.5855,
    "UKK14": 2.512,
    "UKJ32": 2.8571,
    "UKH31": 3.1455,
    "UKG23": 2.4322,
    "UKI34": 3.5251,
    "UKG21": 2.5739,
    "UKK42": 2.8767,
    "UKC12": 2.4324,
    "UKD61": 2.5848,
    "UKE21": 2.8873
  },
  {
    "Date": "2010-01-01",
    "UKH23": 3.1745,
    "UKH25": 2.9995,
    "UKG31": 2.6444,
    "UKG32": 2.8016,
    "UKG12": 2.7609,
    "UKG37": 2.4954,
    "UKG38": 2.5092,
    "UKG13": 2.7887,
    "UKG36": 2.6257,
    "UKG24": 2.7129,
    "UKK12": 3.1116,
    "UKK23": 3.0486,
    "UKK15": 2.9391,
    "UKK22": 3.2216,
    "UKD41": 2.4801,
    "UKD46": 2.4336,
    "UKD45": 2.6318,
    "UKE22": 2.884,
    "UKD47": 2.7049,
    "UKE41": 2.4721,
    "UKE42": 2.6777,
    "UKE44": 2.5578,
    "UKK21": 3.1606,
    "UKJ36": 3.1082,
    "UKD37": 2.5977,
    "UKD36": 2.5178,
    "UKJ21": 3.9482,
    "UKJ22": 3.1153,
    "UKJ27": 3.2551,
    "UKJ28": 3.1443,
    "UKI61": 3.275,
    "UKI44": 3.7566,
    "UKJ46": 3.1182,
    "UKI51": 3.2417,
    "UKJ43": 2.9591,
    "UKK11": 3.436,
    "UKD12": 2.8756,
    "UKD11": 2.9427,
    "UKC21": 2.7665,
    "UKH12": 2.9983,
    "UKH35": 3.0485,
    "UKH16": 3.0712,
    "UKH14": 3.0218,
    "UKH34": 2.9499,
    "UKL22": 2.8106,
    "UKL16": 2.6645,
    "UKL15": 2.5234,
    "UKL21": 2.7459,
    "UKL17": 2.4737,
    "UKL24": 2.9252,
    "UKD63": 2.7231,
    "UKL23": 2.7872,
    "UKD74": 2.7629,
    "UKL13": 2.8087,
    "UKH36": 3.2375,
    "UKH37": 3.1421,
    "UKH32": 2.9956,
    "UKI52": 3.2557,
    "UKI62": 3.2636,
    "UKI63": 3.3945,
    "UKJ26": 3.1373,
    "UKJ44": 3.2099,
    "UKJ45": 2.9588,
    "UKG33": 2.8373,
    "UKF22": 2.7986,
    "UKF24": 2.8891,
    "UKD62": 2.7177,
    "UKG22": 2.9017,
    "UKF11": 2.8231,
    "UKF13": 2.7563,
    "UKF12": 2.7056,
    "UKF15": 2.5912,
    "UKF16": 2.7192,
    "UKC14": 2.4574,
    "UKC22": 2.6908,
    "UKC23": 2.501,
    "UKC13": 2.5053,
    "UKC11": 2.4008,
    "UKE31": 2.5912,
    "UKE13": 2.5748,
    "UKE12": 2.621,
    "UKF30": 2.7706,
    "UKK43": 3.2932,
    "UKG39": 2.6474,
    "UKI42": 3.4346,
    "UKI41": 3.8489,
    "UKI31": 3.8912,
    "UKI53": 3.5781,
    "UKI43": 3.88,
    "UKI54": 3.284,
    "UKI71": 3.4438,
    "UKK30": 3.4596,
    "UKD42": 2.3462,
    "UKD44": 2.688,
    "UKK13": 2.993,
    "UKG11": 2.9009,
    "UKJ14": 3.1475,
    "UKJ25": 3.1221,
    "UKJ37": 2.924,
    "UKJ11": 3.008,
    "UKI72": 3.8057,
    "UKI73": 3.5228,
    "UKI74": 3.3118,
    "UKJ13": 3.0489,
    "UKE11": 2.3508,
    "UKH17": 3,
    "UKI75": 3.4175,
    "UKD72": 2.5425,
    "UKD71": 2.4475,
    "UKD73": 2.6704,
    "UKF21": 2.8988,
    "UKF25": 2.7501,
    "UKL12": 3.2677,
    "UKL11": 3.1551,
    "UKE45": 2.5521,
    "UKH21": 3.0783,
    "UKD33": 2.5137,
    "UKD35": 2.7036,
    "UKD34": 2.7776,
    "UKJ41": 2.9911,
    "UKJ12": 3.0743,
    "UKH24": 2.9876,
    "UKF14": 2.4392,
    "UKH15": 3.0253,
    "UKI32": 3.5814,
    "UKI33": 3.7411,
    "UKH11": 2.7615,
    "UKK41": 3.0651,
    "UKJ31": 2.9834,
    "UKJ35": 3.0028,
    "UKJ34": 3.3583,
    "UKE32": 2.8622,
    "UKL18": 2.6499,
    "UKL14": 3.0392,
    "UKI45": 3.9044,
    "UKK14": 2.6373,
    "UKJ32": 3.0172,
    "UKH31": 3.3159,
    "UKG23": 2.4524,
    "UKI34": 3.8465,
    "UKG21": 2.654,
    "UKK42": 2.9564,
    "UKC12": 2.4062,
    "UKD61": 2.6718,
    "UKE21": 3.0419
  },
  {
    "Date": "2011-01-01",
    "UKH23": 3.1974,
    "UKH25": 2.9561,
    "UKG31": 2.5927,
    "UKG32": 2.7418,
    "UKG12": 2.7316,
    "UKG37": 2.4339,
    "UKG38": 2.4513,
    "UKG13": 2.7795,
    "UKG36": 2.5441,
    "UKG24": 2.6862,
    "UKK12": 3.078,
    "UKK23": 2.9933,
    "UKK15": 2.9211,
    "UKK22": 3.1779,
    "UKD41": 2.4374,
    "UKD46": 2.3536,
    "UKD45": 2.5672,
    "UKE22": 2.8429,
    "UKD47": 2.694,
    "UKE41": 2.4198,
    "UKE42": 2.6141,
    "UKE44": 2.5069,
    "UKK21": 3.1205,
    "UKJ36": 3.12,
    "UKD37": 2.5094,
    "UKD36": 2.4677,
    "UKJ21": 3.9414,
    "UKJ22": 3.0964,
    "UKJ27": 3.2359,
    "UKJ28": 3.1152,
    "UKI61": 3.3115,
    "UKI44": 3.8651,
    "UKJ46": 3.1221,
    "UKI51": 3.258,
    "UKJ43": 2.9417,
    "UKK11": 3.3927,
    "UKD12": 2.8229,
    "UKD11": 2.9354,
    "UKC21": 2.6931,
    "UKH12": 2.9855,
    "UKH35": 3.0479,
    "UKH16": 3.0235,
    "UKH14": 3.0053,
    "UKH34": 2.9321,
    "UKL22": 2.7881,
    "UKL16": 2.6166,
    "UKL15": 2.4853,
    "UKL21": 2.6993,
    "UKL17": 2.4187,
    "UKL24": 2.8747,
    "UKD63": 2.6674,
    "UKL23": 2.7641,
    "UKD74": 2.7253,
    "UKL13": 2.7634,
    "UKH36": 3.2237,
    "UKH37": 3.1282,
    "UKH32": 2.9704,
    "UKI52": 3.2552,
    "UKI62": 3.2329,
    "UKI63": 3.4334,
    "UKJ26": 3.1472,
    "UKJ44": 3.1453,
    "UKJ45": 2.9023,
    "UKG33": 2.7703,
    "UKF22": 2.7728,
    "UKF24": 2.8547,
    "UKD62": 2.6911,
    "UKG22": 2.8465,
    "UKF11": 2.789,
    "UKF13": 2.7298,
    "UKF12": 2.6856,
    "UKF15": 2.5333,
    "UKF16": 2.6833,
    "UKC14": 2.3772,
    "UKC22": 2.6332,
    "UKC23": 2.4298,
    "UKC13": 2.4065,
    "UKC11": 2.3444,
    "UKE31": 2.5393,
    "UKE13": 2.4982,
    "UKE12": 2.5862,
    "UKF30": 2.7329,
    "UKK43": 3.2537,
    "UKG39": 2.5946,
    "UKI42": 3.5212,
    "UKI41": 3.9759,
    "UKI31": 4.0632,
    "UKI53": 3.6172,
    "UKI43": 4.036,
    "UKI54": 3.3326,
    "UKI71": 3.5258,
    "UKK30": 3.4302,
    "UKD42": 2.2386,
    "UKD44": 2.596,
    "UKK13": 2.9582,
    "UKG11": 2.8756,
    "UKJ14": 3.1538,
    "UKJ25": 3.1362,
    "UKJ37": 2.908,
    "UKJ11": 3.0082,
    "UKI72": 3.9131,
    "UKI73": 3.601,
    "UKI74": 3.359,
    "UKJ13": 3.0492,
    "UKE11": 2.2713,
    "UKH17": 2.9925,
    "UKI75": 3.4892,
    "UKD72": 2.464,
    "UKD71": 2.3989,
    "UKD73": 2.5684,
    "UKF21": 2.8489,
    "UKF25": 2.7119,
    "UKL12": 3.2293,
    "UKL11": 3.1493,
    "UKE45": 2.4707,
    "UKH21": 3.0162,
    "UKD33": 2.4906,
    "UKD35": 2.6575,
    "UKD34": 2.7204,
    "UKJ41": 2.9162,
    "UKJ12": 3.0432,
    "UKH24": 2.9611,
    "UKF14": 2.3945,
    "UKH15": 2.9924,
    "UKI32": 3.8113,
    "UKI33": 3.9546,
    "UKH11": 2.646,
    "UKK41": 3.0182,
    "UKJ31": 2.9656,
    "UKJ35": 2.98,
    "UKJ34": 3.3049,
    "UKE32": 2.8003,
    "UKL18": 2.5779,
    "UKL14": 2.9521,
    "UKI45": 4.0441,
    "UKK14": 2.558,
    "UKJ32": 2.9741,
    "UKH31": 3.2711,
    "UKG23": 2.381,
    "UKI34": 3.9801,
    "UKG21": 2.6053,
    "UKK42": 2.888,
    "UKC12": 2.3222,
    "UKD61": 2.6321,
    "UKE21": 3.0159
  },
  {
    "Date": "2012-01-01",
    "UKH23": 3.2692,
    "UKH25": 2.992,
    "UKG31": 2.581,
    "UKG32": 2.7844,
    "UKG12": 2.7498,
    "UKG37": 2.3993,
    "UKG38": 2.4647,
    "UKG13": 2.8263,
    "UKG36": 2.5375,
    "UKG24": 2.6813,
    "UKK12": 3.1307,
    "UKK23": 2.995,
    "UKK15": 2.9496,
    "UKK22": 3.1915,
    "UKD41": 2.3706,
    "UKD46": 2.2845,
    "UKD45": 2.5295,
    "UKE22": 2.8283,
    "UKD47": 2.6288,
    "UKE41": 2.3606,
    "UKE42": 2.5905,
    "UKE44": 2.4847,
    "UKK21": 3.1723,
    "UKJ36": 3.1603,
    "UKD37": 2.4857,
    "UKD36": 2.4495,
    "UKJ21": 4.1121,
    "UKJ22": 3.13,
    "UKJ27": 3.2907,
    "UKJ28": 3.1816,
    "UKI61": 3.4296,
    "UKI44": 4.1038,
    "UKJ46": 3.1937,
    "UKI51": 3.3458,
    "UKJ43": 2.9631,
    "UKK11": 3.4835,
    "UKD12": 2.7955,
    "UKD11": 2.8922,
    "UKC21": 2.6404,
    "UKH12": 3.0444,
    "UKH35": 3.1016,
    "UKH16": 3.066,
    "UKH14": 3.0336,
    "UKH34": 2.9384,
    "UKL22": 2.812,
    "UKL16": 2.5886,
    "UKL15": 2.4786,
    "UKL21": 2.6739,
    "UKL17": 2.4011,
    "UKL24": 2.8971,
    "UKD63": 2.6594,
    "UKL23": 2.7352,
    "UKD74": 2.7159,
    "UKL13": 2.7157,
    "UKH36": 3.2693,
    "UKH37": 3.1868,
    "UKH32": 3.0192,
    "UKI52": 3.3218,
    "UKI62": 3.3409,
    "UKI63": 3.5904,
    "UKJ26": 3.2247,
    "UKJ44": 3.1715,
    "UKJ45": 2.94,
    "UKG33": 2.8076,
    "UKF22": 2.7844,
    "UKF24": 2.882,
    "UKD62": 2.697,
    "UKG22": 2.8343,
    "UKF11": 2.7954,
    "UKF13": 2.736,
    "UKF12": 2.6797,
    "UKF15": 2.5258,
    "UKF16": 2.7029,
    "UKC14": 2.3184,
    "UKC22": 2.6176,
    "UKC23": 2.3949,
    "UKC13": 2.3743,
    "UKC11": 2.3146,
    "UKE31": 2.486,
    "UKE13": 2.4445,
    "UKE12": 2.5671,
    "UKF30": 2.7323,
    "UKK43": 3.2624,
    "UKG39": 2.5996,
    "UKI42": 3.6454,
    "UKI41": 4.238,
    "UKI31": 4.4141,
    "UKI53": 3.7334,
    "UKI43": 4.3152,
    "UKI54": 3.3805,
    "UKI71": 3.6667,
    "UKK30": 3.4248,
    "UKD42": 2.1647,
    "UKD44": 2.576,
    "UKK13": 2.9976,
    "UKG11": 2.8669,
    "UKJ14": 3.2333,
    "UKJ25": 3.2291,
    "UKJ37": 2.9753,
    "UKJ11": 3.08,
    "UKI72": 4.1373,
    "UKI73": 3.787,
    "UKI74": 3.4531,
    "UKJ13": 3.089,
    "UKE11": 2.2824,
    "UKH17": 3.0076,
    "UKI75": 3.6678,
    "UKD72": 2.4303,
    "UKD71": 2.3596,
    "UKD73": 2.5352,
    "UKF21": 2.874,
    "UKF25": 2.7461,
    "UKL12": 3.2423,
    "UKL11": 3.1532,
    "UKE45": 2.4353,
    "UKH21": 3.0596,
    "UKD33": 2.4864,
    "UKD35": 2.6743,
    "UKD34": 2.7407,
    "UKJ41": 2.9644,
    "UKJ12": 3.1051,
    "UKH24": 2.9881,
    "UKF14": 2.4183,
    "UKH15": 3.0527,
    "UKI32": 4.1739,
    "UKI33": 4.3113,
    "UKH11": 2.667,
    "UKK41": 3.0335,
    "UKJ31": 3.0233,
    "UKJ35": 3.0103,
    "UKJ34": 3.2944,
    "UKE32": 2.827,
    "UKL18": 2.5738,
    "UKL14": 2.9065,
    "UKI45": 4.336,
    "UKK14": 2.5679,
    "UKJ32": 2.986,
    "UKH31": 3.338,
    "UKG23": 2.3598,
    "UKI34": 4.2653,
    "UKG21": 2.5737,
    "UKK42": 2.905,
    "UKC12": 2.3248,
    "UKD61": 2.6141,
    "UKE21": 3.0653
  },
  {
    "Date": "2013-01-01",
    "UKH23": 3.4047,
    "UKH25": 3.1021,
    "UKG31": 2.6464,
    "UKG32": 2.8242,
    "UKG12": 2.8089,
    "UKG37": 2.4517,
    "UKG38": 2.5235,
    "UKG13": 2.9146,
    "UKG36": 2.592,
    "UKG24": 2.7314,
    "UKK12": 3.2313,
    "UKK23": 3.0469,
    "UKK15": 3.0014,
    "UKK22": 3.2701,
    "UKD41": 2.363,
    "UKD46": 2.2976,
    "UKD45": 2.5599,
    "UKE22": 2.8692,
    "UKD47": 2.633,
    "UKE41": 2.3746,
    "UKE42": 2.6116,
    "UKE44": 2.4937,
    "UKK21": 3.2604,
    "UKJ36": 3.2347,
    "UKD37": 2.4844,
    "UKD36": 2.448,
    "UKJ21": 4.2996,
    "UKJ22": 3.2333,
    "UKJ27": 3.4124,
    "UKJ28": 3.3119,
    "UKI61": 3.6632,
    "UKI44": 4.5105,
    "UKJ46": 3.3011,
    "UKI51": 3.5534,
    "UKJ43": 3.0955,
    "UKK11": 3.6361,
    "UKD12": 2.8038,
    "UKD11": 2.9036,
    "UKC21": 2.6484,
    "UKH12": 3.1511,
    "UKH35": 3.2211,
    "UKH16": 3.1516,
    "UKH14": 3.1345,
    "UKH34": 3.0038,
    "UKL22": 2.878,
    "UKL16": 2.6132,
    "UKL15": 2.4926,
    "UKL21": 2.7125,
    "UKL17": 2.4332,
    "UKL24": 2.8745,
    "UKD63": 2.6963,
    "UKL23": 2.7539,
    "UKD74": 2.7462,
    "UKL13": 2.7712,
    "UKH36": 3.3776,
    "UKH37": 3.2719,
    "UKH32": 3.0822,
    "UKI52": 3.4684,
    "UKI62": 3.5503,
    "UKI63": 3.8692,
    "UKJ26": 3.3858,
    "UKJ44": 3.2807,
    "UKJ45": 3.0436,
    "UKG33": 2.8596,
    "UKF22": 2.8288,
    "UKF24": 2.9774,
    "UKD62": 2.7256,
    "UKG22": 2.8779,
    "UKF11": 2.8633,
    "UKF13": 2.7922,
    "UKF12": 2.7235,
    "UKF15": 2.5751,
    "UKF16": 2.7731,
    "UKC14": 2.3126,
    "UKC22": 2.6562,
    "UKC23": 2.3779,
    "UKC13": 2.4262,
    "UKC11": 2.3111,
    "UKE31": 2.507,
    "UKE13": 2.4989,
    "UKE12": 2.5785,
    "UKF30": 2.794,
    "UKK43": 3.3217,
    "UKG39": 2.6312,
    "UKI42": 3.8734,
    "UKI41": 4.4838,
    "UKI31": 4.8087,
    "UKI53": 4.0118,
    "UKI43": 4.7426,
    "UKI54": 3.5703,
    "UKI71": 3.8744,
    "UKK30": 3.4717,
    "UKD42": 2.1571,
    "UKD44": 2.6053,
    "UKK13": 3.0766,
    "UKG11": 2.9178,
    "UKJ14": 3.3635,
    "UKJ25": 3.38,
    "UKJ37": 3.0821,
    "UKJ11": 3.2139,
    "UKI72": 4.4394,
    "UKI73": 4.0947,
    "UKI74": 3.6398,
    "UKJ13": 3.213,
    "UKE11": 2.3057,
    "UKH17": 3.0919,
    "UKI75": 3.9452,
    "UKD72": 2.4214,
    "UKD71": 2.3715,
    "UKD73": 2.5325,
    "UKF21": 2.9113,
    "UKF25": 2.8355,
    "UKL12": 3.2919,
    "UKL11": 3.1543,
    "UKE45": 2.4318,
    "UKH21": 3.1432,
    "UKD33": 2.5596,
    "UKD35": 2.7054,
    "UKD34": 2.796,
    "UKJ41": 3.0913,
    "UKJ12": 3.2136,
    "UKH24": 3.0786,
    "UKF14": 2.4482,
    "UKH15": 3.1466,
    "UKI32": 4.5219,
    "UKI33": 4.726,
    "UKH11": 2.7129,
    "UKK41": 3.0985,
    "UKJ31": 3.0797,
    "UKJ35": 3.0819,
    "UKJ34": 3.3586,
    "UKE32": 2.8778,
    "UKL18": 2.5791,
    "UKL14": 2.9254,
    "UKI45": 4.856,
    "UKK14": 2.6653,
    "UKJ32": 3.0169,
    "UKH31": 3.4658,
    "UKG23": 2.4183,
    "UKI34": 4.7802,
    "UKG21": 2.6291,
    "UKK42": 2.9501,
    "UKC12": 2.3123,
    "UKD61": 2.6634,
    "UKE21": 3.1364
  },
  {
    "Date": "2014-01-01",
    "UKH23": 3.7785,
    "UKH25": 3.382,
    "UKG31": 2.7624,
    "UKG32": 3.0114,
    "UKG12": 2.9482,
    "UKG37": 2.5424,
    "UKG38": 2.6071,
    "UKG13": 3.1144,
    "UKG36": 2.6872,
    "UKG24": 2.8625,
    "UKK12": 3.4708,
    "UKK23": 3.1846,
    "UKK15": 3.1791,
    "UKK22": 3.4376,
    "UKD41": 2.4036,
    "UKD46": 2.3387,
    "UKD45": 2.6195,
    "UKE22": 2.9961,
    "UKD47": 2.7161,
    "UKE41": 2.4359,
    "UKE42": 2.7429,
    "UKE44": 2.5942,
    "UKK21": 3.4635,
    "UKJ36": 3.4825,
    "UKD37": 2.5989,
    "UKD36": 2.5451,
    "UKJ21": 4.7441,
    "UKJ22": 3.4817,
    "UKJ27": 3.7006,
    "UKJ28": 3.6335,
    "UKI61": 4.2454,
    "UKI44": 5.352,
    "UKJ46": 3.6122,
    "UKI51": 4.0667,
    "UKJ43": 3.3955,
    "UKK11": 4.0209,
    "UKD12": 2.8822,
    "UKD11": 2.9475,
    "UKC21": 2.752,
    "UKH12": 3.4361,
    "UKH35": 3.552,
    "UKH16": 3.3384,
    "UKH14": 3.3657,
    "UKH34": 3.2261,
    "UKL22": 3.0398,
    "UKL16": 2.7145,
    "UKL15": 2.618,
    "UKL21": 2.8055,
    "UKL17": 2.5292,
    "UKL24": 2.9645,
    "UKD63": 2.8171,
    "UKL23": 2.8408,
    "UKD74": 2.8647,
    "UKL13": 2.8454,
    "UKH36": 3.6834,
    "UKH37": 3.5659,
    "UKH32": 3.4144,
    "UKI52": 3.8954,
    "UKI62": 4.1302,
    "UKI63": 4.469,
    "UKJ26": 3.7455,
    "UKJ44": 3.5654,
    "UKJ45": 3.2977,
    "UKG33": 3.0459,
    "UKF22": 3.0112,
    "UKF24": 3.2135,
    "UKD62": 2.8803,
    "UKG22": 2.9903,
    "UKF11": 3.0254,
    "UKF13": 2.9434,
    "UKF12": 2.852,
    "UKF15": 2.6996,
    "UKF16": 2.9279,
    "UKC14": 2.3606,
    "UKC22": 2.7562,
    "UKC23": 2.4131,
    "UKC13": 2.4778,
    "UKC11": 2.3712,
    "UKE31": 2.5848,
    "UKE13": 2.5775,
    "UKE12": 2.6937,
    "UKF30": 2.9553,
    "UKK43": 3.4761,
    "UKG39": 2.7186,
    "UKI42": 4.5161,
    "UKI41": 5.0976,
    "UKI31": 5.5753,
    "UKI53": 4.629,
    "UKI43": 5.5582,
    "UKI54": 4.0511,
    "UKI71": 4.3973,
    "UKK30": 3.5743,
    "UKD42": 2.2342,
    "UKD44": 2.6954,
    "UKK13": 3.245,
    "UKG11": 3.031,
    "UKJ14": 3.6688,
    "UKJ25": 3.7394,
    "UKJ37": 3.3676,
    "UKJ11": 3.5417,
    "UKI72": 4.9848,
    "UKI73": 4.7872,
    "UKI74": 4.0989,
    "UKJ13": 3.5019,
    "UKE11": 2.3635,
    "UKH17": 3.3066,
    "UKI75": 4.4977,
    "UKD72": 2.5296,
    "UKD71": 2.4485,
    "UKD73": 2.6404,
    "UKF21": 3.0721,
    "UKF25": 3.0467,
    "UKL12": 3.3128,
    "UKL11": 3.2903,
    "UKE45": 2.5386,
    "UKH21": 3.4492,
    "UKD33": 2.6667,
    "UKD35": 2.8544,
    "UKD34": 2.9715,
    "UKJ41": 3.4208,
    "UKJ12": 3.5196,
    "UKH24": 3.3214,
    "UKF14": 2.5951,
    "UKH15": 3.3584,
    "UKI32": 5.1753,
    "UKI33": 5.4484,
    "UKH11": 2.9104,
    "UKK41": 3.241,
    "UKJ31": 3.2804,
    "UKJ35": 3.3049,
    "UKJ34": 3.4767,
    "UKE32": 3.0219,
    "UKL18": 2.6691,
    "UKL14": 3.0031,
    "UKI45": 5.899,
    "UKK14": 2.8532,
    "UKJ32": 3.2073,
    "UKH31": 3.7461,
    "UKG23": 2.5054,
    "UKI34": 5.6625,
    "UKG21": 2.7155,
    "UKK42": 3.0836,
    "UKC12": 2.3592,
    "UKD61": 2.7664,
    "UKE21": 3.3362
  },
  {
    "Date": "2015-01-01",
    "UKH23": 4.2068,
    "UKH25": 3.7372,
    "UKG31": 2.9106,
    "UKG32": 3.1959,
    "UKG12": 3.0692,
    "UKG37": 2.6428,
    "UKG38": 2.7107,
    "UKG13": 3.2938,
    "UKG36": 2.7835,
    "UKG24": 2.9731,
    "UKK12": 3.7379,
    "UKK23": 3.3062,
    "UKK15": 3.3924,
    "UKK22": 3.6206,
    "UKD41": 2.4263,
    "UKD46": 2.4098,
    "UKD45": 2.6801,
    "UKE22": 3.0968,
    "UKD47": 2.7787,
    "UKE41": 2.5008,
    "UKE42": 2.8704,
    "UKE44": 2.6796,
    "UKK21": 3.6554,
    "UKJ36": 3.7339,
    "UKD37": 2.6698,
    "UKD36": 2.6146,
    "UKJ21": 5.2023,
    "UKJ22": 3.7403,
    "UKJ27": 3.9938,
    "UKJ28": 3.9292,
    "UKI61": 4.6909,
    "UKI44": 5.9164,
    "UKJ46": 3.947,
    "UKI51": 4.5429,
    "UKJ43": 3.7284,
    "UKK11": 4.4063,
    "UKD12": 2.9469,
    "UKD11": 3.0059,
    "UKC21": 2.8233,
    "UKH12": 3.7392,
    "UKH35": 3.8646,
    "UKH16": 3.5495,
    "UKH14": 3.5906,
    "UKH34": 3.4718,
    "UKL22": 3.1773,
    "UKL16": 2.78,
    "UKL15": 2.6851,
    "UKL21": 2.8765,
    "UKL17": 2.582,
    "UKL24": 3.0331,
    "UKD63": 2.9206,
    "UKL23": 2.9289,
    "UKD74": 2.9401,
    "UKL13": 2.9208,
    "UKH36": 4.0182,
    "UKH37": 3.9393,
    "UKH32": 3.835,
    "UKI52": 4.3651,
    "UKI62": 4.6024,
    "UKI63": 4.8786,
    "UKJ26": 4.1052,
    "UKJ44": 3.8426,
    "UKJ45": 3.5845,
    "UKG33": 3.2224,
    "UKF22": 3.1506,
    "UKF24": 3.425,
    "UKD62": 2.9847,
    "UKG22": 3.1063,
    "UKF11": 3.1282,
    "UKF13": 3.0659,
    "UKF12": 2.9686,
    "UKF15": 2.8141,
    "UKF16": 3.0934,
    "UKC14": 2.3975,
    "UKC22": 2.832,
    "UKC23": 2.4749,
    "UKC13": 2.4794,
    "UKC11": 2.4055,
    "UKE31": 2.6483,
    "UKE13": 2.6734,
    "UKE12": 2.7717,
    "UKF30": 3.0986,
    "UKK43": 3.6067,
    "UKG39": 2.8096,
    "UKI42": 4.9422,
    "UKI41": 5.7205,
    "UKI31": 5.8936,
    "UKI53": 5.1622,
    "UKI43": 5.9931,
    "UKI54": 4.5802,
    "UKI71": 4.8462,
    "UKK30": 3.7148,
    "UKD42": 2.2761,
    "UKD44": 2.7699,
    "UKK13": 3.4161,
    "UKG11": 3.1249,
    "UKJ14": 3.9647,
    "UKJ25": 4.0728,
    "UKJ37": 3.7116,
    "UKJ11": 3.9291,
    "UKI72": 5.5043,
    "UKI73": 5.2323,
    "UKI74": 4.6218,
    "UKJ13": 3.8309,
    "UKE11": 2.4434,
    "UKH17": 3.4979,
    "UKI75": 4.8896,
    "UKD72": 2.6157,
    "UKD71": 2.5023,
    "UKD73": 2.7173,
    "UKF21": 3.2127,
    "UKF25": 3.2389,
    "UKL12": 3.3864,
    "UKL11": 3.3891,
    "UKE45": 2.5965,
    "UKH21": 3.8737,
    "UKD33": 2.817,
    "UKD35": 3.0112,
    "UKD34": 3.1638,
    "UKJ41": 3.7596,
    "UKJ12": 3.8738,
    "UKH24": 3.5844,
    "UKF14": 2.6947,
    "UKH15": 3.5559,
    "UKI32": 5.455,
    "UKI33": 5.7658,
    "UKH11": 3.0519,
    "UKK41": 3.3567,
    "UKJ31": 3.524,
    "UKJ35": 3.5298,
    "UKJ34": 3.592,
    "UKE32": 3.1517,
    "UKL18": 2.7432,
    "UKL14": 3.0625,
    "UKI45": 6.3663,
    "UKK14": 3.1003,
    "UKJ32": 3.4111,
    "UKH31": 4.115,
    "UKG23": 2.5793,
    "UKI34": 5.9611,
    "UKG21": 2.7768,
    "UKK42": 3.1816,
    "UKC12": 2.3765,
    "UKD61": 2.8797,
    "UKE21": 3.5665
  },
  {
    "Date": "2016-01-01",
    "UKH23": 4.7028,
    "UKH25": 4.2029,
    "UKG31": 3.1168,
    "UKG32": 3.4227,
    "UKG12": 3.2245,
    "UKG37": 2.7968,
    "UKG38": 2.8332,
    "UKG13": 3.4836,
    "UKG36": 2.9118,
    "UKG24": 3.1136,
    "UKK12": 4.0608,
    "UKK23": 3.4718,
    "UKK15": 3.6448,
    "UKK22": 3.8115,
    "UKD41": 2.4982,
    "UKD46": 2.5049,
    "UKD45": 2.7413,
    "UKE22": 3.2073,
    "UKD47": 2.8635,
    "UKE41": 2.5819,
    "UKE42": 3.0324,
    "UKE44": 2.7441,
    "UKK21": 3.8933,
    "UKJ36": 4.0057,
    "UKD37": 2.7803,
    "UKD36": 2.7125,
    "UKJ21": 5.674,
    "UKJ22": 4.0712,
    "UKJ27": 4.3151,
    "UKJ28": 4.3113,
    "UKI61": 5.1879,
    "UKI44": 6.5594,
    "UKJ46": 4.305,
    "UKI51": 5.096,
    "UKJ43": 4.1987,
    "UKK11": 4.9812,
    "UKD12": 2.9965,
    "UKD11": 3.1178,
    "UKC21": 2.8733,
    "UKH12": 4.0608,
    "UKH35": 4.3292,
    "UKH16": 3.7978,
    "UKH14": 3.8703,
    "UKH34": 3.8153,
    "UKL22": 3.3397,
    "UKL16": 2.9112,
    "UKL15": 2.8068,
    "UKL21": 3.0024,
    "UKL17": 2.6951,
    "UKL24": 3.1385,
    "UKD63": 3.0298,
    "UKL23": 3.0169,
    "UKD74": 3.0781,
    "UKL13": 3.0233,
    "UKH36": 4.4743,
    "UKH37": 4.4467,
    "UKH32": 4.4368,
    "UKI52": 5.0163,
    "UKI62": 5.221,
    "UKI63": 5.4013,
    "UKJ26": 4.5118,
    "UKJ44": 4.1991,
    "UKJ45": 3.8864,
    "UKG33": 3.4536,
    "UKF22": 3.3266,
    "UKF24": 3.7268,
    "UKD62": 3.1228,
    "UKG22": 3.2353,
    "UKF11": 3.2742,
    "UKF13": 3.2164,
    "UKF12": 3.102,
    "UKF15": 2.9256,
    "UKF16": 3.2706,
    "UKC14": 2.4245,
    "UKC22": 2.9028,
    "UKC23": 2.487,
    "UKC13": 2.5156,
    "UKC11": 2.4332,
    "UKE31": 2.7357,
    "UKE13": 2.7489,
    "UKE12": 2.8861,
    "UKF30": 3.2516,
    "UKK43": 3.7536,
    "UKG39": 2.9207,
    "UKI42": 5.3334,
    "UKI41": 6.4596,
    "UKI31": 6.2086,
    "UKI53": 5.8896,
    "UKI43": 6.5153,
    "UKI54": 5.1286,
    "UKI71": 5.2887,
    "UKK30": 3.8463,
    "UKD42": 2.2939,
    "UKD44": 2.7931,
    "UKK13": 3.6302,
    "UKG11": 3.2427,
    "UKJ14": 4.2727,
    "UKJ25": 4.436,
    "UKJ37": 4.0559,
    "UKJ11": 4.3639,
    "UKI72": 6.0513,
    "UKI73": 5.6898,
    "UKI74": 5.1723,
    "UKJ13": 4.2715,
    "UKE11": 2.5199,
    "UKH17": 3.7607,
    "UKI75": 5.2734,
    "UKD72": 2.709,
    "UKD71": 2.5739,
    "UKD73": 2.8196,
    "UKF21": 3.4057,
    "UKF25": 3.5383,
    "UKL12": 3.5154,
    "UKL11": 3.471,
    "UKE45": 2.6844,
    "UKH21": 4.4595,
    "UKD33": 3.0434,
    "UKD35": 3.1909,
    "UKD34": 3.3942,
    "UKJ41": 4.2778,
    "UKJ12": 4.2999,
    "UKH24": 4.0018,
    "UKF14": 2.8597,
    "UKH15": 3.8155,
    "UKI32": 5.5936,
    "UKI33": 5.9435,
    "UKH11": 3.2354,
    "UKK41": 3.4432,
    "UKJ31": 3.7899,
    "UKJ35": 3.8149,
    "UKJ34": 3.7549,
    "UKE32": 3.3016,
    "UKL18": 2.8266,
    "UKL14": 3.1416,
    "UKI45": 6.9489,
    "UKK14": 3.4178,
    "UKJ32": 3.6557,
    "UKH31": 4.6098,
    "UKG23": 2.677,
    "UKI34": 6.3789,
    "UKG21": 2.8605,
    "UKK42": 3.3354,
    "UKC12": 2.4079,
    "UKD61": 2.999,
    "UKE21": 3.7652
  },
  {
    "Date": "2017-01-01",
    "UKH23": 4.9766,
    "UKH25": 4.5285,
    "UKG31": 3.3455,
    "UKG32": 3.6518,
    "UKG12": 3.3943,
    "UKG37": 2.9554,
    "UKG38": 2.9994,
    "UKG13": 3.6838,
    "UKG36": 3.0946,
    "UKG24": 3.2571,
    "UKK12": 4.2979,
    "UKK23": 3.6422,
    "UKK15": 3.8646,
    "UKK22": 4.0044,
    "UKD41": 2.5657,
    "UKD46": 2.5624,
    "UKD45": 2.8317,
    "UKE22": 3.3164,
    "UKD47": 2.9602,
    "UKE41": 2.6401,
    "UKE42": 3.1722,
    "UKE44": 2.8478,
    "UKK21": 4.1212,
    "UKJ36": 4.2251,
    "UKD37": 2.8845,
    "UKD36": 2.8238,
    "UKJ21": 5.9445,
    "UKJ22": 4.2905,
    "UKJ27": 4.531,
    "UKJ28": 4.4747,
    "UKI61": 5.4429,
    "UKI44": 6.7968,
    "UKJ46": 4.5493,
    "UKI51": 5.3737,
    "UKJ43": 4.4782,
    "UKK11": 5.3284,
    "UKD12": 3.0702,
    "UKD11": 3.2192,
    "UKC21": 2.9397,
    "UKH12": 4.32,
    "UKH35": 4.6004,
    "UKH16": 4.0701,
    "UKH14": 4.1473,
    "UKH34": 4.1368,
    "UKL22": 3.4794,
    "UKL16": 3.0233,
    "UKL15": 2.9173,
    "UKL21": 3.1941,
    "UKL17": 2.8056,
    "UKL24": 3.2456,
    "UKD63": 3.1319,
    "UKL23": 3.0896,
    "UKD74": 3.1946,
    "UKL13": 3.0973,
    "UKH36": 4.7876,
    "UKH37": 4.8073,
    "UKH32": 4.7341,
    "UKI52": 5.3937,
    "UKI62": 5.4812,
    "UKI63": 5.5836,
    "UKJ26": 4.6956,
    "UKJ44": 4.5209,
    "UKJ45": 4.144,
    "UKG33": 3.7403,
    "UKF22": 3.5304,
    "UKF24": 3.969,
    "UKD62": 3.2824,
    "UKG22": 3.3287,
    "UKF11": 3.3834,
    "UKF13": 3.3616,
    "UKF12": 3.2395,
    "UKF15": 3.0625,
    "UKF16": 3.4683,
    "UKC14": 2.4588,
    "UKC22": 2.964,
    "UKC23": 2.5549,
    "UKC13": 2.6034,
    "UKC11": 2.4547,
    "UKE31": 2.8073,
    "UKE13": 2.852,
    "UKE12": 3.0177,
    "UKF30": 3.433,
    "UKK43": 3.9158,
    "UKG39": 3.0514,
    "UKI42": 5.4839,
    "UKI41": 6.7405,
    "UKI31": 6.2434,
    "UKI53": 6.2352,
    "UKI43": 6.6898,
    "UKI54": 5.3281,
    "UKI71": 5.4775,
    "UKK30": 3.9986,
    "UKD42": 2.3705,
    "UKD44": 2.8705,
    "UKK13": 3.8333,
    "UKG11": 3.4161,
    "UKJ14": 4.4066,
    "UKJ25": 4.6009,
    "UKJ37": 4.2367,
    "UKJ11": 4.5126,
    "UKI72": 6.3108,
    "UKI73": 5.9177,
    "UKI74": 5.3451,
    "UKJ13": 4.5118,
    "UKE11": 2.652,
    "UKH17": 3.9938,
    "UKI75": 5.4354,
    "UKD72": 2.8171,
    "UKD71": 2.6687,
    "UKD73": 2.9695,
    "UKF21": 3.6826,
    "UKF25": 3.8502,
    "UKL12": 3.6026,
    "UKL11": 3.6206,
    "UKE45": 2.7628,
    "UKH21": 4.8077,
    "UKD33": 3.2848,
    "UKD35": 3.3966,
    "UKD34": 3.6583,
    "UKJ41": 4.6213,
    "UKJ12": 4.5728,
    "UKH24": 4.3231,
    "UKF14": 3.0596,
    "UKH15": 4.0236,
    "UKI32": 5.6357,
    "UKI33": 5.8193,
    "UKH11": 3.4277,
    "UKK41": 3.5684,
    "UKJ31": 4.0896,
    "UKJ35": 4.0452,
    "UKJ34": 3.8784,
    "UKE32": 3.4315,
    "UKL18": 2.9316,
    "UKL14": 3.1917,
    "UKI45": 7.1172,
    "UKK14": 3.6093,
    "UKJ32": 3.8783,
    "UKH31": 5.0259,
    "UKG23": 2.7939,
    "UKI34": 6.4497,
    "UKG21": 2.9369,
    "UKK42": 3.4752,
    "UKC12": 2.4205,
    "UKD61": 3.1401,
    "UKE21": 3.9167
  },
  {
    "Date": "2018-01-01",
    "UKH23": 5.0185,
    "UKH25": 4.6552,
    "UKG31": 3.5336,
    "UKG32": 3.8481,
    "UKG12": 3.5484,
    "UKG37": 3.1592,
    "UKG38": 3.1528,
    "UKG13": 3.8445,
    "UKG36": 3.2553,
    "UKG24": 3.3915,
    "UKK12": 4.4519,
    "UKK23": 3.8114,
    "UKK15": 3.9969,
    "UKK22": 4.1553,
    "UKD41": 2.6532,
    "UKD46": 2.6687,
    "UKD45": 2.881,
    "UKE22": 3.4243,
    "UKD47": 3.0657,
    "UKE41": 2.6987,
    "UKE42": 3.3094,
    "UKE44": 2.962,
    "UKK21": 4.2642,
    "UKJ36": 4.3077,
    "UKD37": 3.0586,
    "UKD36": 2.9169,
    "UKJ21": 6.0874,
    "UKJ22": 4.4673,
    "UKJ27": 4.6552,
    "UKJ28": 4.5313,
    "UKI61": 5.4509,
    "UKI44": 6.791,
    "UKJ46": 4.6536,
    "UKI51": 5.4601,
    "UKJ43": 4.6065,
    "UKK11": 5.5456,
    "UKD12": 3.1484,
    "UKD11": 3.2553,
    "UKC21": 3.0052,
    "UKH12": 4.451,
    "UKH35": 4.687,
    "UKH16": 4.242,
    "UKH14": 4.3103,
    "UKH34": 4.2753,
    "UKL22": 3.6601,
    "UKL16": 3.2436,
    "UKL15": 3.0413,
    "UKL21": 3.4594,
    "UKL17": 2.9069,
    "UKL24": 3.4161,
    "UKD63": 3.2367,
    "UKL23": 3.1867,
    "UKD74": 3.3242,
    "UKL13": 3.2359,
    "UKH36": 4.9442,
    "UKH37": 4.9611,
    "UKH32": 4.9138,
    "UKI52": 5.5221,
    "UKI62": 5.4685,
    "UKI63": 5.5443,
    "UKJ26": 4.7194,
    "UKJ44": 4.754,
    "UKJ45": 4.2773,
    "UKG33": 3.9715,
    "UKF22": 3.7081,
    "UKF24": 4.1299,
    "UKD62": 3.3895,
    "UKG22": 3.4601,
    "UKF11": 3.5313,
    "UKF13": 3.5297,
    "UKF12": 3.401,
    "UKF15": 3.218,
    "UKF16": 3.6403,
    "UKC14": 2.5071,
    "UKC22": 3.0298,
    "UKC23": 2.5793,
    "UKC13": 2.5814,
    "UKC11": 2.4795,
    "UKE31": 2.9031,
    "UKE13": 2.9541,
    "UKE12": 3.1207,
    "UKF30": 3.5783,
    "UKK43": 4.0766,
    "UKG39": 3.2143,
    "UKI42": 5.4221,
    "UKI41": 6.7426,
    "UKI31": 6.0587,
    "UKI53": 6.3616,
    "UKI43": 6.5751,
    "UKI54": 5.4131,
    "UKI71": 5.4502,
    "UKK30": 4.1757,
    "UKD42": 2.4313,
    "UKD44": 2.9267,
    "UKK13": 4.0131,
    "UKG11": 3.6001,
    "UKJ14": 4.4472,
    "UKJ25": 4.6087,
    "UKJ37": 4.265,
    "UKJ11": 4.5238,
    "UKI72": 6.1756,
    "UKI73": 5.7791,
    "UKI74": 5.3334,
    "UKJ13": 4.5373,
    "UKE11": 2.7124,
    "UKH17": 4.1464,
    "UKI75": 5.3799,
    "UKD72": 2.9114,
    "UKD71": 2.7672,
    "UKD73": 3.0819,
    "UKF21": 3.9395,
    "UKF25": 4.0949,
    "UKL12": 3.713,
    "UKL11": 3.7906,
    "UKE45": 2.8688,
    "UKH21": 4.9317,
    "UKD33": 3.479,
    "UKD35": 3.5979,
    "UKD34": 3.9074,
    "UKJ41": 4.7602,
    "UKJ12": 4.6906,
    "UKH24": 4.4521,
    "UKF14": 3.2367,
    "UKH15": 4.2012,
    "UKI32": 5.3494,
    "UKI33": 5.6996,
    "UKH11": 3.6978,
    "UKK41": 3.67,
    "UKJ31": 4.2355,
    "UKJ35": 4.1961,
    "UKJ34": 4.0241,
    "UKE32": 3.6161,
    "UKL18": 3.0383,
    "UKL14": 3.3425,
    "UKI45": 7.0168,
    "UKK14": 3.698,
    "UKJ32": 3.9965,
    "UKH31": 5.2553,
    "UKG23": 2.8991,
    "UKI34": 6.308,
    "UKG21": 3.0523,
    "UKK42": 3.6216,
    "UKC12": 2.4093,
    "UKD61": 3.2911,
    "UKE21": 4.0435
  },
  {
    "Date": "2019-01-01",
    "UKH23": 4.9898,
    "UKH25": 4.6051,
    "UKG31": 3.6616,
    "UKG32": 3.8926,
    "UKG12": 3.6387,
    "UKG37": 3.2413,
    "UKG38": 3.2639,
    "UKG13": 3.8862,
    "UKG36": 3.4152,
    "UKG24": 3.4887,
    "UKK12": 4.5138,
    "UKK23": 3.8639,
    "UKK15": 4.0028,
    "UKK22": 4.1866,
    "UKD41": 2.7705,
    "UKD46": 2.7411,
    "UKD45": 2.9394,
    "UKE22": 3.4866,
    "UKD47": 3.1289,
    "UKE41": 2.782,
    "UKE42": 3.4124,
    "UKE44": 3.0518,
    "UKK21": 4.3462,
    "UKJ36": 4.3318,
    "UKD37": 3.1907,
    "UKD36": 3.0407,
    "UKJ21": 5.9933,
    "UKJ22": 4.508,
    "UKJ27": 4.6591,
    "UKJ28": 4.4893,
    "UKI61": 5.379,
    "UKI44": 6.7929,
    "UKJ46": 4.661,
    "UKI51": 5.4671,
    "UKJ43": 4.6314,
    "UKK11": 5.6384,
    "UKD12": 3.2,
    "UKD11": 3.334,
    "UKC21": 3.0251,
    "UKH12": 4.4507,
    "UKH35": 4.6829,
    "UKH16": 4.3455,
    "UKH14": 4.3675,
    "UKH34": 4.3051,
    "UKL22": 3.7535,
    "UKL16": 3.3913,
    "UKL15": 3.1902,
    "UKL21": 3.6419,
    "UKL17": 3.0299,
    "UKL24": 3.4845,
    "UKD63": 3.3249,
    "UKL23": 3.2648,
    "UKD74": 3.4253,
    "UKL13": 3.3373,
    "UKH36": 4.9409,
    "UKH37": 5.0498,
    "UKH32": 4.9355,
    "UKI52": 5.505,
    "UKI62": 5.369,
    "UKI63": 5.4788,
    "UKJ26": 4.6722,
    "UKJ44": 4.8242,
    "UKJ45": 4.3141,
    "UKG33": 4.0878,
    "UKF22": 3.8208,
    "UKF24": 4.177,
    "UKD62": 3.4833,
    "UKG22": 3.5354,
    "UKF11": 3.6361,
    "UKF13": 3.6589,
    "UKF12": 3.4911,
    "UKF15": 3.3176,
    "UKF16": 3.7675,
    "UKC14": 2.5075,
    "UKC22": 3.0776,
    "UKC23": 2.6174,
    "UKC13": 2.6366,
    "UKC11": 2.498,
    "UKE31": 3.0054,
    "UKE13": 3.0164,
    "UKE12": 3.2297,
    "UKF30": 3.6668,
    "UKK43": 4.1361,
    "UKG39": 3.3234,
    "UKI42": 5.273,
    "UKI41": 6.6851,
    "UKI31": 5.8536,
    "UKI53": 6.2973,
    "UKI43": 6.4103,
    "UKI54": 5.2826,
    "UKI71": 5.3439,
    "UKK30": 4.2819,
    "UKD42": 2.4862,
    "UKD44": 2.9963,
    "UKK13": 4.0868,
    "UKG11": 3.6785,
    "UKJ14": 4.3923,
    "UKJ25": 4.5648,
    "UKJ37": 4.1945,
    "UKJ11": 4.4394,
    "UKI72": 5.9537,
    "UKI73": 5.672,
    "UKI74": 5.2825,
    "UKJ13": 4.4543,
    "UKE11": 2.788,
    "UKH17": 4.2137,
    "UKI75": 5.3197,
    "UKD72": 3.0139,
    "UKD71": 2.8442,
    "UKD73": 3.136,
    "UKF21": 4.0546,
    "UKF25": 4.1537,
    "UKL12": 3.834,
    "UKL11": 3.8936,
    "UKE45": 2.9659,
    "UKH21": 4.8246,
    "UKD33": 3.6471,
    "UKD35": 3.7493,
    "UKD34": 4.081,
    "UKJ41": 4.7889,
    "UKJ12": 4.6774,
    "UKH24": 4.4579,
    "UKF14": 3.3507,
    "UKH15": 4.2783,
    "UKI32": 5.263,
    "UKI33": 5.5466,
    "UKH11": 3.7152,
    "UKK41": 3.7131,
    "UKJ31": 4.284,
    "UKJ35": 4.2065,
    "UKJ34": 4.1765,
    "UKE32": 3.6892,
    "UKL18": 3.1217,
    "UKL14": 3.4541,
    "UKI45": 6.9487,
    "UKK14": 3.6858,
    "UKJ32": 4.0348,
    "UKH31": 5.3638,
    "UKG23": 2.9954,
    "UKI34": 6.2669,
    "UKG21": 3.1075,
    "UKK42": 3.6901,
    "UKC12": 2.4441,
    "UKD61": 3.4011,
    "UKE21": 4.1701
  }
]
