[
  {
    "Date": "1996-01-01",
    "East of England": 1.0233,
    "West Midlands (England)": 1.0129,
    "South West (England)": 1.0278,
    "North West (England)": 0.9995,
    "Yorkshire and The Humber": 0.9971,
    "South East (England)": 1.0397,
    "London": 1.0562,
    "North East (England)": 1.002,
    "Wales": 1.0128,
    "East Midlands (England)": 1.0121
  },
  {
    "Date": "1997-01-01",
    "East of England": 1.1188,
    "West Midlands (England)": 1.0767,
    "South West (England)": 1.117,
    "North West (England)": 1.0361,
    "Yorkshire and The Humber": 1.0258,
    "South East (England)": 1.162,
    "London": 1.1976,
    "North East (England)": 1.034,
    "Wales": 1.0606,
    "East Midlands (England)": 1.0733
  },
  {
    "Date": "1998-01-01",
    "East of England": 1.2299,
    "West Midlands (England)": 1.1493,
    "South West (England)": 1.2213,
    "North West (England)": 1.0876,
    "Yorkshire and The Humber": 1.0703,
    "South East (England)": 1.2942,
    "London": 1.3461,
    "North East (England)": 1.0781,
    "Wales": 1.1185,
    "East Midlands (England)": 1.1426
  },
  {
    "Date": "1999-01-01",
    "East of England": 1.3499,
    "West Midlands (England)": 1.2355,
    "South West (England)": 1.3463,
    "North West (England)": 1.1522,
    "Yorkshire and The Humber": 1.1211,
    "South East (England)": 1.4323,
    "London": 1.5146,
    "North East (England)": 1.1235,
    "Wales": 1.1826,
    "East Midlands (England)": 1.2255
  },
  {
    "Date": "2000-01-01",
    "East of England": 1.5694,
    "West Midlands (England)": 1.3703,
    "South West (England)": 1.5605,
    "North West (England)": 1.2504,
    "Yorkshire and The Humber": 1.2079,
    "South East (England)": 1.682,
    "London": 1.7897,
    "North East (England)": 1.1893,
    "Wales": 1.2821,
    "East Midlands (England)": 1.3564
  },
  {
    "Date": "2001-01-01",
    "East of England": 1.7559,
    "West Midlands (England)": 1.5135,
    "South West (England)": 1.7458,
    "North West (England)": 1.3569,
    "Yorkshire and The Humber": 1.312,
    "South East (England)": 1.8682,
    "London": 1.9908,
    "North East (England)": 1.2745,
    "Wales": 1.3881,
    "East Midlands (England)": 1.5072
  },
  {
    "Date": "2002-01-01",
    "East of England": 2.0731,
    "West Midlands (England)": 1.7598,
    "South West (England)": 2.0723,
    "North West (England)": 1.5544,
    "Yorkshire and The Humber": 1.5362,
    "South East (England)": 2.1559,
    "London": 2.281,
    "North East (England)": 1.4776,
    "Wales": 1.5987,
    "East Midlands (England)": 1.7975
  },
  {
    "Date": "2003-01-01",
    "East of England": 2.4082,
    "West Midlands (England)": 2.1094,
    "South West (England)": 2.4239,
    "North West (England)": 1.8627,
    "Yorkshire and The Humber": 1.8838,
    "South East (England)": 2.4509,
    "London": 2.5329,
    "North East (England)": 1.8466,
    "Wales": 1.9454,
    "East Midlands (England)": 2.1895
  },
  {
    "Date": "2004-01-01",
    "East of England": 2.6489,
    "West Midlands (England)": 2.4104,
    "South West (England)": 2.7008,
    "North West (England)": 2.2402,
    "Yorkshire and The Humber": 2.2496,
    "South East (England)": 2.6663,
    "London": 2.7312,
    "North East (England)": 2.2616,
    "Wales": 2.3554,
    "East Midlands (England)": 2.4947
  },
  {
    "Date": "2005-01-01",
    "East of England": 2.7953,
    "West Midlands (England)": 2.5923,
    "South West (England)": 2.8598,
    "North West (England)": 2.466,
    "Yorkshire and The Humber": 2.471,
    "South East (England)": 2.7872,
    "London": 2.8506,
    "North East (England)": 2.4727,
    "Wales": 2.58,
    "East Midlands (England)": 2.6559
  },
  {
    "Date": "2006-01-01",
    "East of England": 2.9572,
    "West Midlands (England)": 2.732,
    "South West (England)": 3.0407,
    "North West (England)": 2.6208,
    "Yorkshire and The Humber": 2.633,
    "South East (England)": 2.944,
    "London": 3.0454,
    "North East (England)": 2.6031,
    "Wales": 2.7377,
    "East Midlands (England)": 2.7985
  },
  {
    "Date": "2007-01-01",
    "East of England": 3.1991,
    "West Midlands (England)": 2.8921,
    "South West (England)": 3.2824,
    "North West (England)": 2.7922,
    "Yorkshire and The Humber": 2.8167,
    "South East (England)": 3.2056,
    "London": 3.435,
    "North East (England)": 2.7619,
    "Wales": 2.9123,
    "East Midlands (England)": 2.9596
  },
  {
    "Date": "2008-01-01",
    "East of England": 3.1489,
    "West Midlands (England)": 2.8329,
    "South West (England)": 3.2017,
    "North West (England)": 2.7689,
    "Yorkshire and The Humber": 2.8009,
    "South East (England)": 3.1683,
    "London": 3.4948,
    "North East (England)": 2.7312,
    "Wales": 2.8695,
    "East Midlands (England)": 2.8767
  },
  {
    "Date": "2009-01-01",
    "East of England": 2.8875,
    "West Midlands (England)": 2.6087,
    "South West (England)": 2.9661,
    "North West (England)": 2.5645,
    "Yorkshire and The Humber": 2.5763,
    "South East (England)": 2.9149,
    "London": 3.2486,
    "North East (England)": 2.5264,
    "Wales": 2.6901,
    "East Midlands (England)": 2.6498
  },
  {
    "Date": "2010-01-01",
    "East of England": 3.0618,
    "West Midlands (England)": 2.7,
    "South West (England)": 3.128,
    "North West (England)": 2.6239,
    "Yorkshire and The Humber": 2.6395,
    "South East (England)": 3.1056,
    "London": 3.5067,
    "North East (England)": 2.5567,
    "Wales": 2.7617,
    "East Midlands (England)": 2.7495
  },
  {
    "Date": "2011-01-01",
    "East of England": 3.0467,
    "West Midlands (England)": 2.6582,
    "South West (England)": 3.0871,
    "North West (England)": 2.5689,
    "Yorkshire and The Humber": 2.5851,
    "South East (England)": 3.0923,
    "London": 3.591,
    "North East (England)": 2.4869,
    "Wales": 2.7154,
    "East Midlands (England)": 2.7127
  },
  {
    "Date": "2012-01-01",
    "East of England": 3.0921,
    "West Midlands (England)": 2.6646,
    "South West (England)": 3.114,
    "North West (England)": 2.5469,
    "Yorkshire and The Humber": 2.5647,
    "South East (England)": 3.1494,
    "London": 3.766,
    "North East (England)": 2.4566,
    "Wales": 2.7033,
    "East Midlands (England)": 2.7231
  },
  {
    "Date": "2013-01-01",
    "East of England": 3.1949,
    "West Midlands (England)": 2.7222,
    "South West (England)": 3.1892,
    "North West (England)": 2.5697,
    "Yorkshire and The Humber": 2.5895,
    "South East (England)": 3.2658,
    "London": 4.0508,
    "North East (England)": 2.4672,
    "Wales": 2.7351,
    "East Midlands (England)": 2.7832
  },
  {
    "Date": "2014-01-01",
    "East of England": 3.4693,
    "West Midlands (England)": 2.8533,
    "South West (England)": 3.3699,
    "North West (England)": 2.6724,
    "Yorkshire and The Humber": 2.697,
    "South East (England)": 3.5559,
    "London": 4.6366,
    "North East (England)": 2.54,
    "Wales": 2.8405,
    "East Midlands (England)": 2.951
  },
  {
    "Date": "2015-01-01",
    "East of England": 3.7683,
    "West Midlands (England)": 2.9795,
    "South West (England)": 3.5572,
    "North West (England)": 2.7652,
    "Yorkshire and The Humber": 2.7921,
    "South East (England)": 3.8577,
    "London": 5.0834,
    "North East (England)": 2.5905,
    "Wales": 2.9228,
    "East Midlands (England)": 3.094
  },
  {
    "Date": "2016-01-01",
    "East of England": 4.1405,
    "West Midlands (England)": 3.1366,
    "South West (England)": 3.7772,
    "North West (England)": 2.8807,
    "Yorkshire and The Humber": 2.897,
    "South East (England)": 4.2078,
    "London": 5.6001,
    "North East (England)": 2.6339,
    "Wales": 3.0379,
    "East Midlands (England)": 3.2735
  },
  {
    "Date": "2017-01-01",
    "East of England": 4.4269,
    "West Midlands (England)": 3.307,
    "South West (England)": 3.9708,
    "North West (England)": 3.0036,
    "Yorkshire and The Humber": 3.0019,
    "South East (England)": 4.4261,
    "London": 5.818,
    "North East (England)": 2.6796,
    "Wales": 3.145,
    "East Midlands (England)": 3.4637
  },
  {
    "Date": "2018-01-01",
    "East of England": 4.5692,
    "West Midlands (England)": 3.4666,
    "South West (England)": 4.1316,
    "North West (England)": 3.1244,
    "Yorkshire and The Humber": 3.1118,
    "South East (England)": 4.5219,
    "London": 5.8048,
    "North East (England)": 2.7209,
    "Wales": 3.2992,
    "East Midlands (England)": 3.6328
  },
  {
    "Date": "2019-01-01",
    "East of England": 4.5932,
    "West Midlands (England)": 3.5585,
    "South West (England)": 4.1852,
    "North West (England)": 3.2207,
    "Yorkshire and The Humber": 3.1981,
    "South East (England)": 4.5134,
    "London": 5.7273,
    "North East (England)": 2.7462,
    "Wales": 3.4133,
    "East Midlands (England)": 3.7306
  }
]
