Date,Bedfordshire and Hertfordshire,West Midlands,"Herefordshire, Worcestershire and Warwickshire",Shropshire and Staffordshire,"Gloucestershire, Wiltshire and Bath/Bristol area",Dorset and Somerset,Lancashire,West Yorkshire,Hampshire and Isle of Wight,Greater Manchester,"Surrey, East and West Sussex",Outer London - South,Cumbria,Northumberland and Tyne and Wear,East Anglia,East Wales,West Wales and The Valleys,Cheshire,Merseyside,Essex,Kent,Outer London - East and North East,Derbyshire and Nottinghamshire,Tees Valley and Durham,North Yorkshire,South Yorkshire,East Yorkshire and Northern Lincolnshire,Lincolnshire,Inner London - East,Outer London - West and North West,Devon,Cornwall and Isles of Scilly,"Berkshire, Buckinghamshire and Oxfordshire","Leicestershire, Rutland and Northamptonshire",Inner London - West
1996,1.0350218250695382,1.0089823466285777,1.0256672790010641,1.0084496573581672,1.0301493159266055,1.0281778162100366,0.9881469813863104,0.9967086311091184,1.0375505180910416,1.0058650874212096,1.0434724783570184,1.0453871087676858,1.0001491003450542,1.002656028854295,1.010147071755324,1.0119132452432247,1.0127321428340497,1.0069682907757487,0.9969617960502801,1.02298266913218,1.026201218398199,1.0411481676870187,1.00537398815534,0.997956093883193,1.0046758148552473,1.000311021924825,0.9891630337617628,1.0091556119181941,1.061027496348506,1.054824682204241,1.0154447356046616,1.0302098614923487,1.0410875573995304,1.0204119232854336,1.0743323945943002
1997,1.1599419671412396,1.0689426481040956,1.1080565428765803,1.062631790697988,1.119709791802802,1.1303554938253813,1.0193294051261226,1.0269146685377915,1.1518150498013184,1.0395410258139632,1.1730806134919316,1.1828756118947137,1.041812885809102,1.0443952862323254,1.085760896634743,1.0750005879481568,1.0520963099570855,1.0600200177602306,1.0268777606832085,1.122299066089214,1.127803307472267,1.1546933150863448,1.0543995932673649,1.018676561698595,1.05251689629239,1.0276436225305305,0.9976579340270886,1.0666644832058774,1.207666733181036,1.2074806885854956,1.0917375088646852,1.1175341473088007,1.1778477728652241,1.0962031562150636,1.2575713595887446
1998,1.2926250113450348,1.1380194116102296,1.1987837408321906,1.1196922559082703,1.230639027104432,1.2432833896770081,1.0588343651707126,1.0693786678251374,1.27204606170775,1.090248696095035,1.3149108687285982,1.3346560784904427,1.092554157453983,1.0984060863549436,1.1797107226182197,1.143980865565924,1.0999382451250928,1.1343622473296315,1.0694691760129185,1.2333375058967446,1.2423658568438487,1.2935463765498012,1.1125649171535488,1.0504611729052145,1.1144617868707374,1.0699283541210778,1.023983443280498,1.127741882546631,1.3643882807094296,1.3683123444696292,1.1715012610084177,1.2166621837237122,1.319198130968669,1.1819535389244125,1.4005392375826056
1999,1.4309765597215263,1.2185881763415973,1.307048427247948,1.1922348555736944,1.369152723975531,1.3728487538360445,1.103472679743682,1.1195971353540723,1.3989795734170891,1.1577740422044072,1.4591515181534063,1.5048054157131179,1.1549881607535535,1.1567244026350387,1.28791902162881,1.224271251011439,1.1512535650826494,1.2294385955753266,1.1239763138127168,1.3493303600990938,1.3645756460709413,1.4320421389665587,1.1820016947455503,1.0801668407772413,1.1862787881908667,1.1220887535259982,1.0485778404974813,1.197390849246596,1.5538004328695048,1.5439592841163077,1.270323398980968,1.3264816793572396,1.468798091467211,1.2813560049580288,1.5739768989298222
2000,1.677512957741205,1.3462520066531987,1.476581258732496,1.305900404491171,1.5999206196904343,1.5972436647559491,1.1723491645059718,1.2043955313082355,1.647782986929549,1.2603867580147596,1.719839292075732,1.797667273941923,1.2355146365770835,1.2283613280587593,1.4923857046617734,1.3513673696339172,1.2317851190114293,1.3656413057955605,1.2198237638535394,1.5688433611978314,1.588456000960207,1.6917160216132405,1.2872512709927864,1.1335676027146595,1.3269239224555602,1.2005973370072929,1.10364313663511,1.318064055250219,1.8566904866381544,1.823625386276685,1.4571628689000093,1.5103226118478368,1.7329830175210237,1.4463239877483902,1.8475023545820124
2001,1.851018991402515,1.4968547939083978,1.6291718110508924,1.4304632949395593,1.7795614925387553,1.774744402548441,1.2547828404655206,1.3061145008144042,1.8417796672253042,1.372085878138555,1.9099899286322426,1.9805966437531133,1.324664377084835,1.3335678889760465,1.6847173098118813,1.4875081482365573,1.3152580247420802,1.5110259061142917,1.327623278003464,1.764361526056636,1.7712219510996077,1.9112924019212505,1.4218642119237352,1.1976034214968396,1.494678091869826,1.2939899787387308,1.177903246637116,1.4789122135665878,2.0846256822199067,2.015340470882965,1.6636735974659993,1.6991218286146537,1.9113027863067307,1.611457167946568,2.0401796464757633
2002,2.159560656740028,1.7492843513447929,1.8914681262250794,1.6633632094555586,2.0900731036134306,2.108399464681761,1.4354527690738246,1.5180249783032933,2.1546914252206424,1.571193044195395,2.1986419540433633,2.2821750100780807,1.5118554613447588,1.5824497681920426,2.010255011845918,1.749046840554483,1.4962588630983804,1.7514918641844142,1.523711938805462,2.100328070945339,2.0730289819836245,2.2663145536107034,1.7147175667811467,1.3643856962682424,1.788047695511152,1.5145010935081338,1.3967948539375712,1.7837733443307249,2.3820030286703195,2.3147851462324063,2.02538651409207,2.1177867152203853,2.1876628223752226,1.9059351432946499,2.2761717300602458
2003,2.4942414635650065,2.115098322920351,2.243036565504221,2.017120337600146,2.4056268625122113,2.4936362576691105,1.7409897088273996,1.8638660994353717,2.4743002292828353,1.8760964022015443,2.4957838447092238,2.5828112166245587,1.8473008101152455,2.0091876948352083,2.33707068633707,2.121262131686133,1.8476746943682134,2.083899536138138,1.8577761929342986,2.471184107184594,2.4295466471536233,2.614754770977364,2.127669867143901,1.6991016910635313,2.159720482292383,1.8895012947679786,1.7465366899496022,2.216279987378066,2.616606497699931,2.5917565208707214,2.4217631319458697,2.613826668433923,2.4426447666961733,2.286491782972403,2.400694476030277
2004,2.7053623762129084,2.4130438653808186,2.5280247270157634,2.370934887827759,2.65357061456178,2.772383618392636,2.1382073825980927,2.219123750360969,2.6917666179832453,2.2477488304095736,2.7068894013719618,2.784160317161095,2.301576588303725,2.429451334827007,2.60970125626083,2.483060704840199,2.320706596691788,2.4241011850750804,2.339896787910868,2.7157129401981868,2.7017755399782097,2.8370192271797503,2.455711113679995,2.147309335225055,2.50224782670462,2.337347430891823,2.1418003236709784,2.5473530894451044,2.8206094216149338,2.7879152543809798,2.7603677213765043,3.0202989011767207,2.6316795730306786,2.5783942581694723,2.5852487806904456
2005,2.826494460382513,2.5954792337280406,2.695984968517264,2.5804471729839724,2.802653400211714,2.9173545933447738,2.377652467959968,2.4544691044493248,2.7974687467238972,2.496975507202978,2.82564885712632,2.8837219369341245,2.5470401406835754,2.6257191597471943,2.7664454479108103,2.696071125208895,2.5769911123720295,2.6203663282713157,2.587035602068279,2.865514187345961,2.852621773706028,2.979154468081209,2.6276782919105712,2.3991111411095387,2.7068103877306355,2.584255304190433,2.3544472074059715,2.7109861002010684,2.9570461645920356,2.8801229971975473,2.943706535881352,3.206929968063726,2.7380052994397897,2.73579300861326,2.684292921708988
2006,2.9704114976391196,2.7268263761643547,2.8342100277447004,2.730263888118388,2.983586523531252,3.0798940077462613,2.5552370662208177,2.6262755957981154,2.9388992321661624,2.6599467955827847,2.987412530641772,3.0412074956314905,2.743326408297713,2.759664136703537,2.950438111317306,2.8380389072716246,2.74854280787836,2.739655497222441,2.706586180030974,3.0098264553927816,3.0075078047169215,3.1276734209667403,2.764645065183692,2.5323497584514962,2.870731300922164,2.7528426424905237,2.506273760373936,2.859166283906864,3.2025088034791436,3.0438830836529407,3.117629393963897,3.393784912622268,2.8933509551699417,2.881266971347102,2.9494762403987456
2007,3.225095861971764,2.872412594663978,3.0010482630012483,2.901396704255251,3.2342461740707686,3.320574394492586,2.742309837100206,2.819434823978087,3.174152209536073,2.8381512386164864,3.285647929861196,3.3974421625004845,2.96523303021292,2.924330278772427,3.199870292186625,3.0073513813539665,2.9382021698803147,2.9002372104335783,2.8666745335910377,3.242926842620835,3.2375508420795387,3.437385827263675,2.896035042899372,2.690780729519341,3.077163884267422,2.9211445812093273,2.690539499141333,3.027969386898158,3.6704868095976524,3.4040094937991006,3.3498751125710187,3.655401117343248,3.164928807945118,3.0688989439812584,3.4882121004438336
2008,3.1902638475190055,2.8123114621787426,2.902752050540154,2.8604054059280926,3.121597142974742,3.234857172060898,2.715496338477058,2.7763517955544583,3.0991622312342075,2.795117130041591,3.260010494910394,3.4141936911907735,2.9696276667867427,2.8710201163806075,3.097981370347381,2.9317081836672103,2.8832027531175166,2.843940615382961,2.8318305300182325,3.2200886797221986,3.2140112891801165,3.4689541453593877,2.8076236064016635,2.6632204411243716,3.0182568251160715,2.9200162022469365,2.7086169393287274,2.9587061453614303,3.764587825751719,3.454723096585419,3.2848230695701375,3.5894143970723666,3.115882490075406,2.965951604431638,3.5568964609563287
2009,2.915486256029375,2.558511054695478,2.674360767999719,2.631200690123777,2.8671155258723786,2.968715594059113,2.5021732251736886,2.5210871634235206,2.8601527714922943,2.5432649503690548,2.9862183004117777,3.08735091919408,2.8257053919657857,2.6422569676938124,2.8403040277951366,2.7158557786052424,2.699121084474684,2.621145306231324,2.5555177192823884,2.92481425208625,2.9105238970717457,3.1401332453568065,2.5967077328076447,2.4311221679665103,2.80736049198131,2.659562462531369,2.466985751441315,2.7070001954113563,3.504665060930688,3.179118574043173,3.050064996020702,3.3563507472768452,2.8739593319944126,2.7015150934407686,3.3917828213419003
2010,3.1213189649883293,2.652922927917137,2.7885679394056515,2.6976894434175556,3.034384866553002,3.138000783614932,2.5361439226855547,2.5675679427126146,3.0363397105084777,2.6002842746452095,3.211404623859417,3.324548550882516,2.9009959880254326,2.674363646722897,2.9998910183903225,2.800767384561069,2.7532222372571638,2.7037590245525673,2.5938996463255113,3.096498940135692,3.0699758695774872,3.3419352333279453,2.67933940255524,2.4471378697259603,2.916035142772251,2.694431011745864,2.5225378006944306,2.7763142689678233,3.7820758872610893,3.455320383031199,3.206236809038971,3.4848244267798987,3.062894566658594,2.826297687594812,3.7308028566381983
2011,3.122024469113818,2.5901344339082337,2.7655408323021557,2.6515796445825712,2.9957106433508693,3.088836238859981,2.4636329753736197,2.5019278708486343,3.019773195127502,2.545372198681601,3.2039844258007113,3.345815406478175,2.858270412485257,2.6094744777839725,2.9736220708135837,2.7636175444235174,2.690204230449741,2.6650037016809605,2.5242511886027312,3.0768380623931453,3.0253826816383094,3.357112679325506,2.6349962866049976,2.3633475909332144,2.8676146429796594,2.633834322612526,2.4594955230093833,2.7334340980424114,3.897737022859951,3.5254370654866305,3.153840188623723,3.447953133696599,3.056668836180092,2.7902804559437913,3.90970969556138
2012,3.175865078877917,2.5878225427772708,2.792970838720921,2.6410131081863444,3.0357377078702448,3.099902346649057,2.411558120508263,2.4660654792018524,3.0499593248456778,2.534929970434893,3.274060311508626,3.4688947248406414,2.8194712937971746,2.5756643866823397,3.0090680018536635,2.7620047022406826,2.6611840381559477,2.658079831272963,2.482577550156538,3.1131488431621928,3.0590819097198123,3.4404131034164167,2.6371218858974586,2.3167629539405006,2.8692355632667166,2.608402764997891,2.4372768005398364,2.7293266690349727,4.131028887133763,3.679370010033443,3.1682986038478393,3.4391772236457023,3.1230441959170627,2.8103399273834455,4.213949961032825
2013,3.298551761904735,2.6358160660865617,2.8591166019005834,2.6853199207174354,3.123898395513756,3.165537688529058,2.4214850020415497,2.4738178652765836,3.124006306165464,2.5664068765115617,3.409179309884394,3.7199726035015845,2.826014381372386,2.59294395880514,3.1017993524781744,2.8045969220279807,2.6775311904458574,2.688939357443193,2.48304799649153,3.206496604876589,3.1697517495673813,3.6442905013970437,2.6923622738419413,2.31746788261487,2.9114662977302195,2.637154223163981,2.451802452049158,2.786975919800485,4.506582552970492,3.926418166370883,3.220576157841972,3.475608211501942,3.2471229564108337,2.875309812216016,4.647778176319581
2014,3.640543249881733,2.7668820451603295,3.023645945049171,2.7995400792488425,3.3549794874982206,3.338056059770568,2.4916415012674307,2.579047742632051,3.3605561075692854,2.688675881603945,3.7381461186572467,4.306246723576865,2.8866797819327967,2.6829924906512006,3.338187261498357,2.9288972400541153,2.775423158472146,2.824365725634509,2.5841583826705072,3.4861812917770325,3.4708392512204034,4.176068759654491,2.8359811294830624,2.3621840560236973,3.0548156500637558,2.7413663064214338,2.5448817224913967,2.954030569605582,5.324417717063649,4.476129540437778,3.3680213296559174,3.589952937957506,3.567544974875788,3.0793141006342566,5.415131789849021
2015,4.038586520856137,2.901277761052766,3.1669517166235575,2.9050022635201094,3.5965265163517484,3.4959837375883467,2.5451342196366777,2.6699602935296585,3.6042770776992064,2.81446791554634,4.051546770859691,4.743819269010898,2.9434974376708922,2.746953654276911,3.5633617598733847,3.0331304113914945,2.8342113144886296,2.9304998230640695,2.6587365627420922,3.8103591925597153,3.7737185380861478,4.674206569800939,2.959128987938526,2.390167977779602,3.180331871979052,2.8284721971335687,2.6265262303972583,3.0926579293972285,5.820326620099048,4.92561649238248,3.4844156739837424,3.7236707265105973,3.9081261748030234,3.253721153253742,5.681964307843309
2016,4.523709736567492,3.0807832517393097,3.3281820541348677,3.0203775211843333,3.905337324056037,3.6820865318845795,2.5977058216951354,2.769993261910576,3.873829897844046,2.978251242938876,4.400540917929552,5.266620836978806,3.01145101643025,2.8008453733213474,3.8305696045301008,3.1522063083990903,2.9340763682632756,3.0524069871916604,2.747099811404543,4.25333425388393,4.167622242891997,5.305499678155742,3.1041441317357896,2.4130735047625733,3.299894929398928,2.930301660483732,2.7169781615002147,3.238032933828402,6.369935411528333,5.390150911414845,3.6162857337321777,3.8504791705208037,4.306043587770151,3.489020366202154,5.934958120764753
2017,4.789682073921398,3.276881042493822,3.4982923237900634,3.143275657387993,4.128312336161196,3.8593469643807277,2.6711308092432735,2.8709354899181596,4.067094088760747,3.1462336671626594,4.574057861346848,5.4571165668676915,3.0877498122444194,2.8527880547125566,4.0649531536541454,3.279971590590019,3.0272635255794254,3.1772489246999887,2.8512387782535646,4.559905119920817,4.437314637035516,5.572130585618102,3.2501787606642387,2.435056978901863,3.410756690660679,3.0253629841118097,2.8229984373362718,3.4098386818789526,6.526218231151742,5.524881003033146,3.7571081407797173,3.9910909472651266,4.467553379554947,3.7250536387199533,5.8711869004907715
2018,4.854555734360641,3.453592605886585,3.64509636163757,3.2606066627197157,4.262776150051511,4.008083823867983,2.7394489018188146,2.9696071136939954,4.155552485039891,3.309037880220036,4.643745139402925,5.419449280266945,3.1439686092268286,2.903535379273413,4.215273391462119,3.445215522238157,3.1654367784719817,3.2786654905953605,2.956851831250857,4.6844777914088676,4.580413565305005,5.649326962190838,3.405275892499711,2.4566298623367993,3.5136058700806156,3.1401827220976872,2.913229435810823,3.552783878454314,6.455421152647028,5.463286432082182,3.8843947983654417,4.156217101439261,4.488769764973679,3.8997222071392534,5.7398727342526765
2019,4.807895597161659,3.5715997611217483,3.7154792194631026,3.3511335127619146,4.3092950645060695,4.0576757297594135,2.8030635813889435,3.0605684436524454,4.167924498658063,3.4545919564315675,4.628684538009757,5.366807376284912,3.209085542990727,2.9375973355905223,4.268095683949165,3.5573249999958003,3.306218510108538,3.3693419885156075,3.0566456353804208,4.711794573000533,4.615884083220835,5.621822523340146,3.5244418697936966,2.4843003303992406,3.591667594499829,3.247694917424433,3.0004824535881207,3.646958614856259,6.410570667918517,5.384324458133311,3.9529658466460247,4.278640813699258,4.415783729274173,3.9878446211094136,5.668509751954998
2020,4.9065360852878,3.713219841097854,3.8371419032818985,3.487061815810152,4.456773726902321,4.1956223459282596,2.8994825842728167,3.20063234398293,4.270279869781196,3.6530670124870266,4.756511356952053,5.538405097995397,3.313574375794414,3.039834277091546,4.383697257839596,3.70978928540543,3.483997368905279,3.509662591961369,3.2006259727211708,4.818859521308108,4.742929085844473,5.801684071655798,3.7002690334169444,2.5600498812723735,3.721450673055583,3.3986329332046292,3.1070764242733055,3.7715692012879263,6.637127845303571,5.549490886466127,4.0983296432789995,4.473931828025129,4.493533001142927,4.121102131580021,5.8652035269675045
2021,5.16679117357374,3.9540292084750046,4.069455131535747,3.7407643881770904,4.720850509704229,4.464770756199247,3.1302034368768807,3.4456979299332153,4.523998362417252,3.9680306017057974,5.035208037831714,5.7662430878154325,3.525914152142825,3.2208757641229413,4.6735836365707755,4.001923703076558,3.8345851855124344,3.7593346924467324,3.4875914210768415,5.098534422460363,5.05630837247204,6.072535136392305,3.9712643463978154,2.7370329377729146,3.970300372231214,3.6845329377638922,3.3120788526836122,4.04850783462072,6.7233840372734095,5.721897460988677,4.427928722248269,4.92521494417271,4.712851822044004,4.417430881753136,5.893045626332019
2022,5.55861198004325,4.302389690993624,4.447315284010484,4.124477278688884,5.202823010721584,4.935739949067757,3.416865767066878,3.7642510429260323,4.917062161181929,4.380696800746371,5.462052101179378,6.088203247611405,3.8215242891982095,3.475475924991982,5.144447307956266,4.411557118925021,4.289881328596223,4.12674281390972,3.816773889022741,5.537051949938558,5.543198653173577,6.423620231010952,4.401317927062963,2.9748662464242175,4.361255662555626,4.059620542165772,3.6208547383237324,4.467402747846362,6.974244038383563,5.956852357317516,4.947144958335307,5.514328629368839,5.079030994449905,4.893659211949698,6.082352220991164
2023,5.565105597097563,4.40028377227174,4.517015044484438,4.220025086629316,5.278621820394651,4.963335023173878,3.4950580318733366,3.8503419586019203,4.954289386628727,4.500193378364128,5.455669457648594,6.070518490650819,3.895409162416855,3.564270839152373,5.150453289389484,4.515775970928968,4.36414957263942,4.227609344486577,3.9260624947626384,5.508519736662338,5.550906056456502,6.423599204509201,4.511096604703211,3.0313677566546375,4.415573391135215,4.149159390303778,3.6609567779082686,4.502255446306582,6.909354735616531,5.943412370252119,4.977402309697532,5.589338973771458,5.11182436954656,4.919282240098458,5.980303237391723
2024,5.571608158067992,4.4707367591238265,4.565109769806425,4.30772155263224,5.313683747668113,4.944003451911492,3.578937020298237,3.977960744345968,4.939758191507618,4.663844029975045,5.433906612864016,6.101780932459155,3.990424831114786,3.6493386742584404,5.114019917283314,4.574185277295244,4.471617469577614,4.321698626864559,4.030138978760434,5.501218117923167,5.501924992453196,6.4859526910967,4.5848515597683335,3.0860693405628328,4.482264224488922,4.284958036792099,3.693383804837059,4.511513038169688,7.020479248277286,6.011821359869389,4.974203611563741,5.58359642160306,5.1484236972190764,4.920388441677935,6.101029358088701
2025,5.681524331568678,4.609711753957364,4.674962028248623,4.436026246722245,5.414423114490457,4.953585608404271,3.703827109202348,4.1366060040988994,4.99768876086164,4.834310081555341,5.480713389930087,6.198839236268072,4.122754560326961,3.78644060443215,5.150402925692178,4.706439983707332,4.593714375670203,4.459391436365833,4.225329339339129,5.602190420731267,5.558382947823737,6.6151065435534004,4.689091616417563,3.1964824651637116,4.555339262809931,4.402043193582792,3.7482456374299065,4.568904635921488,7.087333461100378,6.005962329587167,4.968797205597887,5.530458484518796,5.247270274185965,5.002210657604222,6.062269500887553
2026,5.752088255205001,4.647793190360075,4.694575181890217,4.435825453428951,5.4262918412484185,4.929776317648938,3.8173672158242926,4.160801762634952,4.988889130560077,4.870256328261938,5.420892038438553,6.142800318628634,4.184480797759246,3.821385763743566,5.145040934640132,4.698681298637266,4.641077005899263,4.508306795012396,4.294279933457678,5.588148970357477,5.550040994752228,6.61009973666356,4.72708791473779,3.1962787064037204,4.484572556382223,4.5235305870305895,3.7908977100167838,4.55437931791443,7.026236586496978,6.075947123102016,4.945860398179179,5.454121884806317,5.218086904199874,5.038150095021419,5.873515305298558
