[
  {
    "Date": "1995-04-01",
    "England and Wales": 1.0055
  },
  {
    "Date": "1995-07-01",
    "England and Wales": 1.0009
  },
  {
    "Date": "1995-10-01",
    "England and Wales": 1.0103
  },
  {
    "Date": "1996-01-01",
    "England and Wales": 1.0093
  },
  {
    "Date": "1996-04-01",
    "England and Wales": 1.0199
  },
  {
    "Date": "1996-07-01",
    "England and Wales": 1.028
  },
  {
    "Date": "1996-10-01",
    "England and Wales": 1.048
  },
  {
    "Date": "1997-01-01",
    "England and Wales": 1.0646
  },
  {
    "Date": "1997-04-01",
    "England and Wales": 1.0903
  },
  {
    "Date": "1997-07-01",
    "England and Wales": 1.1143
  },
  {
    "Date": "1997-10-01",
    "England and Wales": 1.1422
  },
  {
    "Date": "1998-01-01",
    "England and Wales": 1.1615
  },
  {
    "Date": "1998-04-01",
    "England and Wales": 1.1877
  },
  {
    "Date": "1998-07-01",
    "England and Wales": 1.2093
  },
  {
    "Date": "1998-10-01",
    "England and Wales": 1.2307
  },
  {
    "Date": "1999-01-01",
    "England and Wales": 1.2436
  },
  {
    "Date": "1999-04-01",
    "England and Wales": 1.2758
  },
  {
    "Date": "1999-07-01",
    "England and Wales": 1.3143
  },
  {
    "Date": "1999-10-01",
    "England and Wales": 1.3628
  },
  {
    "Date": "2000-01-01",
    "England and Wales": 1.4052
  },
  {
    "Date": "2000-04-01",
    "England and Wales": 1.4576
  },
  {
    "Date": "2000-07-01",
    "England and Wales": 1.4953
  },
  {
    "Date": "2000-10-01",
    "England and Wales": 1.5211
  },
  {
    "Date": "2001-01-01",
    "England and Wales": 1.5493
  },
  {
    "Date": "2001-04-01",
    "England and Wales": 1.6039
  },
  {
    "Date": "2001-07-01",
    "England and Wales": 1.6575
  },
  {
    "Date": "2001-10-01",
    "England and Wales": 1.7033
  },
  {
    "Date": "2002-01-01",
    "England and Wales": 1.7463
  },
  {
    "Date": "2002-04-01",
    "England and Wales": 1.8391
  },
  {
    "Date": "2002-07-01",
    "England and Wales": 1.947
  },
  {
    "Date": "2002-10-01",
    "England and Wales": 2.0418
  },
  {
    "Date": "2003-01-01",
    "England and Wales": 2.1076
  },
  {
    "Date": "2003-04-01",
    "England and Wales": 2.1796
  },
  {
    "Date": "2003-07-01",
    "England and Wales": 2.2373
  },
  {
    "Date": "2003-10-01",
    "England and Wales": 2.3052
  },
  {
    "Date": "2004-01-01",
    "England and Wales": 2.3622
  },
  {
    "Date": "2004-04-01",
    "England and Wales": 2.4695
  },
  {
    "Date": "2004-07-01",
    "England and Wales": 2.5546
  },
  {
    "Date": "2004-10-01",
    "England and Wales": 2.6026
  },
  {
    "Date": "2005-01-01",
    "England and Wales": 2.5999
  },
  {
    "Date": "2005-04-01",
    "England and Wales": 2.6471
  },
  {
    "Date": "2005-07-01",
    "England and Wales": 2.6684
  },
  {
    "Date": "2005-10-01",
    "England and Wales": 2.7008
  },
  {
    "Date": "2006-01-01",
    "England and Wales": 2.7257
  },
  {
    "Date": "2006-04-01",
    "England and Wales": 2.795
  },
  {
    "Date": "2006-07-01",
    "England and Wales": 2.8423
  },
  {
    "Date": "2006-10-01",
    "England and Wales": 2.9125
  },
  {
    "Date": "2007-01-01",
    "England and Wales": 2.9553
  },
  {
    "Date": "2007-04-01",
    "England and Wales": 3.0378
  },
  {
    "Date": "2007-07-01",
    "England and Wales": 3.0908
  },
  {
    "Date": "2007-10-01",
    "England and Wales": 3.1221
  },
  {
    "Date": "2008-01-01",
    "England and Wales": 3.0914
  },
  {
    "Date": "2008-04-01",
    "England and Wales": 3.0848
  },
  {
    "Date": "2008-07-01",
    "England and Wales": 2.9837
  },
  {
    "Date": "2008-10-01",
    "England and Wales": 2.8383
  },
  {
    "Date": "2009-01-01",
    "England and Wales": 2.7271
  },
  {
    "Date": "2009-04-01",
    "England and Wales": 2.7308
  },
  {
    "Date": "2009-07-01",
    "England and Wales": 2.7898
  },
  {
    "Date": "2009-10-01",
    "England and Wales": 2.855
  },
  {
    "Date": "2010-01-01",
    "England and Wales": 2.8884
  },
  {
    "Date": "2010-04-01",
    "England and Wales": 2.9298
  },
  {
    "Date": "2010-07-01",
    "England and Wales": 2.9529
  },
  {
    "Date": "2010-10-01",
    "England and Wales": 2.9266
  },
  {
    "Date": "2011-01-01",
    "England and Wales": 2.8897
  },
  {
    "Date": "2011-04-01",
    "England and Wales": 2.9025
  },
  {
    "Date": "2011-07-01",
    "England and Wales": 2.9172
  },
  {
    "Date": "2011-10-01",
    "England and Wales": 2.907
  },
  {
    "Date": "2012-01-01",
    "England and Wales": 2.8952
  },
  {
    "Date": "2012-04-01",
    "England and Wales": 2.9393
  },
  {
    "Date": "2012-07-01",
    "England and Wales": 2.9555
  },
  {
    "Date": "2012-10-01",
    "England and Wales": 2.95
  },
  {
    "Date": "2013-01-01",
    "England and Wales": 2.9491
  },
  {
    "Date": "2013-04-01",
    "England and Wales": 2.9915
  },
  {
    "Date": "2013-07-01",
    "England and Wales": 3.0391
  },
  {
    "Date": "2013-10-01",
    "England and Wales": 3.0781
  },
  {
    "Date": "2014-01-01",
    "England and Wales": 3.1176
  },
  {
    "Date": "2014-04-01",
    "England and Wales": 3.1984
  },
  {
    "Date": "2014-07-01",
    "England and Wales": 3.2792
  },
  {
    "Date": "2014-10-01",
    "England and Wales": 3.3018
  },
  {
    "Date": "2015-01-01",
    "England and Wales": 3.3221
  },
  {
    "Date": "2015-04-01",
    "England and Wales": 3.375
  },
  {
    "Date": "2015-07-01",
    "England and Wales": 3.454
  },
  {
    "Date": "2015-10-01",
    "England and Wales": 3.4962
  },
  {
    "Date": "2016-01-01",
    "England and Wales": 3.5539
  },
  {
    "Date": "2016-04-01",
    "England and Wales": 3.6108
  },
  {
    "Date": "2016-07-01",
    "England and Wales": 3.6782
  },
  {
    "Date": "2016-10-01",
    "England and Wales": 3.6809
  },
  {
    "Date": "2017-01-01",
    "England and Wales": 3.7122
  },
  {
    "Date": "2017-04-01",
    "England and Wales": 3.7678
  },
  {
    "Date": "2017-07-01",
    "England and Wales": 3.8406
  },
  {
    "Date": "2017-10-01",
    "England and Wales": 3.8482
  },
  {
    "Date": "2018-01-01",
    "England and Wales": 3.861
  },
  {
    "Date": "2018-04-01",
    "England and Wales": 3.8952
  },
  {
    "Date": "2018-07-01",
    "England and Wales": 3.9579
  },
  {
    "Date": "2018-10-01",
    "England and Wales": 3.9463
  },
  {
    "Date": "2019-01-01",
    "England and Wales": 3.9224
  },
  {
    "Date": "2019-04-01",
    "England and Wales": 3.9513
  },
  {
    "Date": "2019-07-01",
    "England and Wales": 4.0146
  },
  {
    "Date": "2019-10-01",
    "England and Wales": 4.0277
  }
]
