[
  {
    "Date": "1995-04-01",
    "England": 1.0058,
    "Wales": 1.0006
  },
  {
    "Date": "1995-07-01",
    "England": 1.0009,
    "Wales": 0.9963
  },
  {
    "Date": "1995-10-01",
    "England": 1.0106,
    "Wales": 0.9956
  },
  {
    "Date": "1996-01-01",
    "England": 1.0096,
    "Wales": 0.9949
  },
  {
    "Date": "1996-04-01",
    "England": 1.0203,
    "Wales": 1.0051
  },
  {
    "Date": "1996-07-01",
    "England": 1.0282,
    "Wales": 1.0149
  },
  {
    "Date": "1996-10-01",
    "England": 1.0487,
    "Wales": 1.023
  },
  {
    "Date": "1997-01-01",
    "England": 1.0655,
    "Wales": 1.0324
  },
  {
    "Date": "1997-04-01",
    "England": 1.0917,
    "Wales": 1.0518
  },
  {
    "Date": "1997-07-01",
    "England": 1.1162,
    "Wales": 1.0636
  },
  {
    "Date": "1997-10-01",
    "England": 1.1445,
    "Wales": 1.0807
  },
  {
    "Date": "1998-01-01",
    "England": 1.1643,
    "Wales": 1.0897
  },
  {
    "Date": "1998-04-01",
    "England": 1.1909,
    "Wales": 1.1086
  },
  {
    "Date": "1998-07-01",
    "England": 1.2129,
    "Wales": 1.1185
  },
  {
    "Date": "1998-10-01",
    "England": 1.2343,
    "Wales": 1.138
  },
  {
    "Date": "1999-01-01",
    "England": 1.2475,
    "Wales": 1.1408
  },
  {
    "Date": "1999-04-01",
    "England": 1.2802,
    "Wales": 1.1627
  },
  {
    "Date": "1999-07-01",
    "England": 1.3195,
    "Wales": 1.1843
  },
  {
    "Date": "1999-10-01",
    "England": 1.3691,
    "Wales": 1.2146
  },
  {
    "Date": "2000-01-01",
    "England": 1.4125,
    "Wales": 1.2356
  },
  {
    "Date": "2000-04-01",
    "England": 1.4661,
    "Wales": 1.2682
  },
  {
    "Date": "2000-07-01",
    "England": 1.5049,
    "Wales": 1.2906
  },
  {
    "Date": "2000-10-01",
    "England": 1.5306,
    "Wales": 1.3113
  },
  {
    "Date": "2001-01-01",
    "England": 1.5593,
    "Wales": 1.322
  },
  {
    "Date": "2001-04-01",
    "England": 1.6144,
    "Wales": 1.3624
  },
  {
    "Date": "2001-07-01",
    "England": 1.6688,
    "Wales": 1.4044
  },
  {
    "Date": "2001-10-01",
    "England": 1.7157,
    "Wales": 1.4322
  },
  {
    "Date": "2002-01-01",
    "England": 1.7591,
    "Wales": 1.4695
  },
  {
    "Date": "2002-04-01",
    "England": 1.8523,
    "Wales": 1.5437
  },
  {
    "Date": "2002-07-01",
    "England": 1.9606,
    "Wales": 1.642
  },
  {
    "Date": "2002-10-01",
    "England": 2.0564,
    "Wales": 1.724
  },
  {
    "Date": "2003-01-01",
    "England": 2.1221,
    "Wales": 1.7932
  },
  {
    "Date": "2003-04-01",
    "England": 2.1934,
    "Wales": 1.892
  },
  {
    "Date": "2003-07-01",
    "England": 2.2491,
    "Wales": 1.9822
  },
  {
    "Date": "2003-10-01",
    "England": 2.3158,
    "Wales": 2.0833
  },
  {
    "Date": "2004-01-01",
    "England": 2.3713,
    "Wales": 2.1785
  },
  {
    "Date": "2004-04-01",
    "England": 2.4775,
    "Wales": 2.3263
  },
  {
    "Date": "2004-07-01",
    "England": 2.5612,
    "Wales": 2.457
  },
  {
    "Date": "2004-10-01",
    "England": 2.609,
    "Wales": 2.5168
  },
  {
    "Date": "2005-01-01",
    "England": 2.6056,
    "Wales": 2.5266
  },
  {
    "Date": "2005-04-01",
    "England": 2.653,
    "Wales": 2.5701
  },
  {
    "Date": "2005-07-01",
    "England": 2.6736,
    "Wales": 2.6153
  },
  {
    "Date": "2005-10-01",
    "England": 2.7064,
    "Wales": 2.6264
  },
  {
    "Date": "2006-01-01",
    "England": 2.7312,
    "Wales": 2.6526
  },
  {
    "Date": "2006-04-01",
    "England": 2.8006,
    "Wales": 2.7156
  },
  {
    "Date": "2006-07-01",
    "England": 2.8477,
    "Wales": 2.7659
  },
  {
    "Date": "2006-10-01",
    "England": 2.9181,
    "Wales": 2.8212
  },
  {
    "Date": "2007-01-01",
    "England": 2.9621,
    "Wales": 2.8451
  },
  {
    "Date": "2007-04-01",
    "England": 3.0455,
    "Wales": 2.8998
  },
  {
    "Date": "2007-07-01",
    "England": 3.0989,
    "Wales": 2.9483
  },
  {
    "Date": "2007-10-01",
    "England": 3.1298,
    "Wales": 2.9789
  },
  {
    "Date": "2008-01-01",
    "England": 3.0996,
    "Wales": 2.9347
  },
  {
    "Date": "2008-04-01",
    "England": 3.0932,
    "Wales": 2.9147
  },
  {
    "Date": "2008-07-01",
    "England": 2.9908,
    "Wales": 2.8429
  },
  {
    "Date": "2008-10-01",
    "England": 2.8414,
    "Wales": 2.7608
  },
  {
    "Date": "2009-01-01",
    "England": 2.7312,
    "Wales": 2.6368
  },
  {
    "Date": "2009-04-01",
    "England": 2.7347,
    "Wales": 2.6519
  },
  {
    "Date": "2009-07-01",
    "England": 2.7943,
    "Wales": 2.7073
  },
  {
    "Date": "2009-10-01",
    "England": 2.8613,
    "Wales": 2.732
  },
  {
    "Date": "2010-01-01",
    "England": 2.8964,
    "Wales": 2.7341
  },
  {
    "Date": "2010-04-01",
    "England": 2.9371,
    "Wales": 2.7758
  },
  {
    "Date": "2010-07-01",
    "England": 2.9613,
    "Wales": 2.7901
  },
  {
    "Date": "2010-10-01",
    "England": 2.9349,
    "Wales": 2.7488
  },
  {
    "Date": "2011-01-01",
    "England": 2.8978,
    "Wales": 2.7206
  },
  {
    "Date": "2011-04-01",
    "England": 2.9111,
    "Wales": 2.7215
  },
  {
    "Date": "2011-07-01",
    "England": 2.9264,
    "Wales": 2.7246
  },
  {
    "Date": "2011-10-01",
    "England": 2.9166,
    "Wales": 2.7022
  },
  {
    "Date": "2012-01-01",
    "England": 2.9055,
    "Wales": 2.6866
  },
  {
    "Date": "2012-04-01",
    "England": 2.9497,
    "Wales": 2.7172
  },
  {
    "Date": "2012-07-01",
    "England": 2.967,
    "Wales": 2.7152
  },
  {
    "Date": "2012-10-01",
    "England": 2.9617,
    "Wales": 2.7036
  },
  {
    "Date": "2013-01-01",
    "England": 2.9611,
    "Wales": 2.7003
  },
  {
    "Date": "2013-04-01",
    "England": 3.0044,
    "Wales": 2.7212
  },
  {
    "Date": "2013-07-01",
    "England": 3.0536,
    "Wales": 2.7354
  },
  {
    "Date": "2013-10-01",
    "England": 3.0929,
    "Wales": 2.7721
  },
  {
    "Date": "2014-01-01",
    "England": 3.1334,
    "Wales": 2.7862
  },
  {
    "Date": "2014-04-01",
    "England": 3.2165,
    "Wales": 2.8285
  },
  {
    "Date": "2014-07-01",
    "England": 3.2993,
    "Wales": 2.867
  },
  {
    "Date": "2014-10-01",
    "England": 3.3226,
    "Wales": 2.8771
  },
  {
    "Date": "2015-01-01",
    "England": 3.3437,
    "Wales": 2.8822
  },
  {
    "Date": "2015-04-01",
    "England": 3.3982,
    "Wales": 2.9095
  },
  {
    "Date": "2015-07-01",
    "England": 3.4802,
    "Wales": 2.9292
  },
  {
    "Date": "2015-10-01",
    "England": 3.5231,
    "Wales": 2.9674
  },
  {
    "Date": "2016-01-01",
    "England": 3.5824,
    "Wales": 2.9838
  },
  {
    "Date": "2016-04-01",
    "England": 3.6413,
    "Wales": 3.0259
  },
  {
    "Date": "2016-07-01",
    "England": 3.7104,
    "Wales": 3.0638
  },
  {
    "Date": "2016-10-01",
    "England": 3.7136,
    "Wales": 3.0798
  },
  {
    "Date": "2017-01-01",
    "England": 3.7462,
    "Wales": 3.0751
  },
  {
    "Date": "2017-04-01",
    "England": 3.8044,
    "Wales": 3.1115
  },
  {
    "Date": "2017-07-01",
    "England": 3.8765,
    "Wales": 3.1801
  },
  {
    "Date": "2017-10-01",
    "England": 3.8843,
    "Wales": 3.2054
  },
  {
    "Date": "2018-01-01",
    "England": 3.8953,
    "Wales": 3.2293
  },
  {
    "Date": "2018-04-01",
    "England": 3.9302,
    "Wales": 3.2606
  },
  {
    "Date": "2018-07-01",
    "England": 3.9918,
    "Wales": 3.3367
  },
  {
    "Date": "2018-10-01",
    "England": 3.9787,
    "Wales": 3.3578
  },
  {
    "Date": "2019-01-01",
    "England": 3.9531,
    "Wales": 3.3574
  },
  {
    "Date": "2019-04-01",
    "England": 3.9812,
    "Wales": 3.4001
  },
  {
    "Date": "2019-07-01",
    "England": 4.044,
    "Wales": 3.4609
  },
  {
    "Date": "2019-10-01",
    "England": 4.0579,
    "Wales": 3.4742
  }
]
