[
  {
    "Date": "1995-04-01",
    "East of England": 1.0048,
    "West Midlands (England)": 1.0001,
    "South West (England)": 1.0053,
    "North West (England)": 1.0028,
    "Yorkshire and The Humber": 1.0005,
    "South East (England)": 1.0058,
    "London": 1.0149,
    "North East (England)": 1.005,
    "Wales": 1.0006,
    "East Midlands (England)": 1.0042
  },
  {
    "Date": "1995-07-01",
    "East of England": 1.0026,
    "West Midlands (England)": 0.9926,
    "South West (England)": 0.9997,
    "North West (England)": 0.9922,
    "Yorkshire and The Humber": 0.9941,
    "South East (England)": 1.0052,
    "London": 1.0183,
    "North East (England)": 0.9935,
    "Wales": 0.9963,
    "East Midlands (England)": 0.9994
  },
  {
    "Date": "1995-10-01",
    "East of England": 1.0072,
    "West Midlands (England)": 1.004,
    "South West (England)": 1.0016,
    "North West (England)": 0.9918,
    "Yorkshire and The Humber": 0.9973,
    "South East (England)": 1.0119,
    "London": 1.0297,
    "North East (England)": 1.0009,
    "Wales": 0.9956,
    "East Midlands (England)": 0.998
  },
  {
    "Date": "1996-01-01",
    "East of England": 1.0018,
    "West Midlands (England)": 0.9957,
    "South West (England)": 1.006,
    "North West (England)": 0.9925,
    "Yorkshire and The Humber": 0.9882,
    "South East (England)": 1.0182,
    "London": 1.0405,
    "North East (England)": 0.991,
    "Wales": 0.9949,
    "East Midlands (England)": 0.9994
  },
  {
    "Date": "1996-04-01",
    "East of England": 1.0141,
    "West Midlands (England)": 1.0043,
    "South West (England)": 1.0199,
    "North West (England)": 0.9928,
    "Yorkshire and The Humber": 0.9934,
    "South East (England)": 1.0295,
    "London": 1.0595,
    "North East (England)": 1.0067,
    "Wales": 1.0051,
    "East Midlands (England)": 1.0058
  },
  {
    "Date": "1996-07-01",
    "East of England": 1.0273,
    "West Midlands (England)": 1.0101,
    "South West (England)": 1.0307,
    "North West (England)": 0.991,
    "Yorkshire and The Humber": 0.9893,
    "South East (England)": 1.0478,
    "London": 1.0784,
    "North East (England)": 0.9986,
    "Wales": 1.0149,
    "East Midlands (England)": 1.0145
  },
  {
    "Date": "1996-10-01",
    "East of England": 1.0498,
    "West Midlands (England)": 1.0279,
    "South West (England)": 1.0497,
    "North West (England)": 1.004,
    "Yorkshire and The Humber": 1.0046,
    "South East (England)": 1.0732,
    "London": 1.1057,
    "North East (England)": 1.0113,
    "Wales": 1.023,
    "East Midlands (England)": 1.0276
  },
  {
    "Date": "1997-01-01",
    "East of England": 1.0685,
    "West Midlands (England)": 1.0403,
    "South West (England)": 1.0711,
    "North West (England)": 1.0112,
    "Yorkshire and The Humber": 1.0047,
    "South East (England)": 1.1014,
    "London": 1.1407,
    "North East (England)": 1.0121,
    "Wales": 1.0324,
    "East Midlands (England)": 1.0415
  },
  {
    "Date": "1997-04-01",
    "East of England": 1.1006,
    "West Midlands (England)": 1.0623,
    "South West (England)": 1.0995,
    "North West (England)": 1.0258,
    "Yorkshire and The Humber": 1.0146,
    "South East (England)": 1.1389,
    "London": 1.1899,
    "North East (England)": 1.0265,
    "Wales": 1.0518,
    "East Midlands (England)": 1.0653
  },
  {
    "Date": "1997-07-01",
    "East of England": 1.1327,
    "West Midlands (England)": 1.0822,
    "South West (England)": 1.1285,
    "North West (England)": 1.0331,
    "Yorkshire and The Humber": 1.0221,
    "South East (England)": 1.1832,
    "London": 1.2383,
    "North East (England)": 1.0364,
    "Wales": 1.0636,
    "East Midlands (England)": 1.0796
  },
  {
    "Date": "1997-10-01",
    "East of England": 1.1643,
    "West Midlands (England)": 1.1025,
    "South West (England)": 1.1556,
    "North West (England)": 1.0471,
    "Yorkshire and The Humber": 1.0441,
    "South East (England)": 1.2222,
    "London": 1.2781,
    "North East (England)": 1.0525,
    "Wales": 1.0807,
    "East Midlands (England)": 1.0981
  },
  {
    "Date": "1998-01-01",
    "East of England": 1.1867,
    "West Midlands (England)": 1.1163,
    "South West (England)": 1.1786,
    "North West (England)": 1.0639,
    "Yorkshire and The Humber": 1.0477,
    "South East (England)": 1.2494,
    "London": 1.309,
    "North East (England)": 1.0607,
    "Wales": 1.0897,
    "East Midlands (England)": 1.1099
  },
  {
    "Date": "1998-04-01",
    "East of England": 1.2177,
    "West Midlands (England)": 1.1353,
    "South West (England)": 1.2076,
    "North West (England)": 1.0757,
    "Yorkshire and The Humber": 1.0607,
    "South East (England)": 1.287,
    "London": 1.3544,
    "North East (England)": 1.0701,
    "Wales": 1.1086,
    "East Midlands (England)": 1.131
  },
  {
    "Date": "1998-07-01",
    "East of England": 1.2464,
    "West Midlands (England)": 1.1544,
    "South West (England)": 1.2351,
    "North West (England)": 1.0822,
    "Yorkshire and The Humber": 1.0725,
    "South East (England)": 1.3158,
    "London": 1.3901,
    "North East (England)": 1.0756,
    "Wales": 1.1185,
    "East Midlands (England)": 1.1493
  },
  {
    "Date": "1998-10-01",
    "East of England": 1.268,
    "West Midlands (England)": 1.1717,
    "South West (England)": 1.2554,
    "North West (England)": 1.0996,
    "Yorkshire and The Humber": 1.082,
    "South East (England)": 1.3389,
    "London": 1.4105,
    "North East (England)": 1.0979,
    "Wales": 1.138,
    "East Midlands (England)": 1.1682
  },
  {
    "Date": "1999-01-01",
    "East of England": 1.281,
    "West Midlands (England)": 1.1842,
    "South West (England)": 1.2703,
    "North West (England)": 1.11,
    "Yorkshire and The Humber": 1.0868,
    "South East (England)": 1.352,
    "London": 1.429,
    "North East (England)": 1.0948,
    "Wales": 1.1408,
    "East Midlands (England)": 1.1782
  },
  {
    "Date": "1999-04-01",
    "East of England": 1.3171,
    "West Midlands (England)": 1.2093,
    "South West (England)": 1.308,
    "North West (England)": 1.1309,
    "Yorkshire and The Humber": 1.1045,
    "South East (England)": 1.3954,
    "London": 1.485,
    "North East (England)": 1.1141,
    "Wales": 1.1627,
    "East Midlands (England)": 1.2054
  },
  {
    "Date": "1999-07-01",
    "East of England": 1.3636,
    "West Midlands (England)": 1.239,
    "South West (England)": 1.359,
    "North West (England)": 1.1519,
    "Yorkshire and The Humber": 1.12,
    "South East (England)": 1.4545,
    "London": 1.5614,
    "North East (England)": 1.1285,
    "Wales": 1.1843,
    "East Midlands (England)": 1.2315
  },
  {
    "Date": "1999-10-01",
    "East of England": 1.4258,
    "West Midlands (England)": 1.2779,
    "South West (England)": 1.424,
    "North West (England)": 1.1758,
    "Yorkshire and The Humber": 1.1458,
    "South East (England)": 1.5321,
    "London": 1.6509,
    "North East (England)": 1.144,
    "Wales": 1.2146,
    "East Midlands (England)": 1.2648
  },
  {
    "Date": "2000-01-01",
    "East of England": 1.4859,
    "West Midlands (England)": 1.3063,
    "South West (England)": 1.4753,
    "North West (England)": 1.2009,
    "Yorkshire and The Humber": 1.159,
    "South East (England)": 1.5984,
    "London": 1.7241,
    "North East (England)": 1.1607,
    "Wales": 1.2356,
    "East Midlands (England)": 1.2955
  },
  {
    "Date": "2000-04-01",
    "East of England": 1.5546,
    "West Midlands (England)": 1.3492,
    "South West (England)": 1.5506,
    "North West (England)": 1.2276,
    "Yorkshire and The Humber": 1.1896,
    "South East (England)": 1.6814,
    "London": 1.8226,
    "North East (England)": 1.1752,
    "Wales": 1.2682,
    "East Midlands (England)": 1.337
  },
  {
    "Date": "2000-07-01",
    "East of England": 1.6121,
    "West Midlands (England)": 1.3847,
    "South West (England)": 1.596,
    "North West (England)": 1.2527,
    "Yorkshire and The Humber": 1.2189,
    "South East (England)": 1.7342,
    "London": 1.8675,
    "North East (England)": 1.1952,
    "Wales": 1.2906,
    "East Midlands (England)": 1.3777
  },
  {
    "Date": "2000-10-01",
    "East of England": 1.6389,
    "West Midlands (England)": 1.4161,
    "South West (England)": 1.6226,
    "North West (England)": 1.2792,
    "Yorkshire and The Humber": 1.2333,
    "South East (England)": 1.7567,
    "London": 1.8843,
    "North East (England)": 1.2116,
    "Wales": 1.3113,
    "East Midlands (England)": 1.4043
  },
  {
    "Date": "2001-01-01",
    "East of England": 1.6604,
    "West Midlands (England)": 1.4383,
    "South West (England)": 1.648,
    "North West (England)": 1.2916,
    "Yorkshire and The Humber": 1.2418,
    "South East (England)": 1.7825,
    "London": 1.9186,
    "North East (England)": 1.2287,
    "Wales": 1.322,
    "East Midlands (England)": 1.4246
  },
  {
    "Date": "2001-04-01",
    "East of England": 1.7239,
    "West Midlands (England)": 1.4863,
    "South West (England)": 1.7148,
    "North West (England)": 1.3293,
    "Yorkshire and The Humber": 1.2844,
    "South East (England)": 1.848,
    "London": 1.9921,
    "North East (England)": 1.2513,
    "Wales": 1.3624,
    "East Midlands (England)": 1.4795
  },
  {
    "Date": "2001-07-01",
    "East of England": 1.7921,
    "West Midlands (England)": 1.5275,
    "South West (England)": 1.7847,
    "North West (England)": 1.3614,
    "Yorkshire and The Humber": 1.3226,
    "South East (England)": 1.912,
    "London": 2.0675,
    "North East (England)": 1.2848,
    "Wales": 1.4044,
    "East Midlands (England)": 1.5262
  },
  {
    "Date": "2001-10-01",
    "East of England": 1.8599,
    "West Midlands (England)": 1.5753,
    "South West (England)": 1.8412,
    "North West (England)": 1.3979,
    "Yorkshire and The Humber": 1.3622,
    "South East (England)": 1.9725,
    "London": 2.128,
    "North East (England)": 1.3144,
    "Wales": 1.4322,
    "East Midlands (England)": 1.5811
  },
  {
    "Date": "2002-01-01",
    "East of England": 1.9084,
    "West Midlands (England)": 1.6082,
    "South West (England)": 1.899,
    "North West (England)": 1.4309,
    "Yorkshire and The Humber": 1.3961,
    "South East (England)": 2.0142,
    "London": 2.1664,
    "North East (England)": 1.3483,
    "Wales": 1.4695,
    "East Midlands (England)": 1.6305
  },
  {
    "Date": "2002-04-01",
    "East of England": 2.0138,
    "West Midlands (England)": 1.6976,
    "South West (England)": 2.0035,
    "North West (England)": 1.5033,
    "Yorkshire and The Humber": 1.4779,
    "South East (England)": 2.1107,
    "London": 2.2682,
    "North East (England)": 1.4266,
    "Wales": 1.5437,
    "East Midlands (England)": 1.7326
  },
  {
    "Date": "2002-07-01",
    "East of England": 2.146,
    "West Midlands (England)": 1.8023,
    "South West (England)": 2.1476,
    "North West (England)": 1.5763,
    "Yorkshire and The Humber": 1.5716,
    "South East (England)": 2.2265,
    "London": 2.3831,
    "North East (England)": 1.5087,
    "Wales": 1.642,
    "East Midlands (England)": 1.8591
  },
  {
    "Date": "2002-10-01",
    "East of England": 2.2659,
    "West Midlands (England)": 1.9092,
    "South West (England)": 2.2714,
    "North West (England)": 1.6532,
    "Yorkshire and The Humber": 1.6616,
    "South East (England)": 2.3356,
    "London": 2.4799,
    "North East (England)": 1.6091,
    "Wales": 1.724,
    "East Midlands (England)": 1.9786
  },
  {
    "Date": "2003-01-01",
    "East of England": 2.3468,
    "West Midlands (England)": 1.9831,
    "South West (England)": 2.3403,
    "North West (England)": 1.709,
    "Yorkshire and The Humber": 1.7282,
    "South East (England)": 2.4028,
    "London": 2.5387,
    "North East (England)": 1.6669,
    "Wales": 1.7932,
    "East Midlands (England)": 2.0602
  },
  {
    "Date": "2003-04-01",
    "East of England": 2.4028,
    "West Midlands (England)": 2.0658,
    "South West (England)": 2.4135,
    "North West (England)": 1.8004,
    "Yorkshire and The Humber": 1.8316,
    "South East (England)": 2.4599,
    "London": 2.5778,
    "North East (England)": 1.7986,
    "Wales": 1.892,
    "East Midlands (England)": 2.1604
  },
  {
    "Date": "2003-07-01",
    "East of England": 2.4388,
    "West Midlands (England)": 2.1374,
    "South West (England)": 2.454,
    "North West (England)": 1.8892,
    "Yorkshire and The Humber": 1.9157,
    "South East (England)": 2.4845,
    "London": 2.5894,
    "North East (England)": 1.8969,
    "Wales": 1.9822,
    "East Midlands (England)": 2.2372
  },
  {
    "Date": "2003-10-01",
    "East of England": 2.4983,
    "West Midlands (England)": 2.2217,
    "South West (England)": 2.52,
    "North West (England)": 1.9776,
    "Yorkshire and The Humber": 2.0068,
    "South East (England)": 2.5348,
    "London": 2.6379,
    "North East (England)": 1.9974,
    "Wales": 2.0833,
    "East Midlands (England)": 2.3038
  },
  {
    "Date": "2004-01-01",
    "East of England": 2.5503,
    "West Midlands (England)": 2.2735,
    "South West (England)": 2.5844,
    "North West (England)": 2.0482,
    "Yorkshire and The Humber": 2.0814,
    "South East (England)": 2.5905,
    "London": 2.6858,
    "North East (England)": 2.0642,
    "Wales": 2.1785,
    "East Midlands (England)": 2.3632
  },
  {
    "Date": "2004-04-01",
    "East of England": 2.6416,
    "West Midlands (England)": 2.3834,
    "South West (England)": 2.6949,
    "North West (England)": 2.2034,
    "Yorkshire and The Humber": 2.2234,
    "South East (England)": 2.6703,
    "London": 2.7659,
    "North East (England)": 2.2353,
    "Wales": 2.3263,
    "East Midlands (England)": 2.4786
  },
  {
    "Date": "2004-07-01",
    "East of England": 2.7292,
    "West Midlands (England)": 2.4791,
    "South West (England)": 2.785,
    "North West (England)": 2.316,
    "Yorkshire and The Humber": 2.3268,
    "South East (England)": 2.7393,
    "London": 2.8385,
    "North East (England)": 2.3606,
    "Wales": 2.457,
    "East Midlands (England)": 2.5868
  },
  {
    "Date": "2004-10-01",
    "East of England": 2.7719,
    "West Midlands (England)": 2.5341,
    "South West (England)": 2.826,
    "North West (England)": 2.3744,
    "Yorkshire and The Humber": 2.3855,
    "South East (England)": 2.7809,
    "London": 2.8747,
    "North East (England)": 2.4333,
    "Wales": 2.5168,
    "East Midlands (England)": 2.6248
  },
  {
    "Date": "2005-01-01",
    "East of England": 2.7625,
    "West Midlands (England)": 2.537,
    "South West (England)": 2.8199,
    "North West (England)": 2.3846,
    "Yorkshire and The Humber": 2.4005,
    "South East (England)": 2.7745,
    "London": 2.8634,
    "North East (England)": 2.4083,
    "Wales": 2.5266,
    "East Midlands (England)": 2.617
  },
  {
    "Date": "2005-04-01",
    "East of England": 2.8103,
    "West Midlands (England)": 2.5842,
    "South West (England)": 2.8661,
    "North West (England)": 2.445,
    "Yorkshire and The Humber": 2.4647,
    "South East (England)": 2.804,
    "London": 2.8913,
    "North East (England)": 2.4751,
    "Wales": 2.5701,
    "East Midlands (England)": 2.6619
  },
  {
    "Date": "2005-07-01",
    "East of England": 2.8266,
    "West Midlands (England)": 2.6169,
    "South West (England)": 2.891,
    "North West (England)": 2.4694,
    "Yorkshire and The Humber": 2.4905,
    "South East (England)": 2.8219,
    "London": 2.9134,
    "North East (England)": 2.5043,
    "Wales": 2.6153,
    "East Midlands (England)": 2.6819
  },
  {
    "Date": "2005-10-01",
    "East of England": 2.8547,
    "West Midlands (England)": 2.6361,
    "South West (England)": 2.9233,
    "North West (England)": 2.5105,
    "Yorkshire and The Humber": 2.5166,
    "South East (England)": 2.8447,
    "London": 2.9537,
    "North East (England)": 2.5297,
    "Wales": 2.6264,
    "East Midlands (England)": 2.7034
  },
  {
    "Date": "2006-01-01",
    "East of England": 2.8757,
    "West Midlands (England)": 2.6602,
    "South West (England)": 2.9482,
    "North West (England)": 2.5301,
    "Yorkshire and The Humber": 2.5484,
    "South East (England)": 2.8701,
    "London": 2.9766,
    "North East (England)": 2.5435,
    "Wales": 2.6526,
    "East Midlands (England)": 2.7332
  },
  {
    "Date": "2006-04-01",
    "East of England": 2.9452,
    "West Midlands (England)": 2.7136,
    "South West (England)": 3.0265,
    "North West (England)": 2.5926,
    "Yorkshire and The Humber": 2.6099,
    "South East (England)": 2.936,
    "London": 3.0503,
    "North East (England)": 2.5992,
    "Wales": 2.7156,
    "East Midlands (England)": 2.7875
  },
  {
    "Date": "2006-07-01",
    "East of England": 3.0002,
    "West Midlands (England)": 2.7543,
    "South West (England)": 3.0848,
    "North West (England)": 2.6305,
    "Yorkshire and The Humber": 2.6518,
    "South East (England)": 2.9918,
    "London": 3.1442,
    "North East (England)": 2.6328,
    "Wales": 2.7659,
    "East Midlands (England)": 2.832
  },
  {
    "Date": "2006-10-01",
    "East of England": 3.0719,
    "West Midlands (England)": 2.7994,
    "South West (England)": 3.156,
    "North West (England)": 2.6869,
    "Yorkshire and The Humber": 2.712,
    "South East (England)": 3.0607,
    "London": 3.2311,
    "North East (England)": 2.6791,
    "Wales": 2.8212,
    "East Midlands (England)": 2.8828
  },
  {
    "Date": "2007-01-01",
    "East of England": 3.1164,
    "West Midlands (England)": 2.8285,
    "South West (England)": 3.2124,
    "North West (England)": 2.7149,
    "Yorkshire and The Humber": 2.7476,
    "South East (England)": 3.1217,
    "London": 3.326,
    "North East (England)": 2.7067,
    "Wales": 2.8451,
    "East Midlands (England)": 2.9126
  },
  {
    "Date": "2007-04-01",
    "East of England": 3.2047,
    "West Midlands (England)": 2.8907,
    "South West (England)": 3.2847,
    "North West (England)": 2.7707,
    "Yorkshire and The Humber": 2.8115,
    "South East (England)": 3.2129,
    "London": 3.47,
    "North East (England)": 2.7741,
    "Wales": 2.8998,
    "East Midlands (England)": 2.9635
  },
  {
    "Date": "2007-07-01",
    "East of England": 3.2647,
    "West Midlands (England)": 2.9175,
    "South West (England)": 3.3442,
    "North West (England)": 2.8139,
    "Yorkshire and The Humber": 2.845,
    "South East (England)": 3.285,
    "London": 3.5968,
    "North East (England)": 2.7883,
    "Wales": 2.9483,
    "East Midlands (England)": 3.0037
  },
  {
    "Date": "2007-10-01",
    "East of England": 3.2998,
    "West Midlands (England)": 2.9353,
    "South West (England)": 3.3632,
    "North West (England)": 2.8278,
    "Yorkshire and The Humber": 2.8655,
    "South East (England)": 3.3227,
    "London": 3.6515,
    "North East (England)": 2.8162,
    "Wales": 2.9789,
    "East Midlands (England)": 3.0079
  },
  {
    "Date": "2008-01-01",
    "East of England": 3.2695,
    "West Midlands (England)": 2.8998,
    "South West (England)": 3.3277,
    "North West (England)": 2.8001,
    "Yorkshire and The Humber": 2.8417,
    "South East (England)": 3.2991,
    "London": 3.6371,
    "North East (England)": 2.7758,
    "Wales": 2.9347,
    "East Midlands (England)": 2.9597
  },
  {
    "Date": "2008-04-01",
    "East of England": 3.2468,
    "West Midlands (England)": 2.89,
    "South West (England)": 3.2946,
    "North West (England)": 2.8051,
    "Yorkshire and The Humber": 2.8379,
    "South East (England)": 3.2714,
    "London": 3.6368,
    "North East (England)": 2.7956,
    "Wales": 2.9147,
    "East Midlands (England)": 2.9571
  },
  {
    "Date": "2008-07-01",
    "East of England": 3.1215,
    "West Midlands (England)": 2.7971,
    "South West (England)": 3.1686,
    "North West (England)": 2.7286,
    "Yorkshire and The Humber": 2.7647,
    "South East (England)": 3.1523,
    "London": 3.5111,
    "North East (England)": 2.6969,
    "Wales": 2.8429,
    "East Midlands (England)": 2.8501
  },
  {
    "Date": "2008-10-01",
    "East of England": 2.9475,
    "West Midlands (England)": 2.6728,
    "South West (England)": 3.0059,
    "North West (England)": 2.6247,
    "Yorkshire and The Humber": 2.6494,
    "South East (England)": 2.97,
    "London": 3.3333,
    "North East (England)": 2.6065,
    "Wales": 2.7608,
    "East Midlands (England)": 2.7085
  },
  {
    "Date": "2009-01-01",
    "East of England": 2.8232,
    "West Midlands (England)": 2.5745,
    "South West (England)": 2.8754,
    "North West (England)": 2.5201,
    "Yorkshire and The Humber": 2.5521,
    "South East (England)": 2.8389,
    "London": 3.1918,
    "North East (England)": 2.5209,
    "Wales": 2.6368,
    "East Midlands (England)": 2.5986
  },
  {
    "Date": "2009-04-01",
    "East of England": 2.8291,
    "West Midlands (England)": 2.5623,
    "South West (England)": 2.8997,
    "North West (England)": 2.5178,
    "Yorkshire and The Humber": 2.537,
    "South East (England)": 2.8532,
    "London": 3.199,
    "North East (England)": 2.5068,
    "Wales": 2.6519,
    "East Midlands (England)": 2.6057
  },
  {
    "Date": "2009-07-01",
    "East of England": 2.9062,
    "West Midlands (England)": 2.6107,
    "South West (England)": 2.9915,
    "North West (England)": 2.5499,
    "Yorkshire and The Humber": 2.5688,
    "South East (England)": 2.9427,
    "London": 3.307,
    "North East (England)": 2.5233,
    "Wales": 2.7073,
    "East Midlands (England)": 2.6642
  },
  {
    "Date": "2009-10-01",
    "East of England": 2.98,
    "West Midlands (England)": 2.6486,
    "South West (England)": 3.0626,
    "North West (England)": 2.5934,
    "Yorkshire and The Humber": 2.6099,
    "South East (England)": 3.0312,
    "London": 3.4201,
    "North East (England)": 2.5627,
    "Wales": 2.732,
    "East Midlands (England)": 2.7112
  },
  {
    "Date": "2010-01-01",
    "East of England": 3.0287,
    "West Midlands (England)": 2.6792,
    "South West (England)": 3.1063,
    "North West (England)": 2.5956,
    "Yorkshire and The Humber": 2.6226,
    "South East (England)": 3.082,
    "London": 3.505,
    "North East (England)": 2.551,
    "Wales": 2.7341,
    "East Midlands (England)": 2.7332
  },
  {
    "Date": "2010-04-01",
    "East of England": 3.0795,
    "West Midlands (England)": 2.7044,
    "South West (England)": 3.1469,
    "North West (England)": 2.6181,
    "Yorkshire and The Humber": 2.6422,
    "South East (England)": 3.1317,
    "London": 3.5559,
    "North East (England)": 2.5697,
    "Wales": 2.7758,
    "East Midlands (England)": 2.766
  },
  {
    "Date": "2010-07-01",
    "East of England": 3.1067,
    "West Midlands (England)": 2.7175,
    "South West (England)": 3.1746,
    "North West (England)": 2.6194,
    "Yorkshire and The Humber": 2.6581,
    "South East (England)": 3.1662,
    "London": 3.6212,
    "North East (England)": 2.5874,
    "Wales": 2.7901,
    "East Midlands (England)": 2.7771
  },
  {
    "Date": "2010-10-01",
    "East of England": 3.0898,
    "West Midlands (England)": 2.6957,
    "South West (England)": 3.1321,
    "North West (England)": 2.6093,
    "Yorkshire and The Humber": 2.6271,
    "South East (England)": 3.1341,
    "London": 3.6006,
    "North East (England)": 2.5417,
    "Wales": 2.7488,
    "East Midlands (England)": 2.7461
  },
  {
    "Date": "2011-01-01",
    "East of England": 3.0506,
    "West Midlands (England)": 2.6544,
    "South West (England)": 3.081,
    "North West (England)": 2.559,
    "Yorkshire and The Humber": 2.5801,
    "South East (England)": 3.0925,
    "London": 3.5876,
    "North East (England)": 2.5021,
    "Wales": 2.7206,
    "East Midlands (England)": 2.7131
  },
  {
    "Date": "2011-04-01",
    "East of England": 3.0569,
    "West Midlands (England)": 2.6563,
    "South West (England)": 3.0992,
    "North West (England)": 2.5631,
    "Yorkshire and The Humber": 2.594,
    "South East (England)": 3.1115,
    "London": 3.6281,
    "North East (England)": 2.5106,
    "Wales": 2.7215,
    "East Midlands (England)": 2.7251
  },
  {
    "Date": "2011-07-01",
    "East of England": 3.0734,
    "West Midlands (England)": 2.6632,
    "South West (England)": 3.1153,
    "North West (England)": 2.558,
    "Yorkshire and The Humber": 2.5907,
    "South East (England)": 3.132,
    "London": 3.6982,
    "North East (England)": 2.4877,
    "Wales": 2.7246,
    "East Midlands (England)": 2.7298
  },
  {
    "Date": "2011-10-01",
    "East of England": 3.0733,
    "West Midlands (England)": 2.6572,
    "South West (England)": 3.1023,
    "North West (England)": 2.5452,
    "Yorkshire and The Humber": 2.5669,
    "South East (England)": 3.1286,
    "London": 3.6957,
    "North East (England)": 2.4728,
    "Wales": 2.7022,
    "East Midlands (England)": 2.7177
  },
  {
    "Date": "2012-01-01",
    "East of England": 3.0649,
    "West Midlands (England)": 2.6413,
    "South West (England)": 3.0916,
    "North West (England)": 2.5274,
    "Yorkshire and The Humber": 2.5529,
    "South East (England)": 3.1204,
    "London": 3.7037,
    "North East (England)": 2.4473,
    "Wales": 2.6866,
    "East Midlands (England)": 2.7014
  },
  {
    "Date": "2012-04-01",
    "East of England": 3.1092,
    "West Midlands (England)": 2.6701,
    "South West (England)": 3.1337,
    "North West (England)": 2.5435,
    "Yorkshire and The Humber": 2.5723,
    "South East (England)": 3.173,
    "London": 3.8343,
    "North East (England)": 2.4826,
    "Wales": 2.7172,
    "East Midlands (England)": 2.7299
  },
  {
    "Date": "2012-07-01",
    "East of England": 3.1343,
    "West Midlands (England)": 2.6721,
    "South West (England)": 3.1416,
    "North West (England)": 2.5357,
    "Yorkshire and The Humber": 2.5632,
    "South East (England)": 3.2016,
    "London": 3.8943,
    "North East (England)": 2.4708,
    "Wales": 2.7152,
    "East Midlands (England)": 2.7467
  },
  {
    "Date": "2012-10-01",
    "East of England": 3.1256,
    "West Midlands (England)": 2.671,
    "South West (England)": 3.1435,
    "North West (England)": 2.5297,
    "Yorkshire and The Humber": 2.5573,
    "South East (England)": 3.2028,
    "London": 3.9038,
    "North East (England)": 2.4432,
    "Wales": 2.7036,
    "East Midlands (England)": 2.7427
  },
  {
    "Date": "2013-01-01",
    "East of England": 3.1251,
    "West Midlands (England)": 2.6712,
    "South West (England)": 3.1404,
    "North West (England)": 2.513,
    "Yorkshire and The Humber": 2.5427,
    "South East (England)": 3.198,
    "London": 3.9405,
    "North East (England)": 2.4217,
    "Wales": 2.7003,
    "East Midlands (England)": 2.7347
  },
  {
    "Date": "2013-04-01",
    "East of England": 3.1759,
    "West Midlands (England)": 2.704,
    "South West (England)": 3.1762,
    "North West (England)": 2.5482,
    "Yorkshire and The Humber": 2.5684,
    "South East (England)": 3.2509,
    "London": 4.0405,
    "North East (England)": 2.468,
    "Wales": 2.7212,
    "East Midlands (England)": 2.7709
  },
  {
    "Date": "2013-07-01",
    "East of England": 3.2321,
    "West Midlands (England)": 2.7312,
    "South West (England)": 3.2157,
    "North West (England)": 2.5619,
    "Yorkshire and The Humber": 2.5961,
    "South East (England)": 3.3132,
    "London": 4.1767,
    "North East (England)": 2.4982,
    "Wales": 2.7354,
    "East Midlands (England)": 2.7972
  },
  {
    "Date": "2013-10-01",
    "East of England": 3.2815,
    "West Midlands (England)": 2.7571,
    "South West (England)": 3.2521,
    "North West (England)": 2.5863,
    "Yorkshire and The Humber": 2.6155,
    "South East (England)": 3.3646,
    "London": 4.2852,
    "North East (England)": 2.4864,
    "Wales": 2.7721,
    "East Midlands (England)": 2.8396
  },
  {
    "Date": "2014-01-01",
    "East of England": 3.3326,
    "West Midlands (England)": 2.7776,
    "South West (England)": 3.2798,
    "North West (England)": 2.6044,
    "Yorkshire and The Humber": 2.6291,
    "South East (England)": 3.421,
    "London": 4.4175,
    "North East (England)": 2.5006,
    "Wales": 2.7862,
    "East Midlands (England)": 2.8804
  },
  {
    "Date": "2014-04-01",
    "East of England": 3.4427,
    "West Midlands (England)": 2.8352,
    "South West (England)": 3.3629,
    "North West (England)": 2.6483,
    "Yorkshire and The Humber": 2.6829,
    "South East (England)": 3.531,
    "London": 4.6771,
    "North East (England)": 2.5429,
    "Wales": 2.8285,
    "East Midlands (England)": 2.9428
  },
  {
    "Date": "2014-07-01",
    "East of England": 3.5503,
    "West Midlands (England)": 2.8793,
    "South West (England)": 3.4295,
    "North West (England)": 2.6842,
    "Yorkshire and The Humber": 2.7194,
    "South East (England)": 3.6581,
    "London": 4.8911,
    "North East (England)": 2.569,
    "Wales": 2.867,
    "East Midlands (England)": 2.9883
  },
  {
    "Date": "2014-10-01",
    "East of England": 3.608,
    "West Midlands (England)": 2.9032,
    "South West (England)": 3.4527,
    "North West (England)": 2.6884,
    "Yorkshire and The Humber": 2.7318,
    "South East (England)": 3.7113,
    "London": 4.9069,
    "North East (England)": 2.5525,
    "Wales": 2.8771,
    "East Midlands (England)": 3.0153
  },
  {
    "Date": "2015-01-01",
    "East of England": 3.6421,
    "West Midlands (England)": 2.9077,
    "South West (England)": 3.4726,
    "North West (England)": 2.6845,
    "Yorkshire and The Humber": 2.7275,
    "South East (England)": 3.7379,
    "London": 4.9361,
    "North East (England)": 2.5598,
    "Wales": 2.8822,
    "East Midlands (England)": 3.027
  },
  {
    "Date": "2015-04-01",
    "East of England": 3.7303,
    "West Midlands (England)": 2.9492,
    "South West (England)": 3.5327,
    "North West (England)": 2.7383,
    "Yorkshire and The Humber": 2.7691,
    "South East (England)": 3.829,
    "London": 5.0889,
    "North East (England)": 2.5854,
    "Wales": 2.9095,
    "East Midlands (England)": 3.0738
  },
  {
    "Date": "2015-07-01",
    "East of England": 3.8323,
    "West Midlands (England)": 3.0091,
    "South West (England)": 3.6068,
    "North West (England)": 2.7696,
    "Yorkshire and The Humber": 2.8126,
    "South East (England)": 3.9386,
    "London": 5.2718,
    "North East (England)": 2.6135,
    "Wales": 2.9292,
    "East Midlands (England)": 3.1259
  },
  {
    "Date": "2015-10-01",
    "East of England": 3.9176,
    "West Midlands (England)": 3.031,
    "South West (England)": 3.6489,
    "North West (England)": 2.7902,
    "Yorkshire and The Humber": 2.8279,
    "South East (England)": 4.0212,
    "London": 5.3965,
    "North East (England)": 2.6182,
    "Wales": 2.9674,
    "East Midlands (England)": 3.1629
  },
  {
    "Date": "2016-01-01",
    "East of England": 4.0045,
    "West Midlands (England)": 3.0476,
    "South West (England)": 3.69,
    "North West (England)": 2.8,
    "Yorkshire and The Humber": 2.8315,
    "South East (England)": 4.1021,
    "London": 5.5639,
    "North East (England)": 2.6054,
    "Wales": 2.9838,
    "East Midlands (England)": 3.1946
  },
  {
    "Date": "2016-04-01",
    "East of England": 4.1457,
    "West Midlands (England)": 3.1273,
    "South West (England)": 3.7725,
    "North West (England)": 2.8597,
    "Yorkshire and The Humber": 2.8906,
    "South East (England)": 4.2348,
    "London": 5.7025,
    "North East (England)": 2.6494,
    "Wales": 3.0259,
    "East Midlands (England)": 3.2767
  },
  {
    "Date": "2016-07-01",
    "East of England": 4.2443,
    "West Midlands (England)": 3.1782,
    "South West (England)": 3.8531,
    "North West (England)": 2.9029,
    "Yorkshire and The Humber": 2.925,
    "South East (England)": 4.32,
    "London": 5.82,
    "North East (England)": 2.6579,
    "Wales": 3.0638,
    "East Midlands (England)": 3.322
  },
  {
    "Date": "2016-10-01",
    "East of England": 4.2944,
    "West Midlands (England)": 3.1859,
    "South West (England)": 3.866,
    "North West (England)": 2.899,
    "Yorkshire and The Humber": 2.9228,
    "South East (England)": 4.3352,
    "London": 5.7925,
    "North East (England)": 2.6436,
    "Wales": 3.0798,
    "East Midlands (England)": 3.3431
  },
  {
    "Date": "2017-01-01",
    "East of England": 4.345,
    "West Midlands (England)": 3.221,
    "South West (England)": 3.887,
    "North West (England)": 2.9111,
    "Yorkshire and The Humber": 2.9194,
    "South East (England)": 4.3661,
    "London": 5.836,
    "North East (England)": 2.6347,
    "Wales": 3.0751,
    "East Midlands (England)": 3.3793
  },
  {
    "Date": "2017-04-01",
    "East of England": 4.4224,
    "West Midlands (England)": 3.2836,
    "South West (England)": 3.9564,
    "North West (England)": 2.9685,
    "Yorkshire and The Humber": 2.9793,
    "South East (England)": 4.4408,
    "London": 5.9164,
    "North East (England)": 2.683,
    "Wales": 3.1115,
    "East Midlands (England)": 3.4426
  },
  {
    "Date": "2017-07-01",
    "East of England": 4.5045,
    "West Midlands (England)": 3.3356,
    "South West (England)": 4.0396,
    "North West (England)": 3.0255,
    "Yorkshire and The Humber": 3.0269,
    "South East (England)": 4.5077,
    "London": 6.0103,
    "North East (England)": 2.7027,
    "Wales": 3.1801,
    "East Midlands (England)": 3.5137
  },
  {
    "Date": "2017-10-01",
    "East of England": 4.5289,
    "West Midlands (England)": 3.3697,
    "South West (England)": 4.0604,
    "North West (England)": 3.0338,
    "Yorkshire and The Humber": 3.0466,
    "South East (England)": 4.5212,
    "London": 5.9364,
    "North East (England)": 2.7107,
    "Wales": 3.2054,
    "East Midlands (England)": 3.5487
  },
  {
    "Date": "2018-01-01",
    "East of England": 4.5509,
    "West Midlands (England)": 3.3757,
    "South West (England)": 4.0807,
    "North West (England)": 3.0449,
    "Yorkshire and The Humber": 3.0502,
    "South East (England)": 4.5185,
    "London": 5.9007,
    "North East (England)": 2.6835,
    "Wales": 3.2293,
    "East Midlands (England)": 3.5615
  },
  {
    "Date": "2018-04-01",
    "East of England": 4.57,
    "West Midlands (England)": 3.4315,
    "South West (England)": 4.1255,
    "North West (England)": 3.0828,
    "Yorkshire and The Humber": 3.0881,
    "South East (England)": 4.5594,
    "London": 5.9276,
    "North East (England)": 2.7315,
    "Wales": 3.2606,
    "East Midlands (England)": 3.6161
  },
  {
    "Date": "2018-07-01",
    "East of England": 4.6298,
    "West Midlands (England)": 3.5051,
    "South West (England)": 4.1918,
    "North West (England)": 3.1424,
    "Yorkshire and The Humber": 3.1366,
    "South East (England)": 4.5933,
    "London": 5.951,
    "North East (England)": 2.7408,
    "Wales": 3.3367,
    "East Midlands (England)": 3.6798
  },
  {
    "Date": "2018-10-01",
    "East of England": 4.6241,
    "West Midlands (England)": 3.5268,
    "South West (England)": 4.1919,
    "North West (England)": 3.1441,
    "Yorkshire and The Humber": 3.1433,
    "South East (England)": 4.5631,
    "London": 5.8676,
    "North East (England)": 2.7401,
    "Wales": 3.3578,
    "East Midlands (England)": 3.7013
  },
  {
    "Date": "2019-01-01",
    "East of England": 4.5902,
    "West Midlands (England)": 3.5086,
    "South West (England)": 4.1637,
    "North West (England)": 3.1522,
    "Yorkshire and The Humber": 3.1337,
    "South East (England)": 4.5234,
    "London": 5.7992,
    "North East (England)": 2.6866,
    "Wales": 3.3574,
    "East Midlands (England)": 3.6912
  },
  {
    "Date": "2019-04-01",
    "East of England": 4.603,
    "West Midlands (England)": 3.5458,
    "South West (England)": 4.1855,
    "North West (England)": 3.1893,
    "Yorkshire and The Humber": 3.1785,
    "South East (England)": 4.5311,
    "London": 5.7952,
    "North East (England)": 2.7682,
    "Wales": 3.4001,
    "East Midlands (England)": 3.7387
  },
  {
    "Date": "2019-07-01",
    "East of England": 4.6478,
    "West Midlands (England)": 3.59,
    "South West (England)": 4.2349,
    "North West (England)": 3.2421,
    "Yorkshire and The Humber": 3.2362,
    "South East (England)": 4.5855,
    "London": 5.8954,
    "North East (England)": 2.7779,
    "Wales": 3.4609,
    "East Midlands (England)": 3.7704
  },
  {
    "Date": "2019-10-01",
    "East of England": 4.6853,
    "West Midlands (England)": 3.6295,
    "South West (England)": 4.2714,
    "North West (England)": 3.2443,
    "Yorkshire and The Humber": 3.254,
    "South East (England)": 4.5757,
    "London": 5.878,
    "North East (England)": 2.787,
    "Wales": 3.4742,
    "East Midlands (England)": 3.7821
  }
]
