[
  {
    "Date": "1995-04-01",
    "UKH2": 1.006,
    "UKG3": 0.9931,
    "UKG1": 1.0023,
    "UKG2": 1.0027,
    "UKK1": 1.0075,
    "UKK2": 1.0052,
    "UKD4": 0.9984,
    "UKE2": 1.0071,
    "UKE4": 0.9958,
    "UKJ3": 1.0064,
    "UKD3": 1.0075,
    "UKJ2": 1.0096,
    "UKI6": 1.0116,
    "UKI4": 1.0191,
    "UKJ4": 1.0007,
    "UKI5": 1.0141,
    "UKD1": 1.0064,
    "UKC2": 1.0047,
    "UKH1": 1.004,
    "UKH3": 1.0046,
    "UKL2": 0.9936,
    "UKL1": 1.0077,
    "UKD6": 1.013,
    "UKD7": 0.9926,
    "UKF2": 1.0154,
    "UKF1": 1.0015,
    "UKC1": 1.0064,
    "UKE3": 0.997,
    "UKE1": 1.0061,
    "UKF3": 0.9987,
    "UKK4": 0.9986,
    "UKI3": 1.0083,
    "UKI7": 1.0165,
    "UKK3": 1.0107,
    "UKJ1": 1.0028
  },
  {
    "Date": "1995-07-01",
    "UKH2": 1.0017,
    "UKG3": 0.9882,
    "UKG1": 0.9988,
    "UKG2": 0.9939,
    "UKK1": 1.0028,
    "UKK2": 0.9975,
    "UKD4": 0.992,
    "UKE2": 0.9973,
    "UKE4": 0.9926,
    "UKJ3": 1.0067,
    "UKD3": 0.9946,
    "UKJ2": 1.0082,
    "UKI6": 1.0112,
    "UKI4": 1.0251,
    "UKJ4": 0.998,
    "UKI5": 1.0026,
    "UKD1": 0.9839,
    "UKC2": 0.9953,
    "UKH1": 1.0026,
    "UKH3": 1.0038,
    "UKL2": 0.9904,
    "UKL1": 0.9998,
    "UKD6": 1.0112,
    "UKD7": 0.9817,
    "UKF2": 1.0081,
    "UKF1": 0.9963,
    "UKC1": 0.994,
    "UKE3": 0.9936,
    "UKE1": 0.9922,
    "UKF3": 0.9958,
    "UKK4": 0.9948,
    "UKI3": 1.0244,
    "UKI7": 1.0248,
    "UKK3": 1.0041,
    "UKJ1": 1.0031
  },
  {
    "Date": "1995-10-01",
    "UKH2": 1.0102,
    "UKG3": 1.0002,
    "UKG1": 1.0094,
    "UKG2": 1.0023,
    "UKK1": 1.0071,
    "UKK2": 1,
    "UKD4": 0.9895,
    "UKE2": 1.0127,
    "UKE4": 0.9951,
    "UKJ3": 1.0138,
    "UKD3": 1.0007,
    "UKJ2": 1.0138,
    "UKI6": 1.0215,
    "UKI4": 1.0409,
    "UKJ4": 1.0035,
    "UKI5": 1.007,
    "UKD1": 0.9906,
    "UKC2": 1.0007,
    "UKH1": 1.0036,
    "UKH3": 1.0047,
    "UKL2": 0.9864,
    "UKL1": 1.0017,
    "UKD6": 1.0077,
    "UKD7": 0.9714,
    "UKF2": 1.0073,
    "UKF1": 0.9966,
    "UKC1": 1.0035,
    "UKE3": 0.9989,
    "UKE1": 0.9852,
    "UKF3": 0.9954,
    "UKK4": 0.9887,
    "UKI3": 1.0483,
    "UKI7": 1.0337,
    "UKK3": 1.0169,
    "UKJ1": 1.012
  },
  {
    "Date": "1996-01-01",
    "UKH2": 1.0125,
    "UKG3": 0.9898,
    "UKG1": 1.005,
    "UKG2": 0.9951,
    "UKK1": 1.0118,
    "UKK2": 1.0023,
    "UKD4": 0.9771,
    "UKE2": 0.992,
    "UKE4": 0.9855,
    "UKJ3": 1.0193,
    "UKD3": 1.0086,
    "UKJ2": 1.0238,
    "UKI6": 1.0266,
    "UKI4": 1.0652,
    "UKJ4": 1.0036,
    "UKI5": 1.0153,
    "UKD1": 0.9961,
    "UKC2": 0.9902,
    "UKH1": 0.993,
    "UKH3": 1.0004,
    "UKL2": 0.9876,
    "UKL1": 0.9995,
    "UKD6": 1.0081,
    "UKD7": 0.9759,
    "UKF2": 1.0135,
    "UKF1": 0.9921,
    "UKC1": 0.992,
    "UKE3": 0.9935,
    "UKE1": 0.9823,
    "UKF3": 0.9929,
    "UKK4": 0.9935,
    "UKI3": 1.051,
    "UKI7": 1.0466,
    "UKK3": 1.0164,
    "UKJ1": 1.0181
  },
  {
    "Date": "1996-04-01",
    "UKH2": 1.0238,
    "UKG3": 0.9962,
    "UKG1": 1.0194,
    "UKG2": 1.0006,
    "UKK1": 1.0265,
    "UKK2": 1.0168,
    "UKD4": 0.9798,
    "UKE2": 1.0023,
    "UKE4": 0.992,
    "UKJ3": 1.0307,
    "UKD3": 1.0019,
    "UKJ2": 1.0343,
    "UKI6": 1.0474,
    "UKI4": 1.0725,
    "UKJ4": 1.0164,
    "UKI5": 1.0356,
    "UKD1": 0.9995,
    "UKC2": 1.0061,
    "UKH1": 1.0046,
    "UKH3": 1.0144,
    "UKL2": 1.0023,
    "UKL1": 1.0082,
    "UKD6": 1.0138,
    "UKD7": 0.9844,
    "UKF2": 1.0181,
    "UKF1": 1.0012,
    "UKC1": 1.0047,
    "UKE3": 0.9908,
    "UKE1": 0.9901,
    "UKF3": 1.0006,
    "UKK4": 1.0072,
    "UKI3": 1.0725,
    "UKI7": 1.0649,
    "UKK3": 1.0263,
    "UKJ1": 1.0297
  },
  {
    "Date": "1996-07-01",
    "UKH2": 1.042,
    "UKG3": 1.0026,
    "UKG1": 1.0269,
    "UKG2": 1.0078,
    "UKK1": 1.0345,
    "UKK2": 1.0363,
    "UKD4": 0.9787,
    "UKE2": 1.0053,
    "UKE4": 0.9849,
    "UKJ3": 1.0461,
    "UKD3": 1.0043,
    "UKJ2": 1.0536,
    "UKI6": 1.0609,
    "UKI4": 1.0849,
    "UKJ4": 1.031,
    "UKI5": 1.0517,
    "UKD1": 0.9861,
    "UKC2": 1.0008,
    "UKH1": 1.013,
    "UKH3": 1.0277,
    "UKL2": 1.0105,
    "UKL1": 1.0211,
    "UKD6": 1.013,
    "UKD7": 0.9772,
    "UKF2": 1.0291,
    "UKF1": 1.0053,
    "UKC1": 0.9975,
    "UKE3": 0.9951,
    "UKE1": 0.9807,
    "UKF3": 1.0103,
    "UKK4": 1.0074,
    "UKI3": 1.1133,
    "UKI7": 1.0814,
    "UKK3": 1.0425,
    "UKJ1": 1.0499
  },
  {
    "Date": "1996-10-01",
    "UKH2": 1.0679,
    "UKG3": 1.0204,
    "UKG1": 1.0469,
    "UKG2": 1.0226,
    "UKK1": 1.0573,
    "UKK2": 1.0508,
    "UKD4": 0.9887,
    "UKE2": 1.0255,
    "UKE4": 1.0041,
    "UKJ3": 1.0708,
    "UKD3": 1.0176,
    "UKJ2": 1.0833,
    "UKI6": 1.0891,
    "UKI4": 1.1158,
    "UKJ4": 1.0483,
    "UKI5": 1.0777,
    "UKD1": 1.0087,
    "UKC2": 1.018,
    "UKH1": 1.0318,
    "UKH3": 1.0509,
    "UKL2": 1.0207,
    "UKL1": 1.025,
    "UKD6": 1.0252,
    "UKD7": 0.9898,
    "UKF2": 1.0479,
    "UKF1": 1.0169,
    "UKC1": 1.0042,
    "UKE3": 1.0098,
    "UKE1": 0.9847,
    "UKF3": 1.0206,
    "UKK4": 1.0279,
    "UKI3": 1.1377,
    "UKI7": 1.1085,
    "UKK3": 1.0558,
    "UKJ1": 1.075
  },
  {
    "Date": "1997-01-01",
    "UKH2": 1.0966,
    "UKG3": 1.0293,
    "UKG1": 1.0618,
    "UKG2": 1.0361,
    "UKK1": 1.0766,
    "UKK2": 1.0779,
    "UKD4": 0.9943,
    "UKE2": 1.0244,
    "UKE4": 1.009,
    "UKJ3": 1.0953,
    "UKD3": 1.0237,
    "UKJ2": 1.1107,
    "UKI6": 1.1183,
    "UKI4": 1.1583,
    "UKJ4": 1.0771,
    "UKI5": 1.0994,
    "UKD1": 1.0073,
    "UKC2": 1.0194,
    "UKH1": 1.0432,
    "UKH3": 1.0723,
    "UKL2": 1.0401,
    "UKL1": 1.0304,
    "UKD6": 1.0411,
    "UKD7": 0.9931,
    "UKF2": 1.0662,
    "UKF1": 1.0257,
    "UKC1": 1.0037,
    "UKE3": 1.0139,
    "UKE1": 0.9806,
    "UKF3": 1.0306,
    "UKK4": 1.046,
    "UKI3": 1.1978,
    "UKI7": 1.1396,
    "UKK3": 1.079,
    "UKJ1": 1.107
  },
  {
    "Date": "1997-04-01",
    "UKH2": 1.1358,
    "UKG3": 1.0479,
    "UKG1": 1.0909,
    "UKG2": 1.0551,
    "UKK1": 1.1065,
    "UKK2": 1.1077,
    "UKD4": 1.0069,
    "UKE2": 1.0499,
    "UKE4": 1.0108,
    "UKJ3": 1.131,
    "UKD3": 1.0358,
    "UKJ2": 1.151,
    "UKI6": 1.1635,
    "UKI4": 1.2014,
    "UKJ4": 1.1049,
    "UKI5": 1.1403,
    "UKD1": 1.0383,
    "UKC2": 1.0376,
    "UKH1": 1.0691,
    "UKH3": 1.105,
    "UKL2": 1.0527,
    "UKL1": 1.0544,
    "UKD6": 1.0575,
    "UKD7": 1.0102,
    "UKF2": 1.0956,
    "UKF1": 1.0461,
    "UKC1": 1.0154,
    "UKE3": 1.0215,
    "UKE1": 0.992,
    "UKF3": 1.0547,
    "UKK4": 1.0679,
    "UKI3": 1.2548,
    "UKI7": 1.1988,
    "UKK3": 1.1078,
    "UKJ1": 1.1483
  },
  {
    "Date": "1997-07-01",
    "UKH2": 1.1762,
    "UKG3": 1.0674,
    "UKG1": 1.1213,
    "UKG2": 1.0676,
    "UKK1": 1.1337,
    "UKK2": 1.1424,
    "UKD4": 1.0191,
    "UKE2": 1.0629,
    "UKE4": 1.0231,
    "UKJ3": 1.1722,
    "UKD3": 1.0376,
    "UKJ2": 1.1959,
    "UKI6": 1.2164,
    "UKI4": 1.251,
    "UKJ4": 1.1386,
    "UKI5": 1.172,
    "UKD1": 1.0474,
    "UKC2": 1.0517,
    "UKH1": 1.0966,
    "UKH3": 1.1347,
    "UKL2": 1.0741,
    "UKL1": 1.0587,
    "UKD6": 1.0748,
    "UKD7": 1.0112,
    "UKF2": 1.1105,
    "UKF1": 1.0603,
    "UKC1": 1.0214,
    "UKE3": 1.0248,
    "UKE1": 0.9866,
    "UKF3": 1.0668,
    "UKK4": 1.0954,
    "UKI3": 1.3106,
    "UKI7": 1.2563,
    "UKK3": 1.1294,
    "UKJ1": 1.2036
  },
  {
    "Date": "1997-10-01",
    "UKH2": 1.2189,
    "UKG3": 1.0914,
    "UKG1": 1.1466,
    "UKG2": 1.078,
    "UKK1": 1.1638,
    "UKK2": 1.1713,
    "UKD4": 1.0278,
    "UKE2": 1.0802,
    "UKE4": 1.0467,
    "UKJ3": 1.208,
    "UKD3": 1.0564,
    "UKJ2": 1.2413,
    "UKI6": 1.2628,
    "UKI4": 1.2949,
    "UKJ4": 1.1717,
    "UKI5": 1.217,
    "UKD1": 1.0455,
    "UKC2": 1.0674,
    "UKH1": 1.1213,
    "UKH3": 1.1649,
    "UKL2": 1.1024,
    "UKL1": 1.0668,
    "UKD6": 1.089,
    "UKD7": 1.0276,
    "UKF2": 1.1367,
    "UKF1": 1.074,
    "UKC1": 1.0346,
    "UKE3": 1.0428,
    "UKE1": 1.0077,
    "UKF3": 1.0823,
    "UKK4": 1.1155,
    "UKI3": 1.3419,
    "UKI7": 1.2954,
    "UKK3": 1.1584,
    "UKJ1": 1.2413
  },
  {
    "Date": "1998-01-01",
    "UKH2": 1.2461,
    "UKG3": 1.1021,
    "UKG1": 1.1612,
    "UKG2": 1.0938,
    "UKK1": 1.1862,
    "UKK2": 1.2011,
    "UKD4": 1.04,
    "UKE2": 1.0927,
    "UKE4": 1.0454,
    "UKJ3": 1.232,
    "UKD3": 1.0745,
    "UKJ2": 1.2699,
    "UKI6": 1.2885,
    "UKI4": 1.323,
    "UKJ4": 1.1989,
    "UKI5": 1.2489,
    "UKD1": 1.0595,
    "UKC2": 1.0819,
    "UKH1": 1.1396,
    "UKH3": 1.1871,
    "UKL2": 1.1087,
    "UKL1": 1.0782,
    "UKD6": 1.1111,
    "UKD7": 1.0434,
    "UKF2": 1.1473,
    "UKF1": 1.0851,
    "UKC1": 1.035,
    "UKE3": 1.0528,
    "UKE1": 1.0075,
    "UKF3": 1.0966,
    "UKK4": 1.1321,
    "UKI3": 1.375,
    "UKI7": 1.3282,
    "UKK3": 1.1783,
    "UKJ1": 1.2692
  },
  {
    "Date": "1998-04-01",
    "UKH2": 1.2802,
    "UKG3": 1.1204,
    "UKG1": 1.187,
    "UKG2": 1.1089,
    "UKK1": 1.2206,
    "UKK2": 1.2265,
    "UKD4": 1.0525,
    "UKE2": 1.1092,
    "UKE4": 1.056,
    "UKJ3": 1.2655,
    "UKD3": 1.0823,
    "UKJ2": 1.3091,
    "UKI6": 1.3373,
    "UKI4": 1.385,
    "UKJ4": 1.2286,
    "UKI5": 1.2841,
    "UKD1": 1.0861,
    "UKC2": 1.0906,
    "UKH1": 1.1663,
    "UKH3": 1.2216,
    "UKL2": 1.1288,
    "UKL1": 1.095,
    "UKD6": 1.1341,
    "UKD7": 1.0461,
    "UKF2": 1.1785,
    "UKF1": 1.1018,
    "UKC1": 1.0479,
    "UKE3": 1.0627,
    "UKE1": 1.0237,
    "UKF3": 1.109,
    "UKK4": 1.1508,
    "UKI3": 1.4089,
    "UKI7": 1.374,
    "UKK3": 1.2032,
    "UKJ1": 1.3117
  },
  {
    "Date": "1998-07-01",
    "UKH2": 1.3144,
    "UKG3": 1.1382,
    "UKG1": 1.2098,
    "UKG2": 1.1259,
    "UKK1": 1.2466,
    "UKK2": 1.2575,
    "UKD4": 1.0518,
    "UKE2": 1.1281,
    "UKE4": 1.0704,
    "UKJ3": 1.292,
    "UKD3": 1.0923,
    "UKJ2": 1.3415,
    "UKI6": 1.3642,
    "UKI4": 1.4135,
    "UKJ4": 1.2546,
    "UKI5": 1.3162,
    "UKD1": 1.0929,
    "UKC2": 1.1005,
    "UKH1": 1.1919,
    "UKH3": 1.2484,
    "UKL2": 1.1378,
    "UKL1": 1.1054,
    "UKD6": 1.1472,
    "UKD7": 1.0505,
    "UKF2": 1.2013,
    "UKF1": 1.116,
    "UKC1": 1.0479,
    "UKE3": 1.0753,
    "UKE1": 1.0199,
    "UKF3": 1.1244,
    "UKK4": 1.177,
    "UKI3": 1.4552,
    "UKI7": 1.4209,
    "UKK3": 1.2408,
    "UKJ1": 1.3409
  },
  {
    "Date": "1998-10-01",
    "UKH2": 1.3377,
    "UKG3": 1.1562,
    "UKG1": 1.2296,
    "UKG2": 1.1392,
    "UKK1": 1.273,
    "UKK2": 1.274,
    "UKD4": 1.0669,
    "UKE2": 1.1376,
    "UKE4": 1.0832,
    "UKJ3": 1.3138,
    "UKD3": 1.1103,
    "UKJ2": 1.3635,
    "UKI6": 1.3964,
    "UKI4": 1.4311,
    "UKJ4": 1.275,
    "UKI5": 1.3448,
    "UKD1": 1.1103,
    "UKC2": 1.1236,
    "UKH1": 1.2132,
    "UKH3": 1.2673,
    "UKL2": 1.1626,
    "UKL1": 1.1211,
    "UKD6": 1.1673,
    "UKD7": 1.0684,
    "UKF2": 1.2199,
    "UKF1": 1.1336,
    "UKC1": 1.0685,
    "UKE3": 1.0802,
    "UKE1": 1.0264,
    "UKF3": 1.1476,
    "UKK4": 1.189,
    "UKI3": 1.4597,
    "UKI7": 1.4414,
    "UKK3": 1.2513,
    "UKJ1": 1.3646
  },
  {
    "Date": "1999-01-01",
    "UKH2": 1.3477,
    "UKG3": 1.1663,
    "UKG1": 1.2448,
    "UKG2": 1.1521,
    "UKK1": 1.2879,
    "UKK2": 1.2861,
    "UKD4": 1.0738,
    "UKE2": 1.1454,
    "UKE4": 1.0846,
    "UKJ3": 1.3256,
    "UKD3": 1.1224,
    "UKJ2": 1.3724,
    "UKI6": 1.4119,
    "UKI4": 1.4584,
    "UKJ4": 1.2919,
    "UKI5": 1.3522,
    "UKD1": 1.119,
    "UKC2": 1.1241,
    "UKH1": 1.2254,
    "UKH3": 1.2831,
    "UKL2": 1.1684,
    "UKL1": 1.1208,
    "UKD6": 1.1839,
    "UKD7": 1.0769,
    "UKF2": 1.2338,
    "UKF1": 1.1431,
    "UKC1": 1.0614,
    "UKE3": 1.0935,
    "UKE1": 1.0265,
    "UKF3": 1.1483,
    "UKK4": 1.2032,
    "UKI3": 1.4729,
    "UKI7": 1.457,
    "UKK3": 1.2789,
    "UKJ1": 1.381
  },
  {
    "Date": "1999-04-01",
    "UKH2": 1.3908,
    "UKG3": 1.1902,
    "UKG1": 1.2795,
    "UKG2": 1.1702,
    "UKK1": 1.3297,
    "UKK2": 1.3312,
    "UKD4": 1.084,
    "UKE2": 1.1696,
    "UKE4": 1.1034,
    "UKJ3": 1.3659,
    "UKD3": 1.1462,
    "UKJ2": 1.4214,
    "UKI6": 1.4634,
    "UKI4": 1.5176,
    "UKJ4": 1.3232,
    "UKI5": 1.3984,
    "UKD1": 1.1335,
    "UKC2": 1.1517,
    "UKH1": 1.2594,
    "UKH3": 1.3144,
    "UKL2": 1.1913,
    "UKL1": 1.1422,
    "UKD6": 1.2148,
    "UKD7": 1.0989,
    "UKF2": 1.2669,
    "UKF1": 1.1648,
    "UKC1": 1.0711,
    "UKE3": 1.1031,
    "UKE1": 1.0412,
    "UKF3": 1.1737,
    "UKK4": 1.229,
    "UKI3": 1.5361,
    "UKI7": 1.5135,
    "UKK3": 1.2958,
    "UKJ1": 1.4253
  },
  {
    "Date": "1999-07-01",
    "UKH2": 1.4492,
    "UKG3": 1.215,
    "UKG1": 1.3188,
    "UKG2": 1.1967,
    "UKK1": 1.3867,
    "UKK2": 1.3838,
    "UKD4": 1.1036,
    "UKE2": 1.1986,
    "UKE4": 1.1168,
    "UKJ3": 1.4165,
    "UKD3": 1.1656,
    "UKJ2": 1.484,
    "UKI6": 1.5379,
    "UKI4": 1.6076,
    "UKJ4": 1.3746,
    "UKI5": 1.4526,
    "UKD1": 1.1609,
    "UKC2": 1.1636,
    "UKH1": 1.2981,
    "UKH3": 1.3595,
    "UKL2": 1.2185,
    "UKL1": 1.1608,
    "UKD6": 1.2488,
    "UKD7": 1.1114,
    "UKF2": 1.2982,
    "UKF1": 1.1849,
    "UKC1": 1.0883,
    "UKE3": 1.1276,
    "UKE1": 1.0456,
    "UKF3": 1.2055,
    "UKK4": 1.2699,
    "UKI3": 1.6238,
    "UKI7": 1.5888,
    "UKK3": 1.3363,
    "UKJ1": 1.4932
  },
  {
    "Date": "1999-10-01",
    "UKH2": 1.5238,
    "UKG3": 1.2554,
    "UKG1": 1.3666,
    "UKG2": 1.226,
    "UKK1": 1.4585,
    "UKK2": 1.4568,
    "UKD4": 1.1189,
    "UKE2": 1.2313,
    "UKE4": 1.1441,
    "UKJ3": 1.4929,
    "UKD3": 1.1909,
    "UKJ2": 1.5675,
    "UKI6": 1.63,
    "UKI4": 1.6945,
    "UKJ4": 1.4395,
    "UKI5": 1.5298,
    "UKD1": 1.1766,
    "UKC2": 1.1818,
    "UKH1": 1.3519,
    "UKH3": 1.4211,
    "UKL2": 1.2653,
    "UKL1": 1.1797,
    "UKD6": 1.2846,
    "UKD7": 1.1374,
    "UKF2": 1.3427,
    "UKF1": 1.2131,
    "UKC1": 1.1008,
    "UKE3": 1.1552,
    "UKE1": 1.0602,
    "UKF3": 1.2248,
    "UKK4": 1.321,
    "UKI3": 1.7249,
    "UKI7": 1.6939,
    "UKK3": 1.3934,
    "UKJ1": 1.5747
  },
  {
    "Date": "2000-01-01",
    "UKH2": 1.5893,
    "UKG3": 1.2734,
    "UKG1": 1.4051,
    "UKG2": 1.2599,
    "UKK1": 1.5135,
    "UKK2": 1.5071,
    "UKD4": 1.1327,
    "UKE2": 1.2707,
    "UKE4": 1.1572,
    "UKJ3": 1.5598,
    "UKD3": 1.224,
    "UKJ2": 1.6344,
    "UKI6": 1.7146,
    "UKI4": 1.7793,
    "UKJ4": 1.4995,
    "UKI5": 1.5955,
    "UKD1": 1.1866,
    "UKC2": 1.196,
    "UKH1": 1.41,
    "UKH3": 1.4773,
    "UKL2": 1.2909,
    "UKL1": 1.1981,
    "UKD6": 1.3189,
    "UKD7": 1.1606,
    "UKF2": 1.3853,
    "UKF1": 1.2357,
    "UKC1": 1.1175,
    "UKE3": 1.1601,
    "UKE1": 1.0639,
    "UKF3": 1.2553,
    "UKK4": 1.3678,
    "UKI3": 1.7851,
    "UKI7": 1.759,
    "UKK3": 1.4344,
    "UKJ1": 1.6468
  },
  {
    "Date": "2000-04-01",
    "UKH2": 1.6641,
    "UKG3": 1.3237,
    "UKG1": 1.4616,
    "UKG2": 1.2803,
    "UKK1": 1.5945,
    "UKK2": 1.5797,
    "UKD4": 1.1576,
    "UKE2": 1.3087,
    "UKE4": 1.1866,
    "UKJ3": 1.6422,
    "UKD3": 1.2414,
    "UKJ2": 1.7208,
    "UKI6": 1.8182,
    "UKI4": 1.8827,
    "UKJ4": 1.5714,
    "UKI5": 1.6837,
    "UKD1": 1.2109,
    "UKC2": 1.2194,
    "UKH1": 1.4721,
    "UKH3": 1.55,
    "UKL2": 1.3235,
    "UKL1": 1.2292,
    "UKD6": 1.3609,
    "UKD7": 1.1971,
    "UKF2": 1.432,
    "UKF1": 1.2705,
    "UKC1": 1.1236,
    "UKE3": 1.1885,
    "UKE1": 1.0928,
    "UKF3": 1.2959,
    "UKK4": 1.4388,
    "UKI3": 1.8915,
    "UKI7": 1.8647,
    "UKK3": 1.4889,
    "UKJ1": 1.7314
  },
  {
    "Date": "2000-07-01",
    "UKH2": 1.7263,
    "UKG3": 1.3597,
    "UKG1": 1.4976,
    "UKG2": 1.3173,
    "UKK1": 1.6399,
    "UKK2": 1.6294,
    "UKD4": 1.1732,
    "UKE2": 1.3543,
    "UKE4": 1.2202,
    "UKJ3": 1.6991,
    "UKD3": 1.2777,
    "UKJ2": 1.7694,
    "UKI6": 1.8635,
    "UKI4": 1.9429,
    "UKJ4": 1.6251,
    "UKI5": 1.7451,
    "UKD1": 1.2494,
    "UKC2": 1.2414,
    "UKH1": 1.5279,
    "UKH3": 1.6078,
    "UKL2": 1.3602,
    "UKL1": 1.242,
    "UKD6": 1.3866,
    "UKD7": 1.2044,
    "UKF2": 1.4867,
    "UKF1": 1.3041,
    "UKC1": 1.1415,
    "UKE3": 1.2118,
    "UKE1": 1.1067,
    "UKF3": 1.3281,
    "UKK4": 1.4747,
    "UKI3": 1.9343,
    "UKI7": 1.8933,
    "UKK3": 1.5639,
    "UKJ1": 1.7876
  },
  {
    "Date": "2000-10-01",
    "UKH2": 1.7527,
    "UKG3": 1.3841,
    "UKG1": 1.5365,
    "UKG2": 1.3515,
    "UKK1": 1.6654,
    "UKK2": 1.658,
    "UKD4": 1.1991,
    "UKE2": 1.3851,
    "UKE4": 1.2302,
    "UKJ3": 1.7277,
    "UKD3": 1.2987,
    "UKJ2": 1.7965,
    "UKI6": 1.8819,
    "UKI4": 1.9536,
    "UKJ4": 1.6469,
    "UKI5": 1.7734,
    "UKD1": 1.2655,
    "UKC2": 1.2614,
    "UKH1": 1.5539,
    "UKH3": 1.6387,
    "UKL2": 1.3836,
    "UKL1": 1.2621,
    "UKD6": 1.4255,
    "UKD7": 1.2446,
    "UKF2": 1.5124,
    "UKF1": 1.3286,
    "UKC1": 1.1535,
    "UKE3": 1.2288,
    "UKE1": 1.1205,
    "UKF3": 1.3616,
    "UKK4": 1.5062,
    "UKI3": 1.9262,
    "UKI7": 1.9171,
    "UKK3": 1.5786,
    "UKJ1": 1.8008
  },
  {
    "Date": "2001-01-01",
    "UKH2": 1.7643,
    "UKG3": 1.414,
    "UKG1": 1.5544,
    "UKG2": 1.3616,
    "UKK1": 1.6895,
    "UKK2": 1.674,
    "UKD4": 1.2071,
    "UKE2": 1.4102,
    "UKE4": 1.2427,
    "UKJ3": 1.7516,
    "UKD3": 1.3086,
    "UKJ2": 1.82,
    "UKI6": 1.9011,
    "UKI4": 2.0059,
    "UKJ4": 1.6742,
    "UKI5": 1.795,
    "UKD1": 1.2669,
    "UKC2": 1.2831,
    "UKH1": 1.576,
    "UKH3": 1.6611,
    "UKL2": 1.3961,
    "UKL1": 1.2693,
    "UKD6": 1.454,
    "UKD7": 1.2533,
    "UKF2": 1.5397,
    "UKF1": 1.3394,
    "UKC1": 1.1666,
    "UKE3": 1.2201,
    "UKE1": 1.1277,
    "UKF3": 1.3883,
    "UKK4": 1.5438,
    "UKI3": 1.9719,
    "UKI7": 1.9446,
    "UKK3": 1.592,
    "UKJ1": 1.8222
  },
  {
    "Date": "2001-04-01",
    "UKH2": 1.8268,
    "UKG3": 1.462,
    "UKG1": 1.6053,
    "UKG2": 1.4067,
    "UKK1": 1.7532,
    "UKK2": 1.7345,
    "UKD4": 1.2327,
    "UKE2": 1.4615,
    "UKE4": 1.2798,
    "UKJ3": 1.8164,
    "UKD3": 1.3537,
    "UKJ2": 1.8897,
    "UKI6": 1.9613,
    "UKI4": 2.0902,
    "UKJ4": 1.7326,
    "UKI5": 1.8773,
    "UKD1": 1.3129,
    "UKC2": 1.3119,
    "UKH1": 1.6418,
    "UKH3": 1.723,
    "UKL2": 1.4535,
    "UKL1": 1.3003,
    "UKD6": 1.4942,
    "UKD7": 1.2884,
    "UKF2": 1.5934,
    "UKF1": 1.3921,
    "UKC1": 1.1844,
    "UKE3": 1.2819,
    "UKE1": 1.1532,
    "UKF3": 1.4467,
    "UKK4": 1.6115,
    "UKI3": 2.0492,
    "UKI7": 2.0114,
    "UKK3": 1.6689,
    "UKJ1": 1.8867
  },
  {
    "Date": "2001-07-01",
    "UKH2": 1.8843,
    "UKG3": 1.5048,
    "UKG1": 1.6542,
    "UKG2": 1.4415,
    "UKK1": 1.8189,
    "UKK2": 1.8028,
    "UKD4": 1.2567,
    "UKE2": 1.5196,
    "UKE4": 1.3223,
    "UKJ3": 1.8853,
    "UKD3": 1.3897,
    "UKJ2": 1.9543,
    "UKI6": 2.0357,
    "UKI4": 2.1588,
    "UKJ4": 1.7917,
    "UKI5": 1.958,
    "UKD1": 1.333,
    "UKC2": 1.348,
    "UKH1": 1.7177,
    "UKH3": 1.7935,
    "UKL2": 1.4954,
    "UKL1": 1.3375,
    "UKD6": 1.5316,
    "UKD7": 1.3218,
    "UKF2": 1.6413,
    "UKF1": 1.44,
    "UKC1": 1.2145,
    "UKE3": 1.3086,
    "UKE1": 1.1782,
    "UKF3": 1.4898,
    "UKK4": 1.7001,
    "UKI3": 2.1239,
    "UKI7": 2.0956,
    "UKK3": 1.7323,
    "UKJ1": 1.9537
  },
  {
    "Date": "2001-10-01",
    "UKH2": 1.9481,
    "UKG3": 1.5551,
    "UKG1": 1.6998,
    "UKG2": 1.4902,
    "UKK1": 1.8717,
    "UKK2": 1.8678,
    "UKD4": 1.2873,
    "UKE2": 1.5882,
    "UKE4": 1.3529,
    "UKJ3": 1.9489,
    "UKD3": 1.4295,
    "UKJ2": 2.0173,
    "UKI6": 2.1097,
    "UKI4": 2.2211,
    "UKJ4": 1.8536,
    "UKI5": 2.0349,
    "UKD1": 1.3586,
    "UKC2": 1.3928,
    "UKH1": 1.7876,
    "UKH3": 1.866,
    "UKL2": 1.5399,
    "UKL1": 1.3591,
    "UKD6": 1.5904,
    "UKD7": 1.3567,
    "UKF2": 1.7061,
    "UKF1": 1.4886,
    "UKC1": 1.2304,
    "UKE3": 1.3432,
    "UKE1": 1.2269,
    "UKF3": 1.5463,
    "UKK4": 1.7519,
    "UKI3": 2.1583,
    "UKI7": 2.1563,
    "UKK3": 1.8165,
    "UKJ1": 2.0126
  },
  {
    "Date": "2002-01-01",
    "UKH2": 1.9945,
    "UKG3": 1.5877,
    "UKG1": 1.7392,
    "UKG2": 1.5157,
    "UKK1": 1.9252,
    "UKK2": 1.9267,
    "UKD4": 1.3175,
    "UKE2": 1.6256,
    "UKE4": 1.3853,
    "UKJ3": 1.9978,
    "UKD3": 1.4571,
    "UKJ2": 2.0515,
    "UKI6": 2.1477,
    "UKI4": 2.2646,
    "UKJ4": 1.899,
    "UKI5": 2.0857,
    "UKD1": 1.4059,
    "UKC2": 1.4302,
    "UKH1": 1.8367,
    "UKH3": 1.9155,
    "UKL2": 1.5926,
    "UKL1": 1.3854,
    "UKD6": 1.6281,
    "UKD7": 1.3913,
    "UKF2": 1.7547,
    "UKF1": 1.5385,
    "UKC1": 1.2611,
    "UKE3": 1.3803,
    "UKE1": 1.2514,
    "UKF3": 1.5949,
    "UKK4": 1.8145,
    "UKI3": 2.1776,
    "UKI7": 2.1962,
    "UKK3": 1.8864,
    "UKJ1": 2.0552
  },
  {
    "Date": "2002-04-01",
    "UKH2": 2.0957,
    "UKG3": 1.6769,
    "UKG1": 1.8346,
    "UKG2": 1.5983,
    "UKK1": 2.021,
    "UKK2": 2.0318,
    "UKD4": 1.3836,
    "UKE2": 1.735,
    "UKE4": 1.4572,
    "UKJ3": 2.0995,
    "UKD3": 1.5366,
    "UKJ2": 2.1489,
    "UKI6": 2.2435,
    "UKI4": 2.3655,
    "UKJ4": 1.9971,
    "UKI5": 2.193,
    "UKD1": 1.4595,
    "UKC2": 1.5229,
    "UKH1": 1.9453,
    "UKH3": 2.0229,
    "UKL2": 1.6741,
    "UKL1": 1.4471,
    "UKD6": 1.7117,
    "UKD7": 1.4469,
    "UKF2": 1.8552,
    "UKF1": 1.6391,
    "UKC1": 1.3254,
    "UKE3": 1.4584,
    "UKE1": 1.3395,
    "UKF3": 1.6991,
    "UKK4": 1.9249,
    "UKI3": 2.2851,
    "UKI7": 2.2932,
    "UKK3": 2.0322,
    "UKJ1": 2.1439
  },
  {
    "Date": "2002-07-01",
    "UKH2": 2.2256,
    "UKG3": 1.7774,
    "UKG1": 1.9424,
    "UKG2": 1.7047,
    "UKK1": 2.1615,
    "UKK2": 2.1689,
    "UKD4": 1.4575,
    "UKE2": 1.8547,
    "UKE4": 1.55,
    "UKJ3": 2.2272,
    "UKD3": 1.6026,
    "UKJ2": 2.2635,
    "UKI6": 2.3595,
    "UKI4": 2.4798,
    "UKJ4": 2.127,
    "UKI5": 2.3354,
    "UKD1": 1.5294,
    "UKC2": 1.6236,
    "UKH1": 2.077,
    "UKH3": 2.1615,
    "UKL2": 1.7952,
    "UKL1": 1.5332,
    "UKD6": 1.8031,
    "UKD7": 1.5203,
    "UKF2": 1.9775,
    "UKF1": 1.7663,
    "UKC1": 1.3943,
    "UKE3": 1.5505,
    "UKE1": 1.4237,
    "UKF3": 1.8444,
    "UKK4": 2.0844,
    "UKI3": 2.3804,
    "UKI7": 2.4169,
    "UKK3": 2.2079,
    "UKJ1": 2.2485
  },
  {
    "Date": "2002-10-01",
    "UKH2": 2.3635,
    "UKG3": 1.8876,
    "UKG1": 2.052,
    "UKG2": 1.8129,
    "UKK1": 2.2769,
    "UKK2": 2.3042,
    "UKD4": 1.5339,
    "UKE2": 1.9569,
    "UKE4": 1.6368,
    "UKJ3": 2.3412,
    "UKD3": 1.6741,
    "UKJ2": 2.3778,
    "UKI6": 2.4822,
    "UKI4": 2.5666,
    "UKJ4": 2.242,
    "UKI5": 2.4718,
    "UKD1": 1.6009,
    "UKC2": 1.7383,
    "UKH1": 2.1736,
    "UKH3": 2.2917,
    "UKL2": 1.885,
    "UKL1": 1.6203,
    "UKD6": 1.8922,
    "UKD7": 1.612,
    "UKF2": 2.0992,
    "UKF1": 1.8853,
    "UKC1": 1.4804,
    "UKE3": 1.6376,
    "UKE1": 1.5235,
    "UKF3": 1.9719,
    "UKK4": 2.2106,
    "UKI3": 2.4293,
    "UKI7": 2.5101,
    "UKK3": 2.3685,
    "UKJ1": 2.3478
  },
  {
    "Date": "2003-01-01",
    "UKH2": 2.4427,
    "UKG3": 1.9678,
    "UKG1": 2.1317,
    "UKG2": 1.8731,
    "UKK1": 2.3347,
    "UKK2": 2.3879,
    "UKD4": 1.5865,
    "UKE2": 2.0237,
    "UKE4": 1.6969,
    "UKJ3": 2.4226,
    "UKD3": 1.7292,
    "UKJ2": 2.4425,
    "UKI6": 2.5637,
    "UKI4": 2.6142,
    "UKJ4": 2.3239,
    "UKI5": 2.5474,
    "UKD1": 1.6802,
    "UKC2": 1.7965,
    "UKH1": 2.2443,
    "UKH3": 2.3883,
    "UKL2": 1.9641,
    "UKL1": 1.6888,
    "UKD6": 1.9631,
    "UKD7": 1.6584,
    "UKF2": 2.1711,
    "UKF1": 1.974,
    "UKC1": 1.5369,
    "UKE3": 1.727,
    "UKE1": 1.5803,
    "UKF3": 2.0595,
    "UKK4": 2.288,
    "UKI3": 2.4279,
    "UKI7": 2.5907,
    "UKK3": 2.4527,
    "UKJ1": 2.4005
  },
  {
    "Date": "2003-04-01",
    "UKH2": 2.4894,
    "UKG3": 2.0565,
    "UKG1": 2.2003,
    "UKG2": 1.9628,
    "UKK1": 2.4006,
    "UKK2": 2.4586,
    "UKD4": 1.6756,
    "UKE2": 2.1169,
    "UKE4": 1.8025,
    "UKJ3": 2.4769,
    "UKD3": 1.8203,
    "UKJ2": 2.5021,
    "UKI6": 2.6041,
    "UKI4": 2.6597,
    "UKJ4": 2.4024,
    "UKI5": 2.6133,
    "UKD1": 1.7676,
    "UKC2": 1.9541,
    "UKH1": 2.3088,
    "UKH3": 2.4507,
    "UKL2": 2.0603,
    "UKL1": 1.7826,
    "UKD6": 2.0457,
    "UKD7": 1.7654,
    "UKF2": 2.2723,
    "UKF1": 2.0708,
    "UKC1": 1.6436,
    "UKE3": 1.8373,
    "UKE1": 1.6813,
    "UKF3": 2.1698,
    "UKK4": 2.3688,
    "UKI3": 2.4377,
    "UKI7": 2.6239,
    "UKK3": 2.565,
    "UKJ1": 2.4446
  },
  {
    "Date": "2003-07-01",
    "UKH2": 2.5202,
    "UKG3": 2.1241,
    "UKG1": 2.2679,
    "UKG2": 2.0406,
    "UKK1": 2.4247,
    "UKK2": 2.5073,
    "UKD4": 1.7599,
    "UKE2": 2.1964,
    "UKE4": 1.8849,
    "UKJ3": 2.4943,
    "UKD3": 1.9129,
    "UKJ2": 2.521,
    "UKI6": 2.625,
    "UKI4": 2.6714,
    "UKJ4": 2.4478,
    "UKI5": 2.6331,
    "UKD1": 1.8801,
    "UKC2": 2.0586,
    "UKH1": 2.3516,
    "UKH3": 2.4809,
    "UKL2": 2.1405,
    "UKL1": 1.8817,
    "UKD6": 2.1214,
    "UKD7": 1.8496,
    "UKF2": 2.3372,
    "UKF1": 2.1589,
    "UKC1": 1.7356,
    "UKE3": 1.9138,
    "UKE1": 1.7725,
    "UKF3": 2.2469,
    "UKK4": 2.4327,
    "UKI3": 2.4443,
    "UKI7": 2.6468,
    "UKK3": 2.6496,
    "UKJ1": 2.4676
  },
  {
    "Date": "2003-10-01",
    "UKH2": 2.5659,
    "UKG3": 2.2035,
    "UKG1": 2.3467,
    "UKG2": 2.14,
    "UKK1": 2.4833,
    "UKK2": 2.5804,
    "UKD4": 1.853,
    "UKE2": 2.2807,
    "UKE4": 1.9746,
    "UKJ3": 2.5545,
    "UKD3": 1.9935,
    "UKJ2": 2.5651,
    "UKI6": 2.6666,
    "UKI4": 2.7096,
    "UKJ4": 2.5104,
    "UKI5": 2.7039,
    "UKD1": 1.9713,
    "UKC2": 2.1523,
    "UKH1": 2.4204,
    "UKH3": 2.5432,
    "UKL2": 2.2085,
    "UKL1": 2.0027,
    "UKD6": 2.2023,
    "UKD7": 1.9658,
    "UKF2": 2.3968,
    "UKF1": 2.233,
    "UKC1": 1.843,
    "UKE3": 2.0264,
    "UKE1": 1.8518,
    "UKF3": 2.3151,
    "UKK4": 2.5008,
    "UKI3": 2.4719,
    "UKI7": 2.6981,
    "UKK3": 2.7449,
    "UKJ1": 2.5095
  },
  {
    "Date": "2004-01-01",
    "UKH2": 2.6146,
    "UKG3": 2.249,
    "UKG1": 2.3957,
    "UKG2": 2.2041,
    "UKK1": 2.5352,
    "UKK2": 2.6572,
    "UKD4": 1.9272,
    "UKE2": 2.3458,
    "UKE4": 2.0375,
    "UKJ3": 2.6119,
    "UKD3": 2.048,
    "UKJ2": 2.6251,
    "UKI6": 2.7154,
    "UKI4": 2.7484,
    "UKJ4": 2.5764,
    "UKI5": 2.7392,
    "UKD1": 2.0835,
    "UKC2": 2.219,
    "UKH1": 2.4767,
    "UKH3": 2.5939,
    "UKL2": 2.2953,
    "UKL1": 2.1039,
    "UKD6": 2.2661,
    "UKD7": 2.0621,
    "UKF2": 2.4554,
    "UKF1": 2.2879,
    "UKC1": 1.9144,
    "UKE3": 2.1197,
    "UKE1": 1.9408,
    "UKF3": 2.3928,
    "UKK4": 2.5683,
    "UKI3": 2.5365,
    "UKI7": 2.7539,
    "UKK3": 2.8543,
    "UKJ1": 2.5526
  },
  {
    "Date": "2004-04-01",
    "UKH2": 2.6964,
    "UKG3": 2.3566,
    "UKG1": 2.5019,
    "UKG2": 2.3231,
    "UKK1": 2.6371,
    "UKK2": 2.7499,
    "UKD4": 2.0885,
    "UKE2": 2.4876,
    "UKE4": 2.1615,
    "UKJ3": 2.6945,
    "UKD3": 2.2006,
    "UKJ2": 2.7012,
    "UKI6": 2.7903,
    "UKI4": 2.8435,
    "UKJ4": 2.6698,
    "UKI5": 2.8213,
    "UKD1": 2.2482,
    "UKC2": 2.3726,
    "UKH1": 2.5788,
    "UKH3": 2.685,
    "UKL2": 2.428,
    "UKL1": 2.2659,
    "UKD6": 2.4031,
    "UKD7": 2.2392,
    "UKF2": 2.5714,
    "UKF1": 2.4072,
    "UKC1": 2.098,
    "UKE3": 2.2879,
    "UKE1": 2.0954,
    "UKF3": 2.4968,
    "UKK4": 2.7166,
    "UKI3": 2.6236,
    "UKI7": 2.8225,
    "UKK3": 2.9907,
    "UKJ1": 2.6258
  },
  {
    "Date": "2004-07-01",
    "UKH2": 2.7679,
    "UKG3": 2.4466,
    "UKG1": 2.5909,
    "UKG2": 2.4353,
    "UKK1": 2.7209,
    "UKK2": 2.832,
    "UKD4": 2.1934,
    "UKE2": 2.5751,
    "UKE4": 2.2654,
    "UKJ3": 2.7512,
    "UKD3": 2.3186,
    "UKJ2": 2.7768,
    "UKI6": 2.88,
    "UKI4": 2.9285,
    "UKJ4": 2.7491,
    "UKI5": 2.9002,
    "UKD1": 2.3686,
    "UKC2": 2.4921,
    "UKH1": 2.6826,
    "UKH3": 2.7702,
    "UKL2": 2.5377,
    "UKL1": 2.4138,
    "UKD6": 2.4927,
    "UKD7": 2.3733,
    "UKF2": 2.6674,
    "UKF1": 2.5249,
    "UKC1": 2.2295,
    "UKE3": 2.3954,
    "UKE1": 2.2121,
    "UKF3": 2.6108,
    "UKK4": 2.8302,
    "UKI3": 2.6918,
    "UKI7": 2.8826,
    "UKK3": 3.1122,
    "UKJ1": 2.6952
  },
  {
    "Date": "2004-10-01",
    "UKH2": 2.8111,
    "UKG3": 2.5036,
    "UKG1": 2.646,
    "UKG2": 2.4863,
    "UKK1": 2.7666,
    "UKK2": 2.8621,
    "UKD4": 2.251,
    "UKE2": 2.6328,
    "UKE4": 2.3334,
    "UKJ3": 2.7982,
    "UKD3": 2.3809,
    "UKJ2": 2.8087,
    "UKI6": 2.911,
    "UKI4": 2.9576,
    "UKJ4": 2.805,
    "UKI5": 2.9589,
    "UKD1": 2.409,
    "UKC2": 2.5495,
    "UKH1": 2.7126,
    "UKH3": 2.8274,
    "UKL2": 2.5914,
    "UKL1": 2.4815,
    "UKD6": 2.5594,
    "UKD7": 2.4316,
    "UKF2": 2.7115,
    "UKF1": 2.5565,
    "UKC1": 2.3217,
    "UKE3": 2.4519,
    "UKE1": 2.2492,
    "UKF3": 2.6543,
    "UKK4": 2.8686,
    "UKI3": 2.6829,
    "UKI7": 2.9167,
    "UKK3": 3.1568,
    "UKJ1": 2.7292
  },
  {
    "Date": "2005-01-01",
    "UKH2": 2.8033,
    "UKG3": 2.5089,
    "UKG1": 2.6409,
    "UKG2": 2.4976,
    "UKK1": 2.7611,
    "UKK2": 2.8573,
    "UKD4": 2.2545,
    "UKE2": 2.6284,
    "UKE4": 2.3437,
    "UKJ3": 2.7798,
    "UKD3": 2.3929,
    "UKJ2": 2.8063,
    "UKI6": 2.9072,
    "UKI4": 2.9594,
    "UKJ4": 2.7973,
    "UKI5": 2.9539,
    "UKD1": 2.4552,
    "UKC2": 2.5296,
    "UKH1": 2.7058,
    "UKH3": 2.8108,
    "UKL2": 2.6161,
    "UKL1": 2.4815,
    "UKD6": 2.5624,
    "UKD7": 2.4395,
    "UKF2": 2.6977,
    "UKF1": 2.5504,
    "UKC1": 2.2882,
    "UKE3": 2.4799,
    "UKE1": 2.2727,
    "UKF3": 2.6608,
    "UKK4": 2.8648,
    "UKI3": 2.6588,
    "UKI7": 2.8989,
    "UKK3": 3.1309,
    "UKJ1": 2.7259
  },
  {
    "Date": "2005-04-01",
    "UKH2": 2.8421,
    "UKG3": 2.5488,
    "UKG1": 2.6942,
    "UKG2": 2.5494,
    "UKK1": 2.8002,
    "UKK2": 2.9077,
    "UKD4": 2.3294,
    "UKE2": 2.7146,
    "UKE4": 2.4086,
    "UKJ3": 2.8193,
    "UKD3": 2.454,
    "UKJ2": 2.8288,
    "UKI6": 2.9208,
    "UKI4": 2.9755,
    "UKJ4": 2.837,
    "UKI5": 2.9853,
    "UKD1": 2.5091,
    "UKC2": 2.5935,
    "UKH1": 2.7595,
    "UKH3": 2.8575,
    "UKL2": 2.6555,
    "UKL1": 2.5275,
    "UKD6": 2.6056,
    "UKD7": 2.508,
    "UKF2": 2.7485,
    "UKF1": 2.5955,
    "UKC1": 2.3625,
    "UKE3": 2.5459,
    "UKE1": 2.3144,
    "UKF3": 2.6912,
    "UKK4": 2.9166,
    "UKI3": 2.7271,
    "UKI7": 2.9236,
    "UKK3": 3.1953,
    "UKJ1": 2.7468
  },
  {
    "Date": "2005-07-01",
    "UKH2": 2.8494,
    "UKG3": 2.5825,
    "UKG1": 2.7183,
    "UKG2": 2.5876,
    "UKK1": 2.8233,
    "UKK2": 2.9365,
    "UKD4": 2.352,
    "UKE2": 2.728,
    "UKE4": 2.4382,
    "UKJ3": 2.825,
    "UKD3": 2.4878,
    "UKJ2": 2.8582,
    "UKI6": 2.9239,
    "UKI4": 3.0131,
    "UKJ4": 2.8672,
    "UKI5": 2.9981,
    "UKD1": 2.5457,
    "UKC2": 2.6304,
    "UKH1": 2.7764,
    "UKH3": 2.8806,
    "UKL2": 2.6798,
    "UKL1": 2.5915,
    "UKD6": 2.6233,
    "UKD7": 2.5103,
    "UKF2": 2.763,
    "UKF1": 2.6228,
    "UKC1": 2.3801,
    "UKE3": 2.5684,
    "UKE1": 2.3461,
    "UKF3": 2.7051,
    "UKK4": 2.9356,
    "UKI3": 2.7581,
    "UKI7": 2.9402,
    "UKK3": 3.2267,
    "UKJ1": 2.7551
  },
  {
    "Date": "2005-10-01",
    "UKH2": 2.8652,
    "UKG3": 2.6049,
    "UKG1": 2.7285,
    "UKG2": 2.6099,
    "UKK1": 2.8571,
    "UKK2": 2.9562,
    "UKD4": 2.3938,
    "UKE2": 2.7496,
    "UKE4": 2.4694,
    "UKJ3": 2.8319,
    "UKD3": 2.5326,
    "UKJ2": 2.8846,
    "UKI6": 2.9477,
    "UKI4": 3.0733,
    "UKJ4": 2.884,
    "UKI5": 3.0273,
    "UKD1": 2.5704,
    "UKC2": 2.6346,
    "UKH1": 2.8124,
    "UKH3": 2.9091,
    "UKL2": 2.6947,
    "UKL1": 2.6,
    "UKD6": 2.6644,
    "UKD7": 2.5441,
    "UKF2": 2.7869,
    "UKF1": 2.6434,
    "UKC1": 2.4317,
    "UKE3": 2.6068,
    "UKE1": 2.3597,
    "UKF3": 2.7266,
    "UKK4": 2.9698,
    "UKI3": 2.785,
    "UKI7": 2.9719,
    "UKK3": 3.2519,
    "UKJ1": 2.7822
  },
  {
    "Date": "2006-01-01",
    "UKH2": 2.8926,
    "UKG3": 2.6218,
    "UKG1": 2.7612,
    "UKG2": 2.6342,
    "UKK1": 2.8746,
    "UKK2": 2.9869,
    "UKD4": 2.4329,
    "UKE2": 2.7842,
    "UKE4": 2.5017,
    "UKJ3": 2.8591,
    "UKD3": 2.5481,
    "UKJ2": 2.8978,
    "UKI6": 2.9738,
    "UKI4": 3.1101,
    "UKJ4": 2.915,
    "UKI5": 3.0536,
    "UKD1": 2.619,
    "UKC2": 2.657,
    "UKH1": 2.8368,
    "UKH3": 2.9176,
    "UKL2": 2.721,
    "UKL1": 2.625,
    "UKD6": 2.6718,
    "UKD7": 2.5442,
    "UKF2": 2.8128,
    "UKF1": 2.6769,
    "UKC1": 2.4333,
    "UKE3": 2.6361,
    "UKE1": 2.384,
    "UKF3": 2.7527,
    "UKK4": 2.9952,
    "UKI3": 2.8237,
    "UKI7": 2.9777,
    "UKK3": 3.2821,
    "UKJ1": 2.8165
  },
  {
    "Date": "2006-04-01",
    "UKH2": 2.9512,
    "UKG3": 2.6766,
    "UKG1": 2.8048,
    "UKG2": 2.6977,
    "UKK1": 2.964,
    "UKK2": 3.0476,
    "UKD4": 2.495,
    "UKE2": 2.8556,
    "UKE4": 2.5611,
    "UKJ3": 2.9249,
    "UKD3": 2.6165,
    "UKJ2": 2.9686,
    "UKI6": 3.0353,
    "UKI4": 3.1963,
    "UKJ4": 2.9753,
    "UKI5": 3.1037,
    "UKD1": 2.6975,
    "UKC2": 2.7178,
    "UKH1": 2.9167,
    "UKH3": 2.9809,
    "UKL2": 2.7705,
    "UKL1": 2.6981,
    "UKD6": 2.7196,
    "UKD7": 2.6104,
    "UKF2": 2.8682,
    "UKF1": 2.7271,
    "UKC1": 2.4857,
    "UKE3": 2.6937,
    "UKE1": 2.4548,
    "UKF3": 2.8195,
    "UKK4": 3.0673,
    "UKI3": 2.9391,
    "UKI7": 3.0505,
    "UKK3": 3.3501,
    "UKJ1": 2.8771
  },
  {
    "Date": "2006-07-01",
    "UKH2": 3.0079,
    "UKG3": 2.7124,
    "UKG1": 2.8525,
    "UKG2": 2.7423,
    "UKK1": 3.0158,
    "UKK2": 3.1083,
    "UKD4": 2.5404,
    "UKE2": 2.9,
    "UKE4": 2.6022,
    "UKJ3": 2.9789,
    "UKD3": 2.6456,
    "UKJ2": 3.036,
    "UKI6": 3.1104,
    "UKI4": 3.3087,
    "UKJ4": 3.0289,
    "UKI5": 3.1719,
    "UKD1": 2.7472,
    "UKC2": 2.7587,
    "UKH1": 2.9784,
    "UKH3": 3.0275,
    "UKL2": 2.8356,
    "UKL1": 2.7392,
    "UKD6": 2.7645,
    "UKD7": 2.6418,
    "UKF2": 2.9244,
    "UKF1": 2.7572,
    "UKC1": 2.5108,
    "UKE3": 2.734,
    "UKE1": 2.4959,
    "UKF3": 2.8635,
    "UKK4": 3.1285,
    "UKI3": 3.0728,
    "UKI7": 3.1317,
    "UKK3": 3.4243,
    "UKJ1": 2.9283
  },
  {
    "Date": "2006-10-01",
    "UKH2": 3.0736,
    "UKG3": 2.7537,
    "UKG1": 2.9079,
    "UKG2": 2.7767,
    "UKK1": 3.0987,
    "UKK2": 3.1653,
    "UKD4": 2.5929,
    "UKE2": 2.9566,
    "UKE4": 2.6631,
    "UKJ3": 3.0435,
    "UKD3": 2.7112,
    "UKJ2": 3.1109,
    "UKI6": 3.1905,
    "UKI4": 3.4086,
    "UKJ4": 3.0812,
    "UKI5": 3.2329,
    "UKD1": 2.7874,
    "UKC2": 2.7966,
    "UKH1": 3.0548,
    "UKH3": 3.0926,
    "UKL2": 2.8844,
    "UKL1": 2.7967,
    "UKD6": 2.8106,
    "UKD7": 2.696,
    "UKF2": 2.9785,
    "UKF1": 2.8022,
    "UKC1": 2.5648,
    "UKE3": 2.7911,
    "UKE1": 2.5593,
    "UKF3": 2.917,
    "UKK4": 3.1894,
    "UKI3": 3.1687,
    "UKI7": 3.2196,
    "UKK3": 3.4979,
    "UKJ1": 2.9974
  },
  {
    "Date": "2007-01-01",
    "UKH2": 3.1303,
    "UKG3": 2.7798,
    "UKG1": 2.9321,
    "UKG2": 2.8137,
    "UKK1": 3.151,
    "UKK2": 3.2237,
    "UKD4": 2.6254,
    "UKE2": 3.0029,
    "UKE4": 2.7061,
    "UKJ3": 3.0939,
    "UKD3": 2.7319,
    "UKJ2": 3.1708,
    "UKI6": 3.2835,
    "UKI4": 3.5143,
    "UKJ4": 3.1403,
    "UKI5": 3.3152,
    "UKD1": 2.8277,
    "UKC2": 2.8214,
    "UKH1": 3.1003,
    "UKH3": 3.134,
    "UKL2": 2.885,
    "UKL1": 2.8389,
    "UKD6": 2.842,
    "UKD7": 2.7279,
    "UKF2": 3.0157,
    "UKF1": 2.824,
    "UKC1": 2.5977,
    "UKE3": 2.7966,
    "UKE1": 2.596,
    "UKF3": 2.9426,
    "UKK4": 3.2435,
    "UKI3": 3.2997,
    "UKI7": 3.3028,
    "UKK3": 3.5554,
    "UKJ1": 3.0684
  },
  {
    "Date": "2007-04-01",
    "UKH2": 3.2227,
    "UKG3": 2.8388,
    "UKG1": 2.9946,
    "UKG2": 2.8818,
    "UKK1": 3.2306,
    "UKK2": 3.29,
    "UKD4": 2.685,
    "UKE2": 3.0786,
    "UKE4": 2.7577,
    "UKJ3": 3.1785,
    "UKD3": 2.7887,
    "UKJ2": 3.2753,
    "UKI6": 3.3902,
    "UKI4": 3.6955,
    "UKJ4": 3.2066,
    "UKI5": 3.4171,
    "UKD1": 2.908,
    "UKC2": 2.9099,
    "UKH1": 3.1864,
    "UKH3": 3.2131,
    "UKL2": 2.9515,
    "UKL1": 2.8831,
    "UKD6": 2.8923,
    "UKD7": 2.775,
    "UKF2": 3.0771,
    "UKF1": 2.8672,
    "UKC1": 2.6392,
    "UKE3": 2.8912,
    "UKE1": 2.6461,
    "UKF3": 2.9974,
    "UKK4": 3.3095,
    "UKI3": 3.5262,
    "UKI7": 3.4338,
    "UKK3": 3.6437,
    "UKJ1": 3.1671
  },
  {
    "Date": "2007-07-01",
    "UKH2": 3.2869,
    "UKG3": 2.8552,
    "UKG1": 3.038,
    "UKG2": 2.9045,
    "UKK1": 3.2866,
    "UKK2": 3.3573,
    "UKD4": 2.7221,
    "UKE2": 3.1037,
    "UKE4": 2.7967,
    "UKJ3": 3.2347,
    "UKD3": 2.835,
    "UKJ2": 3.37,
    "UKI6": 3.5348,
    "UKI4": 3.8397,
    "UKJ4": 3.2702,
    "UKI5": 3.5139,
    "UKD1": 2.9765,
    "UKC2": 2.9123,
    "UKH1": 3.2403,
    "UKH3": 3.2849,
    "UKL2": 2.9917,
    "UKL1": 2.9367,
    "UKD6": 2.9358,
    "UKD7": 2.8056,
    "UKF2": 3.1247,
    "UKF1": 2.8965,
    "UKC1": 2.6696,
    "UKE3": 2.9153,
    "UKE1": 2.6852,
    "UKF3": 3.0432,
    "UKK4": 3.3676,
    "UKI3": 3.7013,
    "UKI7": 3.5356,
    "UKK3": 3.6905,
    "UKJ1": 3.232
  },
  {
    "Date": "2007-10-01",
    "UKH2": 3.3234,
    "UKG3": 2.8772,
    "UKG1": 3.0471,
    "UKG2": 2.9237,
    "UKK1": 3.2945,
    "UKK2": 3.3944,
    "UKD4": 2.7351,
    "UKE2": 3.1363,
    "UKE4": 2.8132,
    "UKJ3": 3.2616,
    "UKD3": 2.8567,
    "UKJ2": 3.4121,
    "UKI6": 3.577,
    "UKI4": 3.9174,
    "UKJ4": 3.3215,
    "UKI5": 3.5677,
    "UKD1": 2.9992,
    "UKC2": 2.9376,
    "UKH1": 3.2618,
    "UKH3": 3.3367,
    "UKL2": 3.0286,
    "UKL1": 2.9577,
    "UKD6": 2.948,
    "UKD7": 2.7994,
    "UKF2": 3.126,
    "UKF1": 2.9076,
    "UKC1": 2.7007,
    "UKE3": 2.9319,
    "UKE1": 2.7003,
    "UKF3": 3.0389,
    "UKK4": 3.3815,
    "UKI3": 3.7386,
    "UKI7": 3.5971,
    "UKK3": 3.7203,
    "UKJ1": 3.2582
  },
  {
    "Date": "2008-01-01",
    "UKH2": 3.2977,
    "UKG3": 2.8476,
    "UKG1": 2.9955,
    "UKG2": 2.893,
    "UKK1": 3.2552,
    "UKK2": 3.3467,
    "UKD4": 2.7097,
    "UKE2": 3.0741,
    "UKE4": 2.7868,
    "UKJ3": 3.2261,
    "UKD3": 2.8245,
    "UKJ2": 3.4048,
    "UKI6": 3.5625,
    "UKI4": 3.898,
    "UKJ4": 3.2881,
    "UKI5": 3.5749,
    "UKD1": 2.9799,
    "UKC2": 2.8932,
    "UKH1": 3.2164,
    "UKH3": 3.322,
    "UKL2": 2.9762,
    "UKL1": 2.9139,
    "UKD6": 2.8991,
    "UKD7": 2.7897,
    "UKF2": 3.0756,
    "UKF1": 2.855,
    "UKC1": 2.6621,
    "UKE3": 2.9198,
    "UKE1": 2.699,
    "UKF3": 3.0051,
    "UKK4": 3.3649,
    "UKI3": 3.698,
    "UKI7": 3.5888,
    "UKK3": 3.6771,
    "UKJ1": 3.2344
  },
  {
    "Date": "2008-04-01",
    "UKH2": 3.2852,
    "UKG3": 2.8372,
    "UKG1": 2.9685,
    "UKG2": 2.9,
    "UKK1": 3.2129,
    "UKK2": 3.3211,
    "UKD4": 2.728,
    "UKE2": 3.0888,
    "UKE4": 2.7729,
    "UKJ3": 3.1908,
    "UKD3": 2.813,
    "UKJ2": 3.3645,
    "UKI6": 3.55,
    "UKI4": 3.9124,
    "UKJ4": 3.2923,
    "UKI5": 3.5489,
    "UKD1": 2.9824,
    "UKC2": 2.9091,
    "UKH1": 3.1782,
    "UKH3": 3.3003,
    "UKL2": 2.9358,
    "UKL1": 2.9107,
    "UKD6": 2.9159,
    "UKD7": 2.7962,
    "UKF2": 3.0574,
    "UKF1": 2.8562,
    "UKC1": 2.6831,
    "UKE3": 2.9197,
    "UKE1": 2.6991,
    "UKF3": 3.0222,
    "UKK4": 3.3367,
    "UKI3": 3.7049,
    "UKI7": 3.5887,
    "UKK3": 3.663,
    "UKJ1": 3.206
  },
  {
    "Date": "2008-07-01",
    "UKH2": 3.171,
    "UKG3": 2.7381,
    "UKG1": 2.8954,
    "UKG2": 2.8024,
    "UKK1": 3.0846,
    "UKK2": 3.1825,
    "UKD4": 2.6505,
    "UKE2": 2.985,
    "UKE4": 2.7059,
    "UKJ3": 3.0856,
    "UKD3": 2.7322,
    "UKJ2": 3.236,
    "UKI6": 3.4169,
    "UKI4": 3.7547,
    "UKJ4": 3.1694,
    "UKI5": 3.422,
    "UKD1": 2.9392,
    "UKC2": 2.8144,
    "UKH1": 3.0551,
    "UKH3": 3.1626,
    "UKL2": 2.8507,
    "UKL1": 2.8398,
    "UKD6": 2.824,
    "UKD7": 2.7143,
    "UKF2": 2.9348,
    "UKF1": 2.7602,
    "UKC1": 2.58,
    "UKE3": 2.8372,
    "UKE1": 2.6531,
    "UKF3": 2.9117,
    "UKK4": 3.2213,
    "UKI3": 3.5873,
    "UKI7": 3.4684,
    "UKK3": 3.5424,
    "UKJ1": 3.0897
  },
  {
    "Date": "2008-10-01",
    "UKH2": 2.9761,
    "UKG3": 2.63,
    "UKG1": 2.7165,
    "UKG2": 2.7038,
    "UKK1": 2.9103,
    "UKK2": 3.0139,
    "UKD4": 2.544,
    "UKE2": 2.8782,
    "UKE4": 2.559,
    "UKJ3": 2.9171,
    "UKD3": 2.629,
    "UKJ2": 3.0293,
    "UKI6": 3.2181,
    "UKI4": 3.572,
    "UKJ4": 2.9995,
    "UKI5": 3.2656,
    "UKD1": 2.846,
    "UKC2": 2.7154,
    "UKH1": 2.8946,
    "UKH3": 2.9797,
    "UKL2": 2.7718,
    "UKL1": 2.7552,
    "UKD6": 2.6986,
    "UKD7": 2.6033,
    "UKF2": 2.7822,
    "UKF1": 2.6384,
    "UKC1": 2.4959,
    "UKE3": 2.7603,
    "UKE1": 2.5519,
    "UKF3": 2.7494,
    "UKK4": 3.0702,
    "UKI3": 3.3956,
    "UKI7": 3.2836,
    "UKK3": 3.4064,
    "UKJ1": 2.9178
  },
  {
    "Date": "2009-01-01",
    "UKH2": 2.8488,
    "UKG3": 2.5214,
    "UKG1": 2.6289,
    "UKG2": 2.613,
    "UKK1": 2.789,
    "UKK2": 2.8705,
    "UKD4": 2.4573,
    "UKE2": 2.746,
    "UKE4": 2.4955,
    "UKJ3": 2.7931,
    "UKD3": 2.4917,
    "UKJ2": 2.9127,
    "UKI6": 3.0507,
    "UKI4": 3.4414,
    "UKJ4": 2.8208,
    "UKI5": 3.0985,
    "UKD1": 2.7825,
    "UKC2": 2.6116,
    "UKH1": 2.7727,
    "UKH3": 2.8581,
    "UKL2": 2.6471,
    "UKL1": 2.6358,
    "UKD6": 2.604,
    "UKD7": 2.5088,
    "UKF2": 2.6655,
    "UKF1": 2.535,
    "UKC1": 2.4338,
    "UKE3": 2.6541,
    "UKE1": 2.4251,
    "UKF3": 2.6329,
    "UKK4": 2.9349,
    "UKI3": 3.2723,
    "UKI7": 3.146,
    "UKK3": 3.2873,
    "UKJ1": 2.7939
  },
  {
    "Date": "2009-04-01",
    "UKH2": 2.8502,
    "UKG3": 2.4924,
    "UKG1": 2.6325,
    "UKG2": 2.6014,
    "UKK1": 2.8023,
    "UKK2": 2.9008,
    "UKD4": 2.4605,
    "UKE2": 2.7768,
    "UKE4": 2.4731,
    "UKJ3": 2.7987,
    "UKD3": 2.5032,
    "UKJ2": 2.9169,
    "UKI6": 3.0264,
    "UKI4": 3.4698,
    "UKJ4": 2.8417,
    "UKI5": 3.092,
    "UKD1": 2.7773,
    "UKC2": 2.5978,
    "UKH1": 2.7837,
    "UKH3": 2.8564,
    "UKL2": 2.643,
    "UKL1": 2.661,
    "UKD6": 2.6074,
    "UKD7": 2.4713,
    "UKF2": 2.6616,
    "UKF1": 2.5416,
    "UKC1": 2.4178,
    "UKE3": 2.593,
    "UKE1": 2.4379,
    "UKF3": 2.6631,
    "UKK4": 2.9743,
    "UKI3": 3.3337,
    "UKI7": 3.1196,
    "UKK3": 3.2945,
    "UKJ1": 2.8243
  },
  {
    "Date": "2009-07-01",
    "UKH2": 2.93,
    "UKG3": 2.5566,
    "UKG1": 2.6956,
    "UKG2": 2.6242,
    "UKK1": 2.8966,
    "UKK2": 2.9833,
    "UKD4": 2.4864,
    "UKE2": 2.8298,
    "UKE4": 2.5045,
    "UKJ3": 2.8917,
    "UKD3": 2.5394,
    "UKJ2": 3.0194,
    "UKI6": 3.1263,
    "UKI4": 3.5756,
    "UKJ4": 2.9212,
    "UKI5": 3.1645,
    "UKD1": 2.8046,
    "UKC2": 2.6447,
    "UKH1": 2.8613,
    "UKH3": 2.936,
    "UKL2": 2.7115,
    "UKL1": 2.713,
    "UKD6": 2.6397,
    "UKD7": 2.5127,
    "UKF2": 2.7265,
    "UKF1": 2.6009,
    "UKC1": 2.3995,
    "UKE3": 2.6342,
    "UKE1": 2.4446,
    "UKF3": 2.7105,
    "UKK4": 3.0585,
    "UKI3": 3.4823,
    "UKI7": 3.2484,
    "UKK3": 3.3929,
    "UKJ1": 2.9016
  },
  {
    "Date": "2009-10-01",
    "UKH2": 3.0272,
    "UKG3": 2.5746,
    "UKG1": 2.7495,
    "UKG2": 2.6639,
    "UKK1": 2.9692,
    "UKK2": 3.0685,
    "UKD4": 2.5304,
    "UKE2": 2.8928,
    "UKE4": 2.5354,
    "UKJ3": 2.9816,
    "UKD3": 2.5814,
    "UKJ2": 3.1163,
    "UKI6": 3.252,
    "UKI4": 3.6825,
    "UKJ4": 2.9931,
    "UKI5": 3.2536,
    "UKD1": 2.8721,
    "UKC2": 2.6752,
    "UKH1": 2.925,
    "UKH3": 3.0104,
    "UKL2": 2.7479,
    "UKL1": 2.7313,
    "UKD6": 2.6989,
    "UKD7": 2.5269,
    "UKF2": 2.7873,
    "UKF1": 2.6464,
    "UKC1": 2.4512,
    "UKE3": 2.6833,
    "UKE1": 2.475,
    "UKF3": 2.741,
    "UKK4": 3.1246,
    "UKI3": 3.6258,
    "UKI7": 3.368,
    "UKK3": 3.4325,
    "UKJ1": 2.9848
  },
  {
    "Date": "2010-01-01",
    "UKH2": 3.0765,
    "UKG3": 2.6191,
    "UKG1": 2.7773,
    "UKG2": 2.6845,
    "UKK1": 3.0198,
    "UKK2": 3.1101,
    "UKD4": 2.5245,
    "UKE2": 2.8966,
    "UKE4": 2.5591,
    "UKJ3": 3.032,
    "UKD3": 2.5817,
    "UKJ2": 3.1864,
    "UKI6": 3.3301,
    "UKI4": 3.7693,
    "UKJ4": 3.029,
    "UKI5": 3.333,
    "UKD1": 2.8792,
    "UKC2": 2.6674,
    "UKH1": 2.9756,
    "UKH3": 3.0584,
    "UKL2": 2.762,
    "UKL1": 2.7244,
    "UKD6": 2.6995,
    "UKD7": 2.5272,
    "UKF2": 2.8171,
    "UKF1": 2.6604,
    "UKC1": 2.4302,
    "UKE3": 2.6854,
    "UKE1": 2.4798,
    "UKF3": 2.7517,
    "UKK4": 3.1613,
    "UKI3": 3.736,
    "UKI7": 3.4425,
    "UKK3": 3.4537,
    "UKJ1": 3.0266
  },
  {
    "Date": "2010-04-01",
    "UKH2": 3.1465,
    "UKG3": 2.6353,
    "UKG1": 2.8035,
    "UKG2": 2.7135,
    "UKK1": 3.0592,
    "UKK2": 3.1498,
    "UKD4": 2.5339,
    "UKE2": 2.9383,
    "UKE4": 2.5641,
    "UKJ3": 3.0594,
    "UKD3": 2.6138,
    "UKJ2": 3.2441,
    "UKI6": 3.3726,
    "UKI4": 3.8465,
    "UKJ4": 3.0763,
    "UKI5": 3.353,
    "UKD1": 2.9071,
    "UKC2": 2.6954,
    "UKH1": 3.0135,
    "UKH3": 3.1015,
    "UKL2": 2.7921,
    "UKL1": 2.7722,
    "UKD6": 2.7351,
    "UKD7": 2.542,
    "UKF2": 2.8462,
    "UKF1": 2.7,
    "UKC1": 2.4444,
    "UKE3": 2.7095,
    "UKE1": 2.5085,
    "UKF3": 2.7876,
    "UKK4": 3.2075,
    "UKI3": 3.7936,
    "UKI7": 3.5019,
    "UKK3": 3.5036,
    "UKJ1": 3.0833
  },
  {
    "Date": "2010-07-01",
    "UKH2": 3.1774,
    "UKG3": 2.6558,
    "UKG1": 2.8234,
    "UKG2": 2.7192,
    "UKK1": 3.0911,
    "UKK2": 3.1767,
    "UKD4": 2.5405,
    "UKE2": 2.9578,
    "UKE4": 2.582,
    "UKJ3": 3.0902,
    "UKD3": 2.614,
    "UKJ2": 3.2758,
    "UKI6": 3.4196,
    "UKI4": 3.8945,
    "UKJ4": 3.1148,
    "UKI5": 3.41,
    "UKD1": 2.8778,
    "UKC2": 2.7137,
    "UKH1": 3.0356,
    "UKH3": 3.1316,
    "UKL2": 2.8252,
    "UKL1": 2.7786,
    "UKD6": 2.7428,
    "UKD7": 2.5649,
    "UKF2": 2.874,
    "UKF1": 2.7009,
    "UKC1": 2.4618,
    "UKE3": 2.7114,
    "UKE1": 2.5291,
    "UKF3": 2.7856,
    "UKK4": 3.2203,
    "UKI3": 3.8864,
    "UKI7": 3.5841,
    "UKK3": 3.5496,
    "UKJ1": 3.1258
  },
  {
    "Date": "2010-10-01",
    "UKH2": 3.1622,
    "UKG3": 2.6393,
    "UKG1": 2.8044,
    "UKG2": 2.6819,
    "UKK1": 3.0459,
    "UKK2": 3.1387,
    "UKD4": 2.5144,
    "UKE2": 2.9429,
    "UKE4": 2.5456,
    "UKJ3": 3.0622,
    "UKD3": 2.6034,
    "UKJ2": 3.2513,
    "UKI6": 3.3968,
    "UKI4": 3.8989,
    "UKJ4": 3.071,
    "UKI5": 3.3826,
    "UKD1": 2.899,
    "UKC2": 2.655,
    "UKH1": 3.0178,
    "UKH3": 3.1107,
    "UKL2": 2.7608,
    "UKL1": 2.7443,
    "UKD6": 2.7386,
    "UKD7": 2.5506,
    "UKF2": 2.8556,
    "UKF1": 2.6544,
    "UKC1": 2.428,
    "UKE3": 2.6663,
    "UKE1": 2.508,
    "UKF3": 2.7622,
    "UKK4": 3.1868,
    "UKI3": 3.8568,
    "UKI7": 3.5655,
    "UKK3": 3.4882,
    "UKJ1": 3.0887
  },
  {
    "Date": "2011-01-01",
    "UKH2": 3.128,
    "UKG3": 2.5823,
    "UKG1": 2.7672,
    "UKG2": 2.6604,
    "UKK1": 2.9932,
    "UKK2": 3.0756,
    "UKD4": 2.4595,
    "UKE2": 2.8885,
    "UKE4": 2.502,
    "UKJ3": 3.029,
    "UKD3": 2.5563,
    "UKJ2": 3.1973,
    "UKI6": 3.3334,
    "UKI4": 3.9092,
    "UKJ4": 3.0286,
    "UKI5": 3.3705,
    "UKD1": 2.8717,
    "UKC2": 2.6192,
    "UKH1": 2.9695,
    "UKH3": 3.0819,
    "UKL2": 2.7443,
    "UKL1": 2.7101,
    "UKD6": 2.6823,
    "UKD7": 2.5008,
    "UKF2": 2.8078,
    "UKF1": 2.6324,
    "UKC1": 2.388,
    "UKE3": 2.6327,
    "UKE1": 2.4478,
    "UKF3": 2.7241,
    "UKK4": 3.1368,
    "UKI3": 3.8648,
    "UKI7": 3.5294,
    "UKK3": 3.46,
    "UKJ1": 3.0553
  },
  {
    "Date": "2011-04-01",
    "UKH2": 3.136,
    "UKG3": 2.5805,
    "UKG1": 2.7749,
    "UKG2": 2.6601,
    "UKK1": 3.0129,
    "UKK2": 3.1051,
    "UKD4": 2.4727,
    "UKE2": 2.9047,
    "UKE4": 2.5122,
    "UKJ3": 3.0462,
    "UKD3": 2.5533,
    "UKJ2": 3.2272,
    "UKI6": 3.3691,
    "UKI4": 3.943,
    "UKJ4": 3.0355,
    "UKI5": 3.3715,
    "UKD1": 2.8808,
    "UKC2": 2.6392,
    "UKH1": 2.98,
    "UKH3": 3.0799,
    "UKL2": 2.7497,
    "UKL1": 2.7061,
    "UKD6": 2.6942,
    "UKD7": 2.4882,
    "UKF2": 2.8211,
    "UKF1": 2.6478,
    "UKC1": 2.3815,
    "UKE3": 2.6468,
    "UKE1": 2.4654,
    "UKF3": 2.7402,
    "UKK4": 3.1527,
    "UKI3": 3.9686,
    "UKI7": 3.57,
    "UKK3": 3.4651,
    "UKJ1": 3.0711
  },
  {
    "Date": "2011-07-01",
    "UKH2": 3.1538,
    "UKG3": 2.5798,
    "UKG1": 2.7895,
    "UKG2": 2.6712,
    "UKK1": 3.0355,
    "UKK2": 3.1063,
    "UKD4": 2.4504,
    "UKE2": 2.9165,
    "UKE4": 2.5091,
    "UKJ3": 3.0593,
    "UKD3": 2.5523,
    "UKJ2": 3.2564,
    "UKI6": 3.4414,
    "UKI4": 4.0199,
    "UKJ4": 3.0367,
    "UKI5": 3.4207,
    "UKD1": 2.8692,
    "UKC2": 2.6174,
    "UKH1": 2.9988,
    "UKH3": 3.0948,
    "UKL2": 2.767,
    "UKL1": 2.7069,
    "UKD6": 2.7056,
    "UKD7": 2.4847,
    "UKF2": 2.8235,
    "UKF1": 2.6503,
    "UKC1": 2.354,
    "UKE3": 2.6375,
    "UKE1": 2.4529,
    "UKF3": 2.7488,
    "UKK4": 3.1695,
    "UKI3": 4.0557,
    "UKI7": 3.6365,
    "UKK3": 3.4946,
    "UKJ1": 3.0977
  },
  {
    "Date": "2011-10-01",
    "UKH2": 3.1487,
    "UKG3": 2.5798,
    "UKG1": 2.79,
    "UKG2": 2.6508,
    "UKK1": 3.0225,
    "UKK2": 3.1093,
    "UKD4": 2.44,
    "UKE2": 2.8883,
    "UKE4": 2.4744,
    "UKJ3": 3.0527,
    "UKD3": 2.5419,
    "UKJ2": 3.2526,
    "UKI6": 3.4544,
    "UKI4": 4.0338,
    "UKJ4": 3.0355,
    "UKI5": 3.4058,
    "UKD1": 2.8331,
    "UKC2": 2.5984,
    "UKH1": 2.9992,
    "UKH3": 3.0975,
    "UKL2": 2.7505,
    "UKL1": 2.6778,
    "UKD6": 2.682,
    "UKD7": 2.488,
    "UKF2": 2.8218,
    "UKF1": 2.6314,
    "UKC1": 2.3451,
    "UKE3": 2.63,
    "UKE1": 2.4391,
    "UKF3": 2.7323,
    "UKK4": 3.1399,
    "UKI3": 4.0662,
    "UKI7": 3.6418,
    "UKK3": 3.4605,
    "UKJ1": 3.0982
  },
  {
    "Date": "2012-01-01",
    "UKH2": 3.1565,
    "UKG3": 2.5584,
    "UKG1": 2.783,
    "UKG2": 2.6324,
    "UKK1": 3.0218,
    "UKK2": 3.085,
    "UKD4": 2.4064,
    "UKE2": 2.8921,
    "UKE4": 2.461,
    "UKJ3": 3.0574,
    "UKD3": 2.5296,
    "UKJ2": 3.2409,
    "UKI6": 3.4312,
    "UKI4": 4.0635,
    "UKJ4": 3.019,
    "UKI5": 3.4074,
    "UKD1": 2.8326,
    "UKC2": 2.5669,
    "UKH1": 2.9877,
    "UKH3": 3.0835,
    "UKL2": 2.7476,
    "UKL1": 2.6521,
    "UKD6": 2.6791,
    "UKD7": 2.4611,
    "UKF2": 2.8055,
    "UKF1": 2.6121,
    "UKC1": 2.3243,
    "UKE3": 2.6025,
    "UKE1": 2.4212,
    "UKF3": 2.7224,
    "UKK4": 3.1257,
    "UKI3": 4.1216,
    "UKI7": 3.6554,
    "UKK3": 3.4454,
    "UKJ1": 3.0907
  },
  {
    "Date": "2012-04-01",
    "UKH2": 3.2014,
    "UKG3": 2.5932,
    "UKG1": 2.8131,
    "UKG2": 2.646,
    "UKK1": 3.0666,
    "UKK2": 3.1301,
    "UKD4": 2.4331,
    "UKE2": 2.9152,
    "UKE4": 2.4831,
    "UKJ3": 3.0856,
    "UKD3": 2.5559,
    "UKJ2": 3.3146,
    "UKI6": 3.5486,
    "UKI4": 4.207,
    "UKJ4": 3.069,
    "UKI5": 3.4827,
    "UKD1": 2.815,
    "UKC2": 2.616,
    "UKH1": 3.022,
    "UKH3": 3.1351,
    "UKL2": 2.7563,
    "UKL1": 2.6972,
    "UKD6": 2.673,
    "UKD7": 2.473,
    "UKF2": 2.8422,
    "UKF1": 2.6467,
    "UKC1": 2.347,
    "UKE3": 2.6121,
    "UKE1": 2.4428,
    "UKF3": 2.7256,
    "UKK4": 3.1565,
    "UKI3": 4.3097,
    "UKI7": 3.7507,
    "UKK3": 3.499,
    "UKJ1": 3.1402
  },
  {
    "Date": "2012-07-01",
    "UKH2": 3.2322,
    "UKG3": 2.5876,
    "UKG1": 2.8184,
    "UKG2": 2.654,
    "UKK1": 3.0807,
    "UKK2": 3.1289,
    "UKD4": 2.4116,
    "UKE2": 2.9029,
    "UKE4": 2.469,
    "UKJ3": 3.0997,
    "UKD3": 2.5491,
    "UKJ2": 3.3448,
    "UKI6": 3.5795,
    "UKI4": 4.2925,
    "UKJ4": 3.0996,
    "UKI5": 3.5054,
    "UKD1": 2.8281,
    "UKC2": 2.6004,
    "UKH1": 3.0526,
    "UKH3": 3.1468,
    "UKL2": 2.763,
    "UKL1": 2.6912,
    "UKD6": 2.7036,
    "UKD7": 2.4464,
    "UKF2": 2.8547,
    "UKF1": 2.665,
    "UKC1": 2.34,
    "UKE3": 2.609,
    "UKE1": 2.4388,
    "UKF3": 2.7495,
    "UKK4": 3.1762,
    "UKI3": 4.4187,
    "UKI7": 3.7982,
    "UKK3": 3.4806,
    "UKJ1": 3.1758
  },
  {
    "Date": "2012-10-01",
    "UKH2": 3.2193,
    "UKG3": 2.5842,
    "UKG1": 2.8217,
    "UKG2": 2.6537,
    "UKK1": 3.0841,
    "UKK2": 3.1256,
    "UKD4": 2.3993,
    "UKE2": 2.905,
    "UKE4": 2.4579,
    "UKJ3": 3.1037,
    "UKD3": 2.5511,
    "UKJ2": 3.3408,
    "UKI6": 3.5953,
    "UKI4": 4.3367,
    "UKJ4": 3.0952,
    "UKI5": 3.5235,
    "UKD1": 2.8029,
    "UKC2": 2.5821,
    "UKH1": 3.0391,
    "UKH3": 3.1453,
    "UKL2": 2.7636,
    "UKL1": 2.6718,
    "UKD6": 2.7,
    "UKD7": 2.442,
    "UKF2": 2.85,
    "UKF1": 2.6596,
    "UKC1": 2.2993,
    "UKE3": 2.6343,
    "UKE1": 2.4071,
    "UKF3": 2.742,
    "UKK4": 3.1797,
    "UKI3": 4.4118,
    "UKI7": 3.822,
    "UKK3": 3.4717,
    "UKJ1": 3.1846
  },
  {
    "Date": "2013-01-01",
    "UKH2": 3.2311,
    "UKG3": 2.5847,
    "UKG1": 2.8261,
    "UKG2": 2.6481,
    "UKK1": 3.0837,
    "UKK2": 3.1342,
    "UKD4": 2.3799,
    "UKE2": 2.8846,
    "UKE4": 2.4379,
    "UKJ3": 3.0773,
    "UKD3": 2.5283,
    "UKJ2": 3.3517,
    "UKI6": 3.6423,
    "UKI4": 4.3329,
    "UKJ4": 3.096,
    "UKI5": 3.5513,
    "UKD1": 2.7869,
    "UKC2": 2.5555,
    "UKH1": 3.0385,
    "UKH3": 3.1376,
    "UKL2": 2.7575,
    "UKL1": 2.6706,
    "UKD6": 2.6834,
    "UKD7": 2.4344,
    "UKF2": 2.8431,
    "UKF1": 2.648,
    "UKC1": 2.286,
    "UKE3": 2.6021,
    "UKE1": 2.4336,
    "UKF3": 2.7457,
    "UKK4": 3.1608,
    "UKI3": 4.4894,
    "UKI7": 3.8624,
    "UKK3": 3.4626,
    "UKJ1": 3.1741
  },
  {
    "Date": "2013-04-01",
    "UKH2": 3.2865,
    "UKG3": 2.6185,
    "UKG1": 2.8678,
    "UKG2": 2.6707,
    "UKK1": 3.122,
    "UKK2": 3.1633,
    "UKD4": 2.4242,
    "UKE2": 2.9248,
    "UKE4": 2.4621,
    "UKJ3": 3.1249,
    "UKD3": 2.5709,
    "UKJ2": 3.4013,
    "UKI6": 3.7048,
    "UKI4": 4.5002,
    "UKJ4": 3.1502,
    "UKI5": 3.6033,
    "UKD1": 2.8256,
    "UKC2": 2.5953,
    "UKH1": 3.0879,
    "UKH3": 3.1856,
    "UKL2": 2.779,
    "UKL1": 2.6884,
    "UKD6": 2.722,
    "UKD7": 2.4359,
    "UKF2": 2.8911,
    "UKF1": 2.6762,
    "UKC1": 2.3415,
    "UKE3": 2.6256,
    "UKE1": 2.445,
    "UKF3": 2.7781,
    "UKK4": 3.1985,
    "UKI3": 4.6598,
    "UKI7": 3.9256,
    "UKK3": 3.5112,
    "UKJ1": 3.239
  },
  {
    "Date": "2013-07-01",
    "UKH2": 3.3426,
    "UKG3": 2.6367,
    "UKG1": 2.8969,
    "UKG2": 2.7091,
    "UKK1": 3.1736,
    "UKK2": 3.1982,
    "UKD4": 2.4368,
    "UKE2": 2.9762,
    "UKE4": 2.479,
    "UKJ3": 3.1806,
    "UKD3": 2.5815,
    "UKJ2": 3.4705,
    "UKI6": 3.8176,
    "UKI4": 4.6602,
    "UKJ4": 3.2096,
    "UKI5": 3.707,
    "UKD1": 2.8259,
    "UKC2": 2.6411,
    "UKH1": 3.1384,
    "UKH3": 3.246,
    "UKL2": 2.8118,
    "UKL1": 2.6897,
    "UKD6": 2.7208,
    "UKD7": 2.4793,
    "UKF2": 2.913,
    "UKF1": 2.7111,
    "UKC1": 2.3528,
    "UKE3": 2.672,
    "UKE1": 2.4524,
    "UKF3": 2.7925,
    "UKK4": 3.2336,
    "UKI3": 4.8603,
    "UKI7": 4.0572,
    "UKK3": 3.5152,
    "UKJ1": 3.2969
  },
  {
    "Date": "2013-10-01",
    "UKH2": 3.4026,
    "UKG3": 2.6696,
    "UKG1": 2.9134,
    "UKG2": 2.7376,
    "UKK1": 3.2169,
    "UKK2": 3.2334,
    "UKD4": 2.4396,
    "UKE2": 2.9871,
    "UKE4": 2.516,
    "UKJ3": 3.217,
    "UKD3": 2.613,
    "UKJ2": 3.5329,
    "UKI6": 3.9253,
    "UKI4": 4.8339,
    "UKJ4": 3.2542,
    "UKI5": 3.834,
    "UKD1": 2.8798,
    "UKC2": 2.6417,
    "UKH1": 3.1831,
    "UKH3": 3.2906,
    "UKL2": 2.8431,
    "UKL1": 2.7301,
    "UKD6": 2.758,
    "UKD7": 2.4913,
    "UKF2": 2.9586,
    "UKF1": 2.7479,
    "UKC1": 2.3261,
    "UKE3": 2.6719,
    "UKE1": 2.4704,
    "UKF3": 2.8419,
    "UKK4": 3.2577,
    "UKI3": 4.9986,
    "UKI7": 4.1408,
    "UKK3": 3.5599,
    "UKJ1": 3.3514
  },
  {
    "Date": "2014-01-01",
    "UKH2": 3.4667,
    "UKG3": 2.6748,
    "UKG1": 2.9525,
    "UKG2": 2.7603,
    "UKK1": 3.2508,
    "UKK2": 3.2639,
    "UKD4": 2.4523,
    "UKE2": 3.0292,
    "UKE4": 2.5118,
    "UKJ3": 3.2706,
    "UKD3": 2.6362,
    "UKJ2": 3.5967,
    "UKI6": 4.0797,
    "UKI4": 5.0127,
    "UKJ4": 3.3133,
    "UKI5": 3.9187,
    "UKD1": 2.8468,
    "UKC2": 2.6499,
    "UKH1": 3.2246,
    "UKH3": 3.3437,
    "UKL2": 2.8568,
    "UKL1": 2.7463,
    "UKD6": 2.796,
    "UKD7": 2.5171,
    "UKF2": 3.0086,
    "UKF1": 2.7772,
    "UKC1": 2.3488,
    "UKE3": 2.7013,
    "UKE1": 2.4796,
    "UKF3": 2.8942,
    "UKK4": 3.2884,
    "UKI3": 5.2185,
    "UKI7": 4.2572,
    "UKK3": 3.5478,
    "UKJ1": 3.4045
  },
  {
    "Date": "2014-04-01",
    "UKH2": 3.6155,
    "UKG3": 2.7431,
    "UKG1": 3.0278,
    "UKG2": 2.7872,
    "UKK1": 3.3553,
    "UKK2": 3.346,
    "UKD4": 2.4848,
    "UKE2": 3.0751,
    "UKE4": 2.5788,
    "UKJ3": 3.3442,
    "UKD3": 2.6861,
    "UKJ2": 3.7186,
    "UKI6": 4.3049,
    "UKI4": 5.3522,
    "UKJ4": 3.4228,
    "UKI5": 4.1342,
    "UKD1": 2.8958,
    "UKC2": 2.6913,
    "UKH1": 3.3192,
    "UKH3": 3.4445,
    "UKL2": 2.9039,
    "UKL1": 2.7864,
    "UKD6": 2.849,
    "UKD7": 2.5548,
    "UKF2": 3.089,
    "UKF1": 2.832,
    "UKC1": 2.3897,
    "UKE3": 2.7388,
    "UKE1": 2.5305,
    "UKF3": 2.9407,
    "UKK4": 3.346,
    "UKI3": 5.5486,
    "UKI7": 4.4901,
    "UKK3": 3.583,
    "UKJ1": 3.5304
  },
  {
    "Date": "2014-07-01",
    "UKH2": 3.7327,
    "UKG3": 2.7793,
    "UKG1": 3.0786,
    "UKG2": 2.8364,
    "UKK1": 3.4304,
    "UKK2": 3.3977,
    "UKD4": 2.5034,
    "UKE2": 3.1254,
    "UKE4": 2.6063,
    "UKJ3": 3.4461,
    "UKD3": 2.7306,
    "UKJ2": 3.8586,
    "UKI6": 4.5664,
    "UKI4": 5.6131,
    "UKJ4": 3.5494,
    "UKI5": 4.3339,
    "UKD1": 2.9195,
    "UKC2": 2.7378,
    "UKH1": 3.404,
    "UKH3": 3.5683,
    "UKL2": 2.9574,
    "UKL1": 2.814,
    "UKD6": 2.8905,
    "UKD7": 2.5976,
    "UKF2": 3.1415,
    "UKF1": 2.8687,
    "UKC1": 2.3918,
    "UKE3": 2.7735,
    "UKE1": 2.5803,
    "UKF3": 2.9921,
    "UKK4": 3.4037,
    "UKI3": 5.7368,
    "UKI7": 4.7341,
    "UKK3": 3.6723,
    "UKJ1": 3.672
  },
  {
    "Date": "2014-10-01",
    "UKH2": 3.8152,
    "UKG3": 2.8112,
    "UKG1": 3.1027,
    "UKG2": 2.8522,
    "UKK1": 3.4752,
    "UKK2": 3.4033,
    "UKD4": 2.5069,
    "UKE2": 3.1384,
    "UKE4": 2.6225,
    "UKJ3": 3.4819,
    "UKD3": 2.7507,
    "UKJ2": 3.9182,
    "UKI6": 4.5693,
    "UKI4": 5.6271,
    "UKJ4": 3.6115,
    "UKI5": 4.4064,
    "UKD1": 2.9078,
    "UKC2": 2.725,
    "UKH1": 3.4467,
    "UKH3": 3.6309,
    "UKL2": 2.9719,
    "UKL1": 2.8211,
    "UKD6": 2.8937,
    "UKD7": 2.5777,
    "UKF2": 3.1815,
    "UKF1": 2.895,
    "UKC1": 2.371,
    "UKE3": 2.7909,
    "UKE1": 2.5773,
    "UKF3": 2.9965,
    "UKK4": 3.4073,
    "UKI3": 5.7206,
    "UKI7": 4.7501,
    "UKK3": 3.6819,
    "UKJ1": 3.7286
  },
  {
    "Date": "2015-01-01",
    "UKH2": 3.8619,
    "UKG3": 2.8235,
    "UKG1": 3.1145,
    "UKG2": 2.8406,
    "UKK1": 3.5018,
    "UKK2": 3.4089,
    "UKD4": 2.5009,
    "UKE2": 3.1378,
    "UKE4": 2.6135,
    "UKJ3": 3.514,
    "UKD3": 2.7489,
    "UKJ2": 3.9303,
    "UKI6": 4.5986,
    "UKI4": 5.6468,
    "UKJ4": 3.6448,
    "UKI5": 4.4605,
    "UKD1": 2.9197,
    "UKC2": 2.7438,
    "UKH1": 3.4697,
    "UKH3": 3.6644,
    "UKL2": 2.9792,
    "UKL1": 2.8246,
    "UKD6": 2.9015,
    "UKD7": 2.5532,
    "UKF2": 3.1907,
    "UKF1": 2.8985,
    "UKC1": 2.3658,
    "UKE3": 2.7917,
    "UKE1": 2.5809,
    "UKF3": 3.0297,
    "UKK4": 3.4381,
    "UKI3": 5.6685,
    "UKI7": 4.7935,
    "UKK3": 3.6748,
    "UKJ1": 3.7616
  },
  {
    "Date": "2015-04-01",
    "UKH2": 3.9827,
    "UKG3": 2.8525,
    "UKG1": 3.1591,
    "UKG2": 2.893,
    "UKK1": 3.5789,
    "UKK2": 3.4817,
    "UKD4": 2.5659,
    "UKE2": 3.2006,
    "UKE4": 2.6586,
    "UKJ3": 3.5961,
    "UKD3": 2.8037,
    "UKJ2": 4.0273,
    "UKI6": 4.7111,
    "UKI4": 5.8129,
    "UKJ4": 3.7158,
    "UKI5": 4.5947,
    "UKD1": 2.9065,
    "UKC2": 2.762,
    "UKH1": 3.5382,
    "UKH3": 3.7561,
    "UKL2": 3.0074,
    "UKL1": 2.8516,
    "UKD6": 2.9585,
    "UKD7": 2.6216,
    "UKF2": 3.2513,
    "UKF1": 2.9372,
    "UKC1": 2.4061,
    "UKE3": 2.8218,
    "UKE1": 2.6072,
    "UKF3": 3.0773,
    "UKK4": 3.4561,
    "UKI3": 5.8028,
    "UKI7": 4.9457,
    "UKK3": 3.7361,
    "UKJ1": 3.874
  },
  {
    "Date": "2015-07-01",
    "UKH2": 4.1265,
    "UKG3": 2.9158,
    "UKG1": 3.218,
    "UKG2": 2.9484,
    "UKK1": 3.6643,
    "UKK2": 3.5467,
    "UKD4": 2.5556,
    "UKE2": 3.2676,
    "UKE4": 2.69,
    "UKJ3": 3.674,
    "UKD3": 2.8478,
    "UKJ2": 4.1503,
    "UKI6": 4.8992,
    "UKI4": 6.0484,
    "UKJ4": 3.8333,
    "UKI5": 4.7849,
    "UKD1": 2.9799,
    "UKC2": 2.7982,
    "UKH1": 3.6155,
    "UKH3": 3.8564,
    "UKL2": 3.0419,
    "UKL1": 2.8602,
    "UKD6": 2.9937,
    "UKD7": 2.6615,
    "UKF2": 3.3004,
    "UKF1": 2.9904,
    "UKC1": 2.4186,
    "UKE3": 2.8688,
    "UKE1": 2.6486,
    "UKF3": 3.1211,
    "UKK4": 3.5125,
    "UKI3": 5.94,
    "UKI7": 5.1005,
    "UKK3": 3.8155,
    "UKJ1": 3.9879
  },
  {
    "Date": "2015-10-01",
    "UKH2": 4.2308,
    "UKG3": 2.9497,
    "UKG1": 3.2389,
    "UKG2": 2.9583,
    "UKK1": 3.7377,
    "UKK2": 3.5845,
    "UKD4": 2.5695,
    "UKE2": 3.2728,
    "UKE4": 2.7185,
    "UKJ3": 3.7406,
    "UKD3": 2.8841,
    "UKJ2": 4.2352,
    "UKI6": 5.0418,
    "UKI4": 6.1844,
    "UKJ4": 3.9177,
    "UKI5": 4.9419,
    "UKD1": 3.0007,
    "UKC2": 2.8059,
    "UKH1": 3.6729,
    "UKH3": 3.9724,
    "UKL2": 3.0781,
    "UKL1": 2.9008,
    "UKD6": 2.9936,
    "UKD7": 2.6746,
    "UKF2": 3.3566,
    "UKF1": 3.0178,
    "UKC1": 2.4215,
    "UKE3": 2.8766,
    "UKE1": 2.6612,
    "UKF3": 3.152,
    "UKK4": 3.5195,
    "UKI3": 6.0196,
    "UKI7": 5.2341,
    "UKK3": 3.8071,
    "UKJ1": 4.0892
  },
  {
    "Date": "2016-01-01",
    "UKH2": 4.3587,
    "UKG3": 2.9694,
    "UKG1": 3.2653,
    "UKG2": 2.9632,
    "UKK1": 3.8003,
    "UKK2": 3.6199,
    "UKD4": 2.5824,
    "UKE2": 3.2941,
    "UKE4": 2.709,
    "UKJ3": 3.7729,
    "UKD3": 2.8929,
    "UKJ2": 4.324,
    "UKI6": 5.1982,
    "UKI4": 6.3579,
    "UKJ4": 4.0267,
    "UKI5": 5.1253,
    "UKD1": 3.0272,
    "UKC2": 2.7903,
    "UKH1": 3.7235,
    "UKH3": 4.08,
    "UKL2": 3.0936,
    "UKL1": 2.9174,
    "UKD6": 3.0088,
    "UKD7": 2.6629,
    "UKF2": 3.3917,
    "UKF1": 3.0425,
    "UKC1": 2.4083,
    "UKE3": 2.8891,
    "UKE1": 2.6671,
    "UKF3": 3.1888,
    "UKK4": 3.5474,
    "UKI3": 6.1212,
    "UKI7": 5.3898,
    "UKK3": 3.8408,
    "UKJ1": 4.1855
  },
  {
    "Date": "2016-04-01",
    "UKH2": 4.5327,
    "UKG3": 3.0553,
    "UKG1": 3.3413,
    "UKG2": 3.0366,
    "UKK1": 3.9158,
    "UKK2": 3.684,
    "UKD4": 2.6048,
    "UKE2": 3.3513,
    "UKE4": 2.7785,
    "UKJ3": 3.9017,
    "UKD3": 2.9817,
    "UKJ2": 4.4493,
    "UKI6": 5.3704,
    "UKI4": 6.5308,
    "UKJ4": 4.1676,
    "UKI5": 5.3192,
    "UKD1": 3.0187,
    "UKC2": 2.8558,
    "UKH1": 3.8444,
    "UKH3": 4.2358,
    "UKL2": 3.138,
    "UKL1": 2.9608,
    "UKD6": 3.1128,
    "UKD7": 2.7209,
    "UKF2": 3.5105,
    "UKF1": 3.1046,
    "UKC1": 2.438,
    "UKE3": 2.9356,
    "UKE1": 2.7226,
    "UKF3": 3.2492,
    "UKK4": 3.6061,
    "UKI3": 6.2383,
    "UKI7": 5.4754,
    "UKK3": 3.8611,
    "UKJ1": 4.3338
  },
  {
    "Date": "2016-07-01",
    "UKH2": 4.6545,
    "UKG3": 3.1174,
    "UKG1": 3.3907,
    "UKG2": 3.0742,
    "UKK1": 4.0127,
    "UKK2": 3.7461,
    "UKD4": 2.6376,
    "UKE2": 3.3821,
    "UKE4": 2.8141,
    "UKJ3": 3.9761,
    "UKD3": 3.0403,
    "UKJ2": 4.5292,
    "UKI6": 5.499,
    "UKI4": 6.6668,
    "UKJ4": 4.2649,
    "UKI5": 5.4674,
    "UKD1": 3.0415,
    "UKC2": 2.8425,
    "UKH1": 3.9179,
    "UKH3": 4.3598,
    "UKL2": 3.1908,
    "UKL1": 2.9849,
    "UKD6": 3.1232,
    "UKD7": 2.7655,
    "UKF2": 3.5734,
    "UKF1": 3.1435,
    "UKC1": 2.4636,
    "UKE3": 2.9951,
    "UKE1": 2.7357,
    "UKF3": 3.2761,
    "UKK4": 3.6679,
    "UKI3": 6.2016,
    "UKI7": 5.6026,
    "UKK3": 3.9204,
    "UKJ1": 4.4311
  },
  {
    "Date": "2016-10-01",
    "UKH2": 4.6981,
    "UKG3": 3.1291,
    "UKG1": 3.4121,
    "UKG2": 3.0696,
    "UKK1": 4.0263,
    "UKK2": 3.7815,
    "UKD4": 2.6147,
    "UKE2": 3.3793,
    "UKE4": 2.8191,
    "UKJ3": 4.0027,
    "UKD3": 3.0517,
    "UKJ2": 4.5451,
    "UKI6": 5.4735,
    "UKI4": 6.6376,
    "UKJ4": 4.2878,
    "UKI5": 5.461,
    "UKD1": 3.0532,
    "UKC2": 2.8436,
    "UKH1": 3.9521,
    "UKH3": 4.425,
    "UKL2": 3.2067,
    "UKL1": 3.0015,
    "UKD6": 3.1201,
    "UKD7": 2.771,
    "UKF2": 3.6059,
    "UKF1": 3.1575,
    "UKC1": 2.435,
    "UKE3": 2.9756,
    "UKE1": 2.7405,
    "UKF3": 3.299,
    "UKK4": 3.6669,
    "UKI3": 6.1291,
    "UKI7": 5.5679,
    "UKK3": 3.9559,
    "UKJ1": 4.4223
  },
  {
    "Date": "2017-01-01",
    "UKH2": 4.7623,
    "UKG3": 3.1831,
    "UKG1": 3.4405,
    "UKG2": 3.084,
    "UKK1": 4.057,
    "UKK2": 3.8107,
    "UKD4": 2.6217,
    "UKE2": 3.3966,
    "UKE4": 2.8026,
    "UKJ3": 4.029,
    "UKD3": 3.0621,
    "UKJ2": 4.5632,
    "UKI6": 5.5067,
    "UKI4": 6.6633,
    "UKJ4": 4.3332,
    "UKI5": 5.5152,
    "UKD1": 3.0437,
    "UKC2": 2.8434,
    "UKH1": 3.9919,
    "UKH3": 4.4889,
    "UKL2": 3.2176,
    "UKL1": 2.9892,
    "UKD6": 3.1505,
    "UKD7": 2.7854,
    "UKF2": 3.6522,
    "UKF1": 3.1769,
    "UKC1": 2.4166,
    "UKE3": 2.9624,
    "UKE1": 2.7577,
    "UKF3": 3.3524,
    "UKK4": 3.6804,
    "UKI3": 6.1825,
    "UKI7": 5.6004,
    "UKK3": 3.9747,
    "UKJ1": 4.4572
  },
  {
    "Date": "2017-04-01",
    "UKH2": 4.819,
    "UKG3": 3.2465,
    "UKG1": 3.5136,
    "UKG2": 3.1428,
    "UKK1": 4.1362,
    "UKK2": 3.8581,
    "UKD4": 2.6733,
    "UKE2": 3.4296,
    "UKE4": 2.87,
    "UKJ3": 4.1023,
    "UKD3": 3.1396,
    "UKJ2": 4.6355,
    "UKI6": 5.576,
    "UKI4": 6.7412,
    "UKJ4": 4.4326,
    "UKI5": 5.6025,
    "UKD1": 3.1196,
    "UKC2": 2.8954,
    "UKH1": 4.072,
    "UKH3": 4.568,
    "UKL2": 3.2563,
    "UKL1": 3.0241,
    "UKD6": 3.202,
    "UKD7": 2.8076,
    "UKF2": 3.7322,
    "UKF1": 3.2415,
    "UKC1": 2.4633,
    "UKE3": 3.0103,
    "UKE1": 2.8273,
    "UKF3": 3.3876,
    "UKK4": 3.75,
    "UKI3": 6.183,
    "UKI7": 5.7346,
    "UKK3": 4.0118,
    "UKJ1": 4.5075
  },
  {
    "Date": "2017-07-01",
    "UKH2": 4.8883,
    "UKG3": 3.3086,
    "UKG1": 3.5655,
    "UKG2": 3.1761,
    "UKK1": 4.2387,
    "UKK2": 3.946,
    "UKD4": 2.7168,
    "UKE2": 3.5162,
    "UKE4": 2.9044,
    "UKJ3": 4.1634,
    "UKD3": 3.2003,
    "UKJ2": 4.7042,
    "UKI6": 5.6863,
    "UKI4": 6.8418,
    "UKJ4": 4.5288,
    "UKI5": 5.7263,
    "UKD1": 3.1594,
    "UKC2": 2.9168,
    "UKH1": 4.1552,
    "UKH3": 4.6603,
    "UKL2": 3.3236,
    "UKL1": 3.0937,
    "UKD6": 3.2648,
    "UKD7": 2.8751,
    "UKF2": 3.8166,
    "UKF1": 3.3001,
    "UKC1": 2.4787,
    "UKE3": 3.0737,
    "UKE1": 2.8588,
    "UKF3": 3.4661,
    "UKK4": 3.8153,
    "UKI3": 6.2493,
    "UKI7": 5.7499,
    "UKK3": 4.0796,
    "UKJ1": 4.5586
  },
  {
    "Date": "2017-10-01",
    "UKH2": 4.9259,
    "UKG3": 3.3457,
    "UKG1": 3.5937,
    "UKG2": 3.2151,
    "UKK1": 4.2522,
    "UKK2": 3.9746,
    "UKD4": 2.7106,
    "UKE2": 3.5163,
    "UKE4": 2.9334,
    "UKJ3": 4.1859,
    "UKD3": 3.232,
    "UKJ2": 4.7154,
    "UKI6": 5.5957,
    "UKI4": 6.7365,
    "UKJ4": 4.5675,
    "UKI5": 5.7071,
    "UKD1": 3.1485,
    "UKC2": 2.9202,
    "UKH1": 4.1897,
    "UKH3": 4.6696,
    "UKL2": 3.3551,
    "UKL1": 3.1178,
    "UKD6": 3.2732,
    "UKD7": 2.8889,
    "UKF2": 3.8504,
    "UKF1": 3.3248,
    "UKC1": 2.4939,
    "UKE3": 3.0946,
    "UKE1": 2.8754,
    "UKF3": 3.5207,
    "UKK4": 3.8288,
    "UKI3": 6.1124,
    "UKI7": 5.6797,
    "UKK3": 4.1283,
    "UKJ1": 4.5446
  },
  {
    "Date": "2018-01-01",
    "UKH2": 4.9145,
    "UKG3": 3.3468,
    "UKG1": 3.6067,
    "UKG2": 3.2187,
    "UKK1": 4.2677,
    "UKK2": 3.9842,
    "UKD4": 2.7117,
    "UKE2": 3.5412,
    "UKE4": 2.9294,
    "UKJ3": 4.1845,
    "UKD3": 3.2507,
    "UKJ2": 4.6963,
    "UKI6": 5.5617,
    "UKI4": 6.6897,
    "UKJ4": 4.5724,
    "UKI5": 5.7115,
    "UKD1": 3.1581,
    "UKC2": 2.9112,
    "UKH1": 4.2147,
    "UKH3": 4.694,
    "UKL2": 3.396,
    "UKL1": 3.1258,
    "UKD6": 3.2699,
    "UKD7": 2.8713,
    "UKF2": 3.8748,
    "UKF1": 3.3393,
    "UKC1": 2.4516,
    "UKE3": 3.116,
    "UKE1": 2.8595,
    "UKF3": 3.5189,
    "UKK4": 3.8451,
    "UKI3": 6.0513,
    "UKI7": 5.6433,
    "UKK3": 4.1672,
    "UKJ1": 4.5492
  },
  {
    "Date": "2018-04-01",
    "UKH2": 4.9144,
    "UKG3": 3.4193,
    "UKG1": 3.6724,
    "UKG2": 3.2498,
    "UKK1": 4.3219,
    "UKK2": 4.0208,
    "UKD4": 2.7539,
    "UKE2": 3.578,
    "UKE4": 2.9655,
    "UKJ3": 4.2309,
    "UKD3": 3.2926,
    "UKJ2": 4.7408,
    "UKI6": 5.5957,
    "UKI4": 6.7629,
    "UKJ4": 4.6383,
    "UKI5": 5.7413,
    "UKD1": 3.1425,
    "UKC2": 2.943,
    "UKH1": 4.2452,
    "UKH3": 4.7189,
    "UKL2": 3.4112,
    "UKL1": 3.1725,
    "UKD6": 3.3267,
    "UKD7": 2.9395,
    "UKF2": 3.9303,
    "UKF1": 3.404,
    "UKC1": 2.5141,
    "UKE3": 3.1317,
    "UKE1": 2.9246,
    "UKF3": 3.5373,
    "UKK4": 3.8957,
    "UKI3": 6.0269,
    "UKI7": 5.6231,
    "UKK3": 4.1945,
    "UKJ1": 4.5614
  },
  {
    "Date": "2018-07-01",
    "UKH2": 4.9635,
    "UKG3": 3.507,
    "UKG1": 3.725,
    "UKG2": 3.3205,
    "UKK1": 4.3763,
    "UKK2": 4.0979,
    "UKD4": 2.7754,
    "UKE2": 3.6051,
    "UKE4": 3.0169,
    "UKJ3": 4.2591,
    "UKD3": 3.3922,
    "UKJ2": 4.7917,
    "UKI6": 5.6359,
    "UKI4": 6.7221,
    "UKJ4": 4.6664,
    "UKI5": 5.7902,
    "UKD1": 3.2061,
    "UKC2": 2.9832,
    "UKH1": 4.3109,
    "UKH3": 4.7746,
    "UKL2": 3.5047,
    "UKL1": 3.2368,
    "UKD6": 3.3635,
    "UKD7": 2.9744,
    "UKF2": 3.9997,
    "UKF1": 3.453,
    "UKC1": 2.4882,
    "UKE3": 3.2084,
    "UKE1": 2.953,
    "UKF3": 3.6274,
    "UKK4": 3.9627,
    "UKI3": 6.1135,
    "UKI7": 5.6658,
    "UKK3": 4.2548,
    "UKJ1": 4.5743
  },
  {
    "Date": "2018-10-01",
    "UKH2": 4.9191,
    "UKG3": 3.5289,
    "UKG1": 3.7489,
    "UKG2": 3.3408,
    "UKK1": 4.3745,
    "UKK2": 4.1023,
    "UKD4": 2.7819,
    "UKE2": 3.6077,
    "UKE4": 3.024,
    "UKJ3": 4.2429,
    "UKD3": 3.3885,
    "UKJ2": 4.7551,
    "UKI6": 5.5038,
    "UKI4": 6.6411,
    "UKJ4": 4.6488,
    "UKI5": 5.7438,
    "UKD1": 3.1926,
    "UKC2": 2.9739,
    "UKH1": 4.3065,
    "UKH3": 4.8019,
    "UKL2": 3.5186,
    "UKL1": 3.2631,
    "UKD6": 3.3881,
    "UKD7": 2.9881,
    "UKF2": 4.0084,
    "UKF1": 3.502,
    "UKC1": 2.4956,
    "UKE3": 3.2164,
    "UKE1": 2.9614,
    "UKF3": 3.6244,
    "UKK4": 3.9608,
    "UKI3": 5.9064,
    "UKI7": 5.5898,
    "UKK3": 4.3079,
    "UKJ1": 4.5385
  },
  {
    "Date": "2019-01-01",
    "UKH2": 4.8927,
    "UKG3": 3.5043,
    "UKG1": 3.7283,
    "UKG2": 3.3335,
    "UKK1": 4.3492,
    "UKK2": 4.0633,
    "UKD4": 2.7774,
    "UKE2": 3.6029,
    "UKE4": 3.0158,
    "UKJ3": 4.2088,
    "UKD3": 3.4117,
    "UKJ2": 4.7034,
    "UKI6": 5.4942,
    "UKI4": 6.558,
    "UKJ4": 4.6338,
    "UKI5": 5.6932,
    "UKD1": 3.2147,
    "UKC2": 2.9183,
    "UKH1": 4.2896,
    "UKH3": 4.7431,
    "UKL2": 3.5097,
    "UKL1": 3.2665,
    "UKD6": 3.3704,
    "UKD7": 2.9879,
    "UKF2": 3.9813,
    "UKF1": 3.4943,
    "UKC1": 2.4512,
    "UKE3": 3.1949,
    "UKE1": 2.9673,
    "UKF3": 3.6329,
    "UKK4": 3.9404,
    "UKI3": 5.8286,
    "UKI7": 5.5014,
    "UKK3": 4.295,
    "UKJ1": 4.4805
  },
  {
    "Date": "2019-04-01",
    "UKH2": 4.8684,
    "UKG3": 3.5575,
    "UKG1": 3.7515,
    "UKG2": 3.3663,
    "UKK1": 4.3775,
    "UKK2": 4.0888,
    "UKD4": 2.8121,
    "UKE2": 3.6467,
    "UKE4": 3.061,
    "UKJ3": 4.2451,
    "UKD3": 3.47,
    "UKJ2": 4.6967,
    "UKI6": 5.4698,
    "UKI4": 6.5608,
    "UKJ4": 4.656,
    "UKI5": 5.6759,
    "UKD1": 3.2168,
    "UKC2": 3.005,
    "UKH1": 4.3102,
    "UKH3": 4.7743,
    "UKL2": 3.5479,
    "UKL1": 3.3137,
    "UKD6": 3.4513,
    "UKD7": 2.9836,
    "UKF2": 4.049,
    "UKF1": 3.5353,
    "UKC1": 2.5267,
    "UKE3": 3.2376,
    "UKE1": 3.0074,
    "UKF3": 3.6615,
    "UKK4": 3.9471,
    "UKI3": 5.8674,
    "UKI7": 5.5152,
    "UKK3": 4.297,
    "UKJ1": 4.4669
  },
  {
    "Date": "2019-07-01",
    "UKH2": 4.9124,
    "UKG3": 3.619,
    "UKG1": 3.7879,
    "UKG2": 3.3967,
    "UKK1": 4.4091,
    "UKK2": 4.1479,
    "UKD4": 2.8666,
    "UKE2": 3.7023,
    "UKE4": 3.1314,
    "UKJ3": 4.2849,
    "UKD3": 3.5149,
    "UKJ2": 4.7665,
    "UKI6": 5.5452,
    "UKI4": 6.7296,
    "UKJ4": 4.7098,
    "UKI5": 5.7454,
    "UKD1": 3.2726,
    "UKC2": 3.023,
    "UKH1": 4.3526,
    "UKH3": 4.8157,
    "UKL2": 3.6236,
    "UKL1": 3.3657,
    "UKD6": 3.469,
    "UKD7": 3.0833,
    "UKF2": 4.0768,
    "UKF1": 3.5676,
    "UKC1": 2.529,
    "UKE3": 3.3013,
    "UKE1": 3.0333,
    "UKF3": 3.6983,
    "UKK4": 4.0075,
    "UKI3": 6.0284,
    "UKI7": 5.5966,
    "UKK3": 4.3739,
    "UKJ1": 4.5187
  },
  {
    "Date": "2019-10-01",
    "UKH2": 4.8961,
    "UKG3": 3.6726,
    "UKG1": 3.844,
    "UKG2": 3.4265,
    "UKK1": 4.4749,
    "UKK2": 4.2013,
    "UKD4": 2.8585,
    "UKE2": 3.7571,
    "UKE4": 3.1173,
    "UKJ3": 4.3212,
    "UKD3": 3.5199,
    "UKJ2": 4.7449,
    "UKI6": 5.4735,
    "UKI4": 6.6781,
    "UKJ4": 4.6527,
    "UKI5": 5.755,
    "UKD1": 3.3559,
    "UKC2": 3.025,
    "UKH1": 4.4221,
    "UKH3": 4.8331,
    "UKL2": 3.598,
    "UKL1": 3.4009,
    "UKD6": 3.487,
    "UKD7": 3.0877,
    "UKF2": 4.0901,
    "UKF1": 3.5932,
    "UKC1": 2.5471,
    "UKE3": 3.3535,
    "UKE1": 3.0491,
    "UKF3": 3.692,
    "UKK4": 4.0207,
    "UKI3": 6.0469,
    "UKI7": 5.6289,
    "UKK3": 4.4253,
    "UKJ1": 4.5042
  }
]
