Date,United Kingdom,England,Wales,London Effect
1995 Q2,1.005606356752794,1.0059528594527123,1.000521552581696,1.0029503075912098
1995 Q3,1.000648346314182,1.0006907393326654,0.9953893567488252,0.9965049602925115
1995 Q4,1.0097559413727326,1.0100872673354822,0.9949213886538459,1.0035929649333704
1996 Q1,1.0081418061963028,1.0085116824117593,0.9927810451614532,1.0011974285941971
1996 Q2,1.0187187566537688,1.0191552668824928,1.0030480205395444,1.0096270863759318
1996 Q3,1.0268691017052098,1.0271289198478635,1.0132840534084817,1.0166854443159379
1996 Q4,1.0470441328206381,1.047767309986688,1.021497542515689,1.035735570064875
1997 Q1,1.0636020277615048,1.0645060105512112,1.0317319597960712,1.0513161177461647
1997 Q2,1.0900933897740603,1.0915312100695491,1.049994390050762,1.0749418829586035
1997 Q3,1.1141485914932534,1.1161062891176088,1.062360606025092,1.0967819788765203
1997 Q4,1.1424216868744772,1.144799073372379,1.079286272277528,1.1235866279265858
1998 Q1,1.1609849251460387,1.1638494460015916,1.0881424320906212,1.1410951477483051
1998 Q2,1.1880849212171034,1.1912994623383564,1.1089122225929917,1.1654583540801509
1998 Q3,1.2093474910919917,1.2130273979241994,1.1175304768586698,1.1852115411707873
1998 Q4,1.2299589819566752,1.233658671898379,1.1346298412874616,1.2054357633432007
1999 Q1,1.2424124007170636,1.2464050411992882,1.1395852837886522,1.2168225396955434
1999 Q2,1.2750818493934162,1.2796707570863,1.160190712422842,1.2467996522996319
1999 Q3,1.3141308975464359,1.3194554496485305,1.1819967217070715,1.2819961481594955
1999 Q4,1.3630343082296048,1.369507278698121,1.211773958928904,1.326542296897667
2000 Q1,1.4050533773066078,1.412547288955861,1.2337306145234033,1.3638181025147293
2000 Q2,1.4587474380779604,1.4674979207266887,1.265022656023549,1.4142434338989127
2000 Q3,1.4964992076590622,1.506331624544121,1.2881198303571089,1.4512348281561804
2000 Q4,1.5221207962289942,1.5318204667192716,1.309654549659628,1.4769776039163998
2001 Q1,1.5492899467994896,1.559647973573107,1.31731344281466,1.5009720371053685
2001 Q2,1.6049970671863227,1.6158117991730576,1.3582932027858088,1.5553645057749819
2001 Q3,1.6590157153864615,1.6705087106000636,1.4031264843946676,1.6063037371022166
2001 Q4,1.7051408158069676,1.7178819656204498,1.4292802179143118,1.6517209412616873
2002 Q1,1.747842553791581,1.7609331123511172,1.4672518297188297,1.693395471895204
2002 Q2,1.8429139324838133,1.856596281673034,1.5413859072749645,1.787798466306624
2002 Q3,1.9528538147065393,1.9667872010904783,1.642351055600739,1.8974466492799476
2002 Q4,2.0496693760689455,2.0647661242309927,1.7238371086954971,1.9960552535489502
2003 Q1,2.1161530269037185,2.131153010841611,1.7942331367552056,2.06348963159286
2003 Q2,2.191513065472803,2.205788230383206,1.8953890947769538,2.1440115336599312
2003 Q3,2.250066554333656,2.2620899473090392,1.9901609503582076,2.209499874938591
2003 Q4,2.3215353096584197,2.332269835513768,2.0945833446061903,2.2844145040442942
2004 Q1,2.3783302524171632,2.38759011862399,2.1890412934974295,2.345894065253069
2004 Q2,2.4906915187233536,2.4985149530013584,2.346157062521328,2.4620423836823155
2004 Q3,2.57807904885035,2.584210188222781,2.486487233263951,2.5549590100981048
2004 Q4,2.6312866941302797,2.637375606483884,2.545838777324874,2.6091977835824607
2005 Q1,2.625444481965576,2.6306633969310638,2.556979436369511,2.6056396228989147
2005 Q2,2.6729309418780467,2.6784051615191853,2.599647095322345,2.6529720581353566
2005 Q3,2.692524559033308,2.69716927421471,2.645544065141573,2.6742128307460913
2005 Q4,2.7263872756669456,2.7314248284055695,2.6573773457759815,2.7042900240253407
2006 Q1,2.7496906907868173,2.7545289998840468,2.6860901272475,2.7297112346944044
2006 Q2,2.820981133282811,2.8260770968152573,2.7466650725728052,2.7960552352059262
2006 Q3,2.86721525415514,2.871865617807362,2.799582893151793,2.840378836678201
2006 Q4,2.9416364621619215,2.9466992889233716,2.8536482279947237,2.9091874286353603
2007 Q1,2.9857291693793453,2.991718822972184,2.8863180880177874,2.951455361686779
2007 Q2,3.070291625958959,3.077325195408862,2.9404513448300196,3.0255641280800036
2007 Q3,3.1219767597368353,3.1293412306420794,2.9868958448583793,3.070940676586839
2007 Q4,3.1563092625061917,3.1633068241220044,3.0209857571283822,3.099645246027179
2008 Q1,3.1228435162388206,3.130585839116608,2.9703555297225743,3.066253594044156
2008 Q2,3.11443193230132,3.122302678365288,2.948532662045676,3.05336485457522
2008 Q3,3.00520707816686,3.012055633368361,2.864195341358994,2.944538156537901
2008 Q4,2.8553249904927767,2.8580613138953317,2.778443439876099,2.7956847110764538
2009 Q1,2.738642274696,2.7422845557165347,2.653606529192581,2.680446001813428
2009 Q2,2.7413082189669327,2.7447313592120626,2.66642554338679,2.681264574637935
2009 Q3,2.7963289439678216,2.80077958113366,2.7114532889475855,2.734974136680238
2009 Q4,2.863604475940328,2.8695291318341063,2.745689592774612,2.796165079550992
2010 Q1,2.897020824040342,2.904659569642805,2.7439287059003954,2.827414042960382
2010 Q2,2.9393982983552833,2.946578672542396,2.7831414858319015,2.866116923973351
2010 Q3,2.9592388917266876,2.967403155223047,2.7961795424155613,2.8808940127256344
2010 Q4,2.9317868979624135,2.9398669171830716,2.754358100400505,2.8528508691198935
2011 Q1,2.8950190109146954,2.9028310452152297,2.727990700931826,2.812318807779535
2011 Q2,2.9081206381429685,2.916493938207394,2.7301843872396665,2.8229476588640834
2011 Q3,2.918912592608349,2.928182104193883,2.722300641470269,2.826119517788214
2011 Q4,2.90999387618845,2.9195801870780516,2.7033852895475667,2.817068724970232
2012 Q1,2.8951850069617375,2.905685881598488,2.6792283077136636,2.8012016744315837
2012 Q2,2.940734455981171,2.951125933813449,2.716074062979321,2.8377615432244236
2012 Q3,2.9524272130660454,2.96386088008436,2.7122590395461246,2.8434780672289865
2012 Q4,2.9472604471785213,2.9589322424670765,2.700907711418293,2.8379740657942456
2013 Q1,2.944419865947958,2.956392075344665,2.694516795080483,2.83018458290703
2013 Q2,2.9897047393616942,3.0026904905250005,2.716398729603515,2.8705495663315017
2013 Q3,3.032251599374143,3.046660404572431,2.72896457352229,2.9031999318356005
2013 Q4,3.074474556100949,3.0894577318444134,2.762979999396048,2.9414995679153155
2014 Q1,3.116639764656448,3.13277387257592,2.77875468098393,2.9734516974234815
2014 Q2,3.202069777934512,3.2205140745203216,2.825343021139343,3.0489167474206122
2014 Q3,3.278880502562664,3.2992568611175477,2.8606551927772643,3.114876264546762
2014 Q4,3.3027675097668205,3.3237834651231304,2.8742796456034574,3.1421708785919935
2015 Q1,3.3205647097655855,3.342821693880125,2.86950966262974,3.153883568215306
2015 Q2,3.376143862989263,3.399862977246762,2.9007044368411714,3.208379020982576
2015 Q3,3.4495417442630045,3.4758225378957266,2.921786209231381,3.2715129948935373
2015 Q4,3.496559850894657,3.5242062608733242,2.9543502215809374,3.3168023350738323
2016 Q1,3.557217745078973,3.5863580502425734,2.97512809397114,3.360588601347884
2016 Q2,3.611798111327282,3.6428492927770586,3.011441320698269,3.4270191927628058
2016 Q3,3.6700861599087915,3.702907227508323,3.042341525836249,3.4842528237342836
2016 Q4,3.677580481631635,3.7109573076521034,3.0607831406800905,3.495229017252315
2017 Q1,3.706263361708776,3.7404778958476412,3.0610843867155717,3.5170537647662097
2017 Q2,3.761239257777434,3.797784082394361,3.097969542629628,3.5730046174907213
2017 Q3,3.8189265531746566,3.854335254143476,3.163979937106891,3.6304822071038294
2017 Q4,3.8299093770594457,3.8659522305938383,3.184936993777009,3.6472911602671187
2018 Q1,3.8422829209941773,3.876472604252589,3.212315572532913,3.6580305363084626
2018 Q2,3.8748271257513474,3.9091555410131673,3.2487407045925316,3.6932233553867193
2018 Q3,3.924567363013954,3.958129620128127,3.310233279457124,3.7421886142390957
2018 Q4,3.9158006951764595,3.9481468942919453,3.3302771354264284,3.7406719598281244
2019 Q1,3.8992768821580865,3.9293200590394055,3.341968683108966,3.725401963757164
2019 Q2,3.9273028367330767,3.9563703173290126,3.385306024296013,3.7548435939392135
2019 Q3,3.9810062498446355,4.009929910557321,3.437567377466878,3.801968044722782
2019 Q4,3.988711525847326,4.016107243186696,3.4718367186656893,3.8125675678379927
2020 Q1,4.004010431615137,4.030791698019759,3.496764121522253,3.8252128105604193
2020 Q2,4.026408696370791,4.0525125363420145,3.5221677195996692,3.849975402430722
2020 Q3,4.0963013133138695,4.123097934008232,3.5624454973230866,3.9134620123175674
2020 Q4,4.184888898785574,4.21122683778552,3.6740848259178334,4.003706718392735
2021 Q1,4.261229976231377,4.287483623064274,3.7383927152523424,4.078879415135812
2021 Q2,4.341451905406635,4.366283900563445,3.845846420069329,4.158083712377735
2021 Q3,4.416304044935041,4.438635087660388,3.978058855683288,4.241605579353998
2021 Q4,4.485328113838807,4.502306776143965,4.101214590097887,4.313058223526979
2022 Q1,4.587535529656371,4.606721223596742,4.198847213242383,4.414654667451954
2022 Q2,4.6900859663723296,4.708860192612948,4.3028391185921695,4.51976999468429
2022 Q3,4.832994364418322,4.853436753938634,4.421748306812715,4.663647562800485
2022 Q4,4.884775277518807,4.903590662060158,4.4982348383767325,4.716462817658153
2023 Q1,4.80520940510404,4.824530496768339,4.410862707532294,4.637155953085318
2023 Q2,4.7855801144445564,4.803311773109147,4.40923609379805,4.62079142596297
2023 Q3,4.831788482332328,4.849004330197992,4.47140134315402,4.668348467310224
2023 Q4,4.797772357784825,4.813195179247943,4.457849908399811,4.635436306532819
2024 Q1,4.764633982230282,4.78058651353386,4.421319077853307,4.60328906513435
2024 Q2,4.817766848310288,4.832746778232147,4.490493233428721,4.653217452249399
2024 Q3,4.8944205583234295,4.9081727639804145,4.576017753688909,4.726647631490543
2024 Q4,4.906512340216941,4.9209533046104585,4.577164490573624,4.737954541265699
2025 Q1,4.91544818354527,4.9347619944548935,4.567544154585058,4.75224353895111
