"","Date","UKH2","UKG3","UKG1","UKG2","UKK1","UKK2","UKD4","UKE2","UKE4","UKJ3","UKD3","UKJ2","UKI6","UKI4","UKJ4","UKI5","UKD1","UKC2","UKH1","UKH3","UKL2","UKL1","UKD6","UKD7","UKF2","UKF1","UKC1","UKE3","UKE1","UKF3","UKK4","UKI3","UKI7","UKK3","UKJ1"
"1",1995-04-01,1.00602827185389,0.993091697966837,1.00227279729136,1.00272662490468,1.00745678083968,1.00520315136428,0.998399648874802,1.00712292204943,0.995808007672472,1.0064300504912,1.00750305087758,1.00959022675387,1.01161372144837,1.01912478354973,1.00074462311457,1.01410224336931,1.00640872057024,1.00473394165363,1.0040463472662,1.00458767067261,0.993565901643051,1.00767473394546,1.01304364614827,0.992626032920016,1.01538915195913,1.00151362939951,1.00642977233335,0.996987117996955,1.00607631302574,0.998716301883406,0.998583354539289,1.00832493871595,1.01645215615113,1.01066995920619,1.00284930070657
"2",1995-07-01,1.00166299466791,0.988219954782994,0.998821781691617,0.993923222913069,1.00276410365613,0.997491211338393,0.992022691929148,0.997260420307629,0.99263938734931,1.006689346455,0.994575159109161,1.00817570968723,1.01117995273916,1.0251478385898,0.998033746123634,1.00263362813916,0.983920705925661,0.995344959765533,1.00259014408649,1.00383838729678,0.990386975170088,0.999762037498723,1.01124366361381,0.98168465673866,1.00807614346839,0.996259201358439,0.993977289825764,0.993645565880919,0.992157782108239,0.99580758965895,0.994758632572913,1.0243784415023,1.02478168854933,1.00411760357844,1.003121749539
"3",1995-10-01,1.01024544054888,1.0001793125745,1.00935254815367,1.00227629699592,1.00705676760085,1.0000086108755,0.989540678630443,1.01268244103089,0.995146230088543,1.0138270554108,1.00067550800973,1.01375684337949,1.02146041475043,1.04091918562629,1.00352386317906,1.00702828406768,0.990580350054602,1.00066348265738,1.00356695954082,1.00469063671853,0.986365446617389,1.00172373250327,1.00768158610874,0.971392856966907,1.00733251943636,0.996622599557293,1.00353081027059,0.998914573344273,0.985239778353326,0.995407918926582,0.988735947470214,1.04830357356088,1.03374270093634,1.01692722698293,1.01203455475322
"4",1996-01-01,1.01248174231408,0.989753522979451,1.00502198140611,0.995148757647918,1.01177139157344,1.0023094337757,0.977119112449109,0.992032642665766,0.985487983351746,1.0192587813856,1.00859592914863,1.02376096551739,1.02664724715356,1.06515202764886,1.00355403034548,1.01527500583667,0.99613015635568,0.990180260793115,0.993011824104238,1.00041064114359,0.987588995243848,0.99950777830366,1.00809948279649,0.975944589428425,1.01347193889398,0.992071962891319,0.991964717838461,0.993459552381807,0.982264135657172,0.992907560868969,0.993461781737063,1.05097455204631,1.04663962849275,1.01644693005071,1.01805330546092
"5",1996-04-01,1.02383644345454,0.996170161658473,1.01940976426363,1.00057714235884,1.02652442076245,1.01677736432701,0.979752617288504,1.00226737921804,0.992042206321021,1.03068602626078,1.00194116520192,1.03433730320177,1.04736893030746,1.07253310002404,1.01635626476919,1.03555130440248,0.999503042100499,1.0061349137501,1.00458066148454,1.01438429482752,1.00233255580845,1.00824045452171,1.01377942118706,0.984367751950015,1.01814654546839,1.00118327561286,1.00474538609489,0.990803161695131,0.990105386170251,1.00061842510563,1.00720120366721,1.07247445622425,1.06494596395149,1.02629549923541,1.02969010545499
"6",1996-07-01,1.04199969704237,1.00260583335682,1.02689165609346,1.00782289462548,1.03450115606008,1.03634518482255,0.978724638873646,1.00527834631841,0.98485867218951,1.0460946022812,1.00432945133903,1.05356659042133,1.06092702595467,1.08489840122852,1.0310044573777,1.05165512238637,0.986119135625959,1.00084989934867,1.01300985863467,1.02767657927601,1.01053066998085,1.02113422340921,1.01304505033007,0.977196009979553,1.02906403473034,1.00533755616166,0.997480498249291,0.995093814545997,0.980723187623747,1.01026061064238,1.00742450169361,1.11333311073986,1.0814017626855,1.04245315083513,1.04991126981301
"7",1996-10-01,1.06792749991396,1.02042882434144,1.04685400788232,1.02264001761036,1.05730691260051,1.05078047640262,0.988733456635438,1.02546361645554,1.00411733923648,1.07082332780607,1.01761864540529,1.08326698038898,1.08914935270754,1.11575398093269,1.04832142451965,1.07767683864757,1.00874103066702,1.01799677700198,1.03182290789895,1.05085212094055,1.02074148613999,1.02500388624846,1.02518798290014,0.989834117455477,1.04788793871251,1.01692804309168,1.0042314188419,1.00976088617935,0.984689439722234,1.02056877844794,1.02790511648039,1.1377455855288,1.10845984384459,1.05584717363304,1.07496918976708
"8",1997-01-01,1.09657219261337,1.02925972377602,1.06184295042789,1.03614698117519,1.07656693806427,1.07793597133111,0.994284681067531,1.02436018627016,1.00897823189357,1.09527317604732,1.02366021720841,1.1106664332047,1.11825381991744,1.15826937146108,1.0770728633976,1.09935403988783,1.00726394202692,1.01940645758232,1.04316912110745,1.0722578757216,1.04007494356556,1.03038954801395,1.04106518834864,0.993081230784109,1.06619432510683,1.02570202652483,1.00374513442001,1.01393266107861,0.980615061886221,1.03061605201202,1.04599941653239,1.19776222485063,1.13957048186739,1.07903449862962,1.10702532763179
"9",1997-04-01,1.13581060750414,1.0479019380438,1.09089020075708,1.05511291571463,1.10645683744245,1.10771152126313,1.00687485257628,1.04992083834938,1.01084693693405,1.13097297826307,1.035836029033,1.15097493480838,1.1634735371392,1.20135682020072,1.10493721193156,1.14027790086227,1.0382750570244,1.03757720557426,1.06914991940493,1.10495761546141,1.05268144690157,1.0544008147108,1.05751940441565,1.01023261548585,1.095612174873,1.04610429943421,1.01536266100078,1.0215307352187,0.992016045774563,1.05472723530338,1.0679296774285,1.25482445880101,1.19878405500388,1.10782352322021,1.14830617401377
"10",1997-07-01,1.17623814110698,1.06743031553172,1.12134686891485,1.06755251916417,1.13367146498202,1.14239257597141,1.01905312942537,1.06286348789834,1.02313372656188,1.1721935633516,1.03764108055948,1.19587448501542,1.21641756710248,1.25102643347383,1.13863428589185,1.1719627244839,1.0474015840258,1.05173820480692,1.09662336711194,1.13465169623738,1.07409469696168,1.05872666116727,1.07482608036966,1.01123889649786,1.11048429600853,1.0602777628856,1.0214191503347,1.0248011306886,0.986647838060673,1.06680540849248,1.09537606233642,1.31060369952826,1.25626035934459,1.12937559006507,1.20364553130976
"11",1997-10-01,1.21894123542108,1.09141139885187,1.14663082856561,1.07803029062134,1.1638184298279,1.17128736098624,1.02784423007747,1.08015645569904,1.04673961326273,1.20798554442371,1.0564359677329,1.24128369786286,1.26284488574549,1.29487953153281,1.1717489542736,1.21704020735608,1.04551891510327,1.06742559800789,1.12125249638386,1.16485634898145,1.1024418255072,1.06681689818454,1.08897793115814,1.02757158238507,1.13665999266659,1.07399180701336,1.03456891686987,1.0427793736363,1.00765998764808,1.08234105109941,1.11552073308412,1.34190301434545,1.29542579969232,1.15837358033676,1.24132769584413
"12",1998-01-01,1.24605458351391,1.10214587936793,1.16121151264298,1.09376910363442,1.18623912357643,1.20108949405926,1.03997887446714,1.09270769683858,1.04536540526865,1.23204097130251,1.0745258052115,1.26987426790923,1.28849741888629,1.32299398980123,1.19888920371575,1.24894653640025,1.0594668953162,1.08187141617865,1.13959964634832,1.18706164239301,1.10873511320653,1.07821298932981,1.11111284179816,1.04342510428591,1.14731143483742,1.08513329828961,1.03503354553671,1.05281489622352,1.00753116720421,1.09660549640737,1.13212734576486,1.37498739366924,1.32821017238182,1.1783225970359,1.26923055211111
"13",1998-04-01,1.2802139479537,1.12043034870518,1.18696200571714,1.10885370534029,1.22058743541704,1.22653167340934,1.05245064445927,1.10917698700439,1.05603278949545,1.26553847097641,1.08233688489652,1.30914069123223,1.33725483272617,1.38497780584838,1.2286191480295,1.28411389526137,1.08606426720551,1.09060186908657,1.16627556222614,1.22156931130617,1.12876339127555,1.09500860224344,1.13409502004079,1.04606944749292,1.17845345080577,1.1017719814049,1.04788039517096,1.06273352300586,1.02368340823375,1.10900129460776,1.15083975865002,1.40890692735031,1.37397533792846,1.20319075253066,1.31170032680358
"14",1998-07-01,1.31440315493339,1.13816826823795,1.20979391991502,1.12587728588138,1.24658090797421,1.25748171965841,1.05176748519701,1.12812634420537,1.07036709755622,1.29196533356111,1.09233314802562,1.34153702027892,1.36422926896924,1.41348547121911,1.2545594494002,1.31619403017836,1.09289996141242,1.10047721447702,1.19187135732353,1.24842035696748,1.1378311086692,1.10544155395374,1.14720212316433,1.05053634866876,1.20131898341886,1.11597380555773,1.0478759797332,1.07530610653395,1.0198601798231,1.12442718550469,1.17704850102408,1.45518256039354,1.42093953815508,1.24082503259435,1.34093688469065
"15",1998-10-01,1.33767594821852,1.15620996970603,1.22958666802692,1.13922162810341,1.27303514891854,1.27404854617034,1.0668524505244,1.13760414698877,1.0831870039085,1.31378882250417,1.11030924029937,1.36347472507581,1.39644027800661,1.43107164832751,1.27498890185811,1.3448094663405,1.11034960113488,1.12356054094954,1.21316776223437,1.26732231740288,1.16260117848346,1.12109544439745,1.16734789041368,1.06844872368737,1.2199212769391,1.13362523296809,1.06846817128133,1.08021399635277,1.02641304809962,1.1476228839156,1.1889717192703,1.4597092623909,1.44135791484559,1.25132089578454,1.364615446044
"16",1999-01-01,1.34774568639098,1.16634358550846,1.2447542952965,1.15210434875477,1.28794107432603,1.28612388116992,1.0738275937192,1.14541050590176,1.08456117612693,1.3256384945451,1.12236266496195,1.37243576200406,1.41189577456875,1.45838787958518,1.29185198272931,1.35221414297287,1.11900442798078,1.12405644391251,1.22536734276738,1.28305393074752,1.16843233799214,1.12075534745874,1.18390191977115,1.07692043390793,1.2337709566026,1.14313610772148,1.06135285583598,1.09345184112703,1.02649996166411,1.14827379302301,1.20324627039649,1.4728913565766,1.45696657308838,1.27892443758824,1.38097664764335
"17",1999-04-01,1.39080178810346,1.19019338578997,1.2795283306928,1.17022349807791,1.32973354808731,1.33120653170597,1.08395121266906,1.169570562469,1.10343380537278,1.36587463148612,1.14622247824936,1.42139267121474,1.463368326118,1.51755438922244,1.32318817598515,1.39835769446217,1.13346758775171,1.15173281469461,1.25942447244518,1.31442336925552,1.19129746362394,1.14215175468706,1.21481432086427,1.09887806915549,1.26694825184588,1.16482867489175,1.07107425240371,1.10314738712778,1.04120960061797,1.17373038778488,1.22897246932935,1.53611812177635,1.51350241015577,1.29577647093005,1.42533896970033
"18",1999-07-01,1.44924967997461,1.21497162080227,1.31875440706827,1.19669372168192,1.38670472934968,1.3837669500001,1.10364305400422,1.19863980508017,1.11678469809928,1.41648067109032,1.16558668084617,1.48403534816249,1.53788414375199,1.60761115004673,1.374588376029,1.45260776051753,1.16090936856705,1.16356278985123,1.29813032623412,1.35951108612741,1.21848188667613,1.16080699383434,1.24884662951007,1.11139051799906,1.29818389948212,1.18493165879399,1.08834710350146,1.12755777026976,1.04557821999876,1.20547958188968,1.26989201644557,1.62375794855121,1.58880821680075,1.33631670221319,1.49321156886224
"19",1999-10-01,1.52382268084026,1.25541251644512,1.36663150755626,1.22598388988915,1.45854934763559,1.4567915030719,1.11893299921497,1.23126834836135,1.14411871738565,1.49292179202948,1.19090389672814,1.56752035921092,1.6299781514026,1.69445400667422,1.43945022023063,1.52975617561289,1.17659645387712,1.18176817562685,1.3518986495485,1.42112633483554,1.26530044909318,1.1797075896189,1.2846155044273,1.13735227259091,1.34273327660494,1.21313474826885,1.10084281240292,1.1552066847477,1.06019936038338,1.22477291528106,1.32104796056557,1.72491801087468,1.69390936933687,1.39339986924573,1.57474309057565
"20",2000-01-01,1.58925212306961,1.27344211348421,1.40509268639525,1.25993036461869,1.51354643445057,1.50713776324634,1.13268280026354,1.2706511905904,1.15718699027598,1.5597721781237,1.22397238374395,1.63436575293553,1.71460416766889,1.77927450293044,1.49951302579213,1.59551327227374,1.18656037977039,1.19602053052558,1.40998827054881,1.4772836168783,1.29091830092728,1.19810811254432,1.31885204122964,1.16059860713279,1.38532719197894,1.23569321939754,1.11748240183636,1.16013617907576,1.06385758975591,1.25530649638496,1.36783139735649,1.78514929037991,1.75902637311203,1.43438829611927,1.64676177235977
"21",2000-04-01,1.66406590949422,1.32371933349463,1.46156063990057,1.28027817158825,1.59453644700867,1.57970883806133,1.15763209274122,1.30871796484207,1.18659614823861,1.64223243436457,1.24142424151414,1.72075296667387,1.81821218023268,1.88266121511449,1.57141066238354,1.68371456409886,1.21092292694321,1.21939503613543,1.47210016372446,1.55001788492725,1.32348150227717,1.22917024582518,1.3608998048007,1.19709986507598,1.43204142952681,1.27054566495437,1.12360134694465,1.18850415635349,1.09283755689631,1.29594183907249,1.43881757955646,1.89145309976893,1.86470138183073,1.48891963603538,1.7313523755197
"22",2000-07-01,1.72631550407267,1.35966521815062,1.49764632444664,1.3172872057593,1.63990450847682,1.62939467652277,1.17320987533255,1.35433639858854,1.22015782394368,1.69908695785316,1.27774292196285,1.76939392067776,1.86348407863585,1.94288742099162,1.62509364218535,1.74509483054713,1.24944807578006,1.24137647597412,1.52792000097649,1.60778553080292,1.36020401815764,1.24201864130873,1.38658810722276,1.20435614325043,1.48668361680255,1.30407492079452,1.14147126528506,1.21176694982254,1.10674344424446,1.32814151582072,1.47473726485505,1.93430319012311,1.89334321917119,1.56388162311737,1.78763989192611
"23",2000-10-01,1.75266745899599,1.38412384971171,1.53649251430073,1.35146470962108,1.66538826544075,1.6579723645965,1.1991099186982,1.38506788748354,1.23016651479175,1.72772651396478,1.29870848552613,1.79648481223549,1.88191559552588,1.95361665037254,1.6468886436058,1.77341650385911,1.26554580099427,1.26135452901264,1.55391821763588,1.6387277150623,1.38356502665604,1.26211509949523,1.42551622263069,1.24456217959496,1.51240403204444,1.3286243896811,1.15349502485678,1.2288016024182,1.1205204171389,1.3616256699913,1.50617066328734,1.92623359083884,1.91706873068636,1.57858474409914,1.80078776136217
"24",2001-01-01,1.76434917823942,1.41398647148775,1.55444525982282,1.36160454807692,1.68948051857627,1.67400196885232,1.20712155071702,1.41016414307293,1.24273186438608,1.7515552719763,1.30860164742396,1.81997692194368,1.90108292754002,2.00589688709806,1.67419674866831,1.79501439862241,1.26690589468803,1.28312388965428,1.57603207569544,1.66109349781226,1.39608131119331,1.26929186462105,1.45397285276842,1.25334244219281,1.53970857507402,1.33938814554247,1.16661022071728,1.22006715146425,1.12768860522626,1.38831505656974,1.54381520814739,1.9718545180588,1.94459932082294,1.592031994767,1.82216676957766
"25",2001-04-01,1.82683800443419,1.46202894209507,1.60534872650404,1.40665987241634,1.75323901648448,1.73452398360794,1.23268272791731,1.46147447157153,1.27984616142676,1.81643000343528,1.35367702807734,1.88967590573411,1.96132717176521,2.09016887238144,1.7325688481539,1.87731553878179,1.31292592757381,1.31192478238585,1.64181253119823,1.7229970562568,1.45352995193603,1.30025273584443,1.4941750970938,1.28836394568875,1.59341355166142,1.39209398742958,1.1843810279562,1.28188694751624,1.15322673399013,1.44665560216494,1.61145610694087,2.04919137160964,2.01141834461592,1.6688505647901,1.88669739671425
"26",2001-07-01,1.88432116287482,1.50482323902161,1.65418959973956,1.44152421573633,1.81893726401368,1.80284826624811,1.25673970689291,1.51956196631674,1.32225667392435,1.88530455331967,1.38973904007789,1.95425925496983,2.03571155275928,2.15875806187803,1.79165710655663,1.95803042702974,1.33295524616357,1.34802412449431,1.71771223738706,1.79345152023873,1.49544482976735,1.3374527493725,1.53159035903624,1.32180572355172,1.64128937509262,1.44000719463458,1.21447785713669,1.30862270049407,1.17820518782659,1.48976114021044,1.70012451565748,2.12393416720557,2.0956346774341,1.73228914406032,1.95366820715065
"27",2001-10-01,1.94806112399416,1.55507839567494,1.69979291028192,1.49022922940216,1.87170614371431,1.86778678467086,1.28733185218987,1.58823814946137,1.35294786542129,1.94887652912898,1.42949260589643,2.01726655950332,2.10974179183584,2.22112216800559,1.85360142091197,2.03491458887556,1.35856088674512,1.39280155447546,1.78762186235795,1.86601412139203,1.53986827820401,1.35907062023575,1.59042924825172,1.35672872954719,1.70612025286521,1.4885688970855,1.23042479966797,1.34324182132877,1.22693637039574,1.54633615817233,1.75186008344889,2.15828603458291,2.1562686668472,1.81648269015559,2.0125824380204
"28",2002-01-01,1.99448507724495,1.58765186839366,1.73919270242206,1.51568587753379,1.92518781144874,1.92669714455499,1.31751292018107,1.62564306812377,1.38531236540373,1.99783174523957,1.45709188964744,2.0515336663013,2.14766693414631,2.26455478192915,1.89901492317571,2.08570903331637,1.40587128155413,1.43021869344727,1.8367014498848,1.91548713110204,1.59263973474833,1.38543218767218,1.62807352110454,1.39131344810238,1.75470141824783,1.53846570953967,1.26108928151592,1.38033900681605,1.2513973850428,1.59493044115459,1.81453866757963,2.17762334205751,2.19624974217525,1.88636980519676,2.05520123910138
"29",2002-04-01,2.0957454630182,1.67685702571171,1.83459036387383,1.59829990331085,2.02099099198076,2.03176444720504,1.38356113332898,1.73499713677088,1.45722278666616,2.09946574559955,1.53664148858186,2.14892560717033,2.2435093716514,2.36547279703739,1.99705846204817,2.19299631670268,1.45945546689576,1.5229307721264,1.94532540662487,2.02291865507264,1.67407068419401,1.44708631072171,1.71165848220738,1.44685761068577,1.855191932092,1.63910632536207,1.32541552981013,1.45838121400831,1.33950506330411,1.69914697149905,1.9249042583033,2.28506584776438,2.29322485953484,2.03217456396565,2.14391652899123
"30",2002-07-01,2.22561986660613,1.77744448606396,1.94235192481951,1.70465075350438,2.1614995343147,2.16894187185662,1.45750581832338,1.85466949922382,1.54997005040284,2.22715043804554,1.60259753492925,2.26345197795343,2.35952237573561,2.479807935053,2.12698075799327,2.33536016763417,1.52940818638302,1.62358976859279,2.07703580180476,2.16153233467413,1.79522393904405,1.53324420340512,1.80305554316706,1.52026810422636,1.97749583691307,1.76632665178335,1.39432104136283,1.55052519779696,1.42371968803986,1.84439893927042,2.08437910113728,2.38040122009249,2.41685861622726,2.20790876926133,2.24849237359197
"31",2002-10-01,2.36349319737953,1.88759510632411,2.05195760838888,1.81287498284639,2.2769195643213,2.3041531766304,1.53389260987625,1.95688013253284,1.63681330957678,2.34124246116169,1.67409673992199,2.37776795196545,2.48224968972512,2.5665742807772,2.24197555083617,2.47175330986473,1.60086160150808,1.73829992522772,2.1736453315261,2.29165184753361,1.88496392498258,1.62033741093884,1.89217674218005,1.61201139011412,2.09915179401776,1.88526601304508,1.48037731085071,1.63764284710938,1.52348121767959,1.97187650078844,2.21056630757805,2.42929658705001,2.51009359415639,2.36853693984004,2.34776753705173
"32",2003-01-01,2.44270179584225,1.96779485078808,2.13172129892458,1.87311902814333,2.33473071092926,2.38791093620683,1.58646336245121,2.02371305348723,1.69693828837034,2.42259530177229,1.72917915588289,2.4425241346204,2.56370579973436,2.61419953567858,2.32394975250599,2.54742334841371,1.68018640773309,1.79654752915574,2.24427650365329,2.38826727927752,1.96411116867284,1.68883338901585,1.96308187805199,1.65841575963854,2.17107900628619,1.97399961895598,1.536932378691,1.72701480423063,1.58029925809006,2.05947564648641,2.28801615307521,2.42788298152968,2.59066491830747,2.45265033154667,2.4005336615716
"33",2003-04-01,2.48944669124231,2.0565193028185,2.20026712423969,1.96283334558745,2.40063585707319,2.45857195293065,1.67563161585193,2.11690624695127,1.80250515387333,2.47689041870346,1.82030221247715,2.50205503463165,2.60414533856421,2.65972845230793,2.40241102125082,2.61325330583924,1.76756366040177,1.95410545099379,2.30881139363256,2.45071019104195,2.06031063251326,1.78264241162045,2.04568499955344,1.76537491333733,2.27234283803767,2.07082042626708,1.6435755800372,1.83728301610014,1.68132124587001,2.16980265468807,2.36879593749866,2.43765969378225,2.62392875194724,2.56502499581661,2.44463632135368
"34",2003-07-01,2.52021500461257,2.12408613676239,2.2679242313937,2.04060641125842,2.42473940563969,2.50729243375278,1.75992805420997,2.19636970795398,1.88494871499092,2.49433555076432,1.91289175582271,2.52095028609695,2.62499444807338,2.67136507525655,2.44778353694594,2.63308465510479,1.88009208199962,2.05855599228246,2.35156201775345,2.48094215450362,2.1405227685391,1.88173950115845,2.12144798250947,1.84963153881749,2.33715793454774,2.15892153779529,1.73559466026801,1.91380472056934,1.77250936823284,2.24688312712932,2.4327206839198,2.44431161854075,2.64680579637763,2.64964709890736,2.46764272223776
"35",2003-10-01,2.56590450756844,2.20353826855625,2.34667546081446,2.13997742396943,2.48331657472484,2.58044226370762,1.85303516477824,2.28069596054683,1.97457548890977,2.55449787188932,1.99347895918494,2.5651014999402,2.66655216667569,2.70958416802482,2.51042537024051,2.70386497024324,1.97130365969424,2.15231816944377,2.42038348889346,2.54315369256611,2.20848883563452,2.00269276051494,2.20234636319533,1.96578654192651,2.39684660604546,2.23296089296496,1.84304945378582,2.02636399485185,1.85183032225825,2.31509018771799,2.50083881246031,2.47186249685371,2.69812595995723,2.74493124380622,2.50952694556095
"36",2004-01-01,2.61462437295736,2.24901134229815,2.39570851803555,2.20407226053628,2.53523897598939,2.65721273173628,1.92719125896186,2.34581855589956,2.03746756711722,2.61186260168338,2.04804708416436,2.62507347283531,2.71539076765277,2.74840524071709,2.57643273333404,2.73916856077919,2.0835489416637,2.21901445108855,2.47673891411579,2.59388647107216,2.29530086662499,2.10392762611571,2.26614708159859,2.06211358558065,2.45538969451273,2.28785326274382,1.91442588338284,2.1197297924953,1.94079697967736,2.39276969026445,2.5683154101007,2.53650453279465,2.75387821681473,2.85428951334656,2.55262765604483
"37",2004-04-01,2.69641258635623,2.35663264708573,2.50192345483281,2.32314945313362,2.63712798245731,2.7499415002876,2.08854685378774,2.48762250662278,2.16147731757092,2.69452987823294,2.20056348577384,2.70122628864786,2.79032011675673,2.84345939733697,2.66980593395256,2.82125724356324,2.24822414089352,2.37262240103385,2.57880572985338,2.68504116070496,2.42801224506366,2.26590368998606,2.40311855651368,2.23915864668468,2.57142224837728,2.40723158488517,2.09797293868622,2.28794803229259,2.09543352987924,2.49683912046895,2.71662092143955,2.62363742579323,2.82248699602299,2.99068111455271,2.62582340054116
"38",2004-07-01,2.76792068945437,2.44655651586864,2.59088109956931,2.43525612743972,2.72089997428195,2.83204159037567,2.19336463557193,2.57511580385938,2.26542050207284,2.7511515047752,2.31862790247463,2.77677111060886,2.87997103665254,2.92850026776167,2.74912919221484,2.9002473514718,2.3685808562007,2.49213015072492,2.68260910525361,2.77022103195977,2.53772983967885,2.41377857005209,2.49270875339587,2.37329689261946,2.66738990106196,2.52485072299794,2.22953715326009,2.39535697618799,2.21208870053368,2.61083044574388,2.83021914141115,2.69182822019106,2.88259437522985,3.11215550815502,2.69522641473936
"39",2004-10-01,2.81110638451165,2.50355465163949,2.64601876301592,2.48627022207582,2.76663079986851,2.86212064205893,2.25101995571877,2.63279295999322,2.33340563821991,2.79824649670784,2.38087415435691,2.80867229524534,2.91102976990642,2.95763057655659,2.80500851399394,2.95888132497451,2.40900340343259,2.549481405106,2.71255794890101,2.82738722481413,2.59135160324359,2.48151417251402,2.55937140595066,2.43164785634495,2.71146619598107,2.55649117679272,2.32172194363475,2.45190910326425,2.24922112968941,2.65425239814879,2.86857578574306,2.68294079756384,2.91674274410964,3.15675615251451,2.72915750784681
"40",2005-01-01,2.80333812545391,2.50886122892034,2.64090237298302,2.49758563428392,2.76109849564202,2.85732702084159,2.25454588064479,2.62842806788702,2.34365616556924,2.77977506495828,2.39288671856649,2.80630836480249,2.90715252052248,2.95937518754073,2.79730615738888,2.95390659677639,2.4552056793117,2.52956566263027,2.70584589488078,2.81078609599864,2.61612058280584,2.48149331533539,2.56242174331255,2.43952302803575,2.69770055009576,2.55043986932871,2.28824418461002,2.47993464633478,2.27274321079383,2.66081920171748,2.86483861515587,2.65878623853044,2.89885535673729,3.13085756494558,2.72585090569489
"41",2005-04-01,2.84209883277245,2.54878916708103,2.69423296026446,2.54944685648085,2.80019692680303,2.90767674175695,2.32942652043521,2.71460200622242,2.40855566856956,2.819333179865,2.45404941769845,2.82879326857573,2.9208128047369,2.97553014357599,2.83697109498921,2.98531730544758,2.50910902540682,2.59347337263968,2.75949161516817,2.8575485752051,2.65549560293711,2.52752147919814,2.60557760569328,2.50801362397968,2.74853955705788,2.59548846832512,2.36248249266913,2.54592284790673,2.31441110798831,2.69123002348307,2.91657158258767,2.72712816598223,2.92360380313135,3.19525397021191,2.74684578231974
"42",2005-07-01,2.84942943436943,2.58249493188707,2.71825942714662,2.58762440165804,2.82326629871629,2.93653257018793,2.35204238941616,2.72799371817581,2.43815302863251,2.82503612711764,2.48782287865895,2.85823372413117,2.92389430339543,3.01309786146272,2.86715486719584,2.99806862053368,2.54568536801588,2.63042826438738,2.77639991546276,2.88060229175232,2.67975598224548,2.59151085482968,2.6233438805258,2.51026612509403,2.76304950615309,2.62275739030964,2.38013279681607,2.56838988500449,2.34609273714367,2.70514569949255,2.93562258637738,2.75806490320808,2.94021621997114,3.22672214595926,2.7551143283473
"43",2005-10-01,2.86521821602089,2.60490793946349,2.72853601994849,2.60994060932255,2.85709650185457,2.95618851895286,2.39381318920128,2.74963511799937,2.46944156452749,2.83186310528502,2.53258257725897,2.88458654876267,2.94769443989409,3.0733165133119,2.88396563338502,3.02730642697176,2.5704243777924,2.63464599067602,2.81237946792178,2.90913939065262,2.69466158018652,2.60002055646239,2.66436566355401,2.54410174176441,2.78690203835763,2.64343840561349,2.43165392631133,2.60677196975341,2.35965814882128,2.72656234026054,2.96982507492911,2.78501930538422,2.97187523521453,3.25186361237618,2.78221559660225
"44",2006-01-01,2.89263641305916,2.6217546511821,2.7612301496032,2.63424017034267,2.87458344630091,2.98688100032143,2.43293444904316,2.784192472707,2.50168836268054,2.85912443983332,2.54807478887267,2.8977806655533,2.97381929157477,3.11007786279468,2.91501586654332,3.05360532389518,2.61900714440853,2.65700778944152,2.83679336240889,2.91761809839125,2.72099474438205,2.62497762820425,2.67176172336576,2.54421509126049,2.81277265436103,2.67694682302007,2.43326043276202,2.63611711658169,2.38398467246124,2.75270859155694,2.99519887595286,2.82368332379639,2.97773597397683,3.28212246162363,2.81647019532159
"45",2006-04-01,2.95124945080434,2.67660774303517,2.80481677470537,2.69769760760843,2.96400246030197,3.0476388685915,2.49496736931488,2.85563746254045,2.56110548669894,2.9248993895714,2.61647000473691,2.96864816351845,3.03526975906274,3.19625240251695,2.97525058402181,3.10374188869228,2.69752392899337,2.71775063235516,2.91671295249646,2.98089855522141,2.77045533316895,2.69808767643725,2.71956649218066,2.61037136915823,2.86819654537758,2.72714313447749,2.48567530876953,2.69365688962747,2.45482680725666,2.81953392404409,3.0672662001086,2.93910831073166,3.05045274656842,3.35009614938557,2.87709923743112
"46",2006-07-01,3.0079095129936,2.71240059514785,2.85247815105708,2.74234031217353,3.01580374740408,3.10831879843384,2.54038796316395,2.89996683419377,2.60215235697995,2.97887952937224,2.64558064509576,3.03597604587976,3.11040587659199,3.30866961390036,3.02893998263474,3.17185602318657,2.74723059676807,2.75869213344522,2.97839351337282,3.02747294635181,2.83562319617916,2.73919553592042,2.76452189149286,2.64184142690097,2.92441637791329,2.75723467027245,2.51084133216262,2.73396332007965,2.49594057879929,2.86347068484484,3.12846897019162,3.07282454031763,3.13170975919215,3.42431488172817,2.92830150674565
"47",2006-10-01,3.07361179955556,2.75368676118608,2.90787309004808,2.77665809820039,3.09871597181619,3.16527762734168,2.59292850872295,2.95662239840049,2.66307434715905,3.04353460851796,2.71123982801309,3.1108706608202,3.190510253175,3.40864842576046,3.08116427192791,3.23288462549523,2.78742669429228,2.79661711164676,3.05480385689967,3.09263632715687,2.8844318764623,2.79667465809395,2.81056637055095,2.69600407611141,2.97854321026765,2.802241469103,2.56484566315743,2.7910625724031,2.55926970868942,2.91698187213722,3.18940253600845,3.16867760055832,3.21961247712636,3.49791973552935,2.99741952032866
"48",2007-01-01,3.13032982032925,2.77984290092605,2.93212540406606,2.81370592790497,3.15101382802337,3.22369676956076,2.62536584438687,3.00291904695794,2.70608337826621,3.09393852587573,2.73186182748072,3.17077875829537,3.2835375746374,3.51431074308455,3.14027786983571,3.31522819158958,2.8276852342657,2.82139573697201,3.1003109529938,3.13402203553881,2.88499623213507,2.83891795963097,2.84195815467233,2.72793055999172,3.01565510683801,2.82404262867268,2.59774063293108,2.79659997987378,2.5960122946489,2.9426282498582,3.24350339897191,3.29970957634809,3.30281723585954,3.55538417645728,3.06844694651689
"49",2007-04-01,3.22267268766559,2.83877091984247,2.99459175700807,2.88176373334654,3.23061043222134,3.29002999256181,2.6850191249048,3.07856521418083,2.75765889169213,3.17850880266652,2.788682361722,3.27531298735901,3.39015008123094,3.69552339777546,3.20663127394563,3.41708253896708,2.90800647303177,2.9099442224211,3.18638221662173,3.21305687998325,2.95153425620419,2.88309442377192,2.892259135839,2.77499702895808,3.07709768838774,2.86720026890048,2.63920733735454,2.89123864507507,2.64611767485616,2.99737672522694,3.30953482428408,3.52619160493625,3.43376513399143,3.64372788777141,3.16713255675981
"50",2007-07-01,3.28686122558172,2.85524076503528,3.03800664108859,2.90451062037425,3.28661433383196,3.3573435378264,2.72205742238517,3.10367509794684,2.79668171748698,3.2347158533185,2.83500419570483,3.36999273043413,3.53478755844621,3.83972622214062,3.27023046628207,3.51393839587367,2.97649387150255,2.91231270193495,3.24032667848522,3.28485448282966,2.99171520377433,2.93672450596321,2.93581677535929,2.8055884762935,3.12471381257487,2.89647447626078,2.66962929846453,2.91531636960029,2.68522568517413,3.04319247831078,3.36762353820398,3.70128547460406,3.53556113085845,3.69047980501937,3.23201250520508
"51",2007-10-01,3.32340843562593,2.87716854204507,3.04705019653153,2.92373957979184,3.2944540604672,3.39438190473779,2.73510305013825,3.1363393815497,2.81318527944563,3.26159227020245,2.85668059583025,3.41209617374835,3.57699107937344,3.91740886924402,3.32147317475121,3.56772218567474,2.99916927269417,2.93757160735196,3.26181278228978,3.33668648370043,3.02859598474176,2.95770667695751,2.94804929354636,2.79941510355389,3.12602789901809,2.90756274196277,2.70071911037239,2.9318585504436,2.7002691319855,3.03893614601925,3.38153518134086,3.73862691975693,3.5971173826264,3.7202703982027,3.25822029411584
"52",2008-01-01,3.29766748771904,2.84755987732467,2.99554083915213,2.89304641776902,3.25516053720071,3.34670664000629,2.70969158189821,3.07406717891499,2.78678917075738,3.22608767289927,2.82450509762608,3.40477030129374,3.56249863469077,3.89798002311216,3.28808675722172,3.57487935704407,2.97986253376689,2.8932052318024,3.21640739734948,3.32199437892516,2.97620934082134,2.91389744285775,2.89906138828003,2.78973156884147,3.07559628840956,2.85500321720693,2.66212457640666,2.91980606284667,2.69902257321045,3.00506266989711,3.36485197001194,3.69800534856673,3.58878872171158,3.6771454521055,3.2344107384001
"53",2008-04-01,3.28516418099033,2.83719503128753,2.96845393354525,2.89999632518387,3.21286655404869,3.32109227115347,2.72798568443123,3.08884030586597,2.77286501807398,3.19079684380466,2.8129602689075,3.36454400201125,3.54998439621686,3.91242221977674,3.29234409259868,3.54889773828052,2.98237368896862,2.90907170781341,3.17824629850605,3.30028114580597,2.93579840322908,2.91065166155453,2.91587937530811,2.79622831484113,3.05743696961886,2.85623598488087,2.68307376366622,2.91970047268383,2.69909149013417,3.02220585362044,3.33668092244576,3.70488228567821,3.58871337033628,3.66295795220769,3.20603007803659
"54",2008-07-01,3.17102780850161,2.73810323420596,2.89544147340707,2.80237579925295,3.0846335462499,3.18251323637445,2.65053309029087,2.98496432934863,2.70587281897289,3.08560582285466,2.73217758360607,3.23600284198267,3.41686662355876,3.75465269849543,3.16943189401673,3.42203031511031,2.93920320173697,2.81436163594411,3.05512721886585,3.16256408554729,2.85070045925018,2.83984896077751,2.82399231482258,2.71430506412923,2.93479473930784,2.76022377305868,2.5800439799989,2.83723476594631,2.65310972913686,2.91170497456766,3.22133615897365,3.58731600602539,3.46837522689472,3.54243955294942,3.08973006241783
"55",2008-10-01,2.97613918174156,2.62997593392416,2.7164956329704,2.70379539703141,2.91028895487064,3.01391461619555,2.54396947814945,2.87817436548379,2.5590159364603,2.9171144892527,2.62903079214748,3.02934643161489,3.21810216963832,3.5720158532931,2.99953667537026,3.26564549107666,2.8460061016561,2.71537326382602,2.89458656636983,2.97968627211005,2.77182351854154,2.75524911663849,2.69856710256917,2.60331062578568,2.78218812237191,2.63842847568745,2.49586372648728,2.76026909041262,2.55191864666037,2.74940006261286,3.07016892608217,3.39559429696072,3.28358213225319,3.40644830626942,2.91783294290987
"56",2009-01-01,2.84884597829127,2.52144246937387,2.62892012412503,2.61304582198767,2.78904654168049,2.87049744076891,2.4572737761765,2.7459890597423,2.49553627662472,2.79305947316479,2.49169138328842,2.91266635889783,3.05065201487647,3.44143452706864,2.82078126249936,3.09845332254937,2.78253472651983,2.61158060233043,2.7726776452051,2.85809024068692,2.64706151447533,2.63583982171871,2.60400690050941,2.5087848573203,2.66548426298517,2.53497851833191,2.43381184048071,2.65406884600141,2.42512191041829,2.63293303685941,2.93488019172934,3.27234961817816,3.14600214843036,3.28727049440848,2.79394896760073
"57",2009-04-01,2.85017914307524,2.49236385831038,2.63245317941262,2.60137245680224,2.80232759788877,2.90079335162591,2.46049778936281,2.77675967548904,2.47307783290991,2.79871860035682,2.50319757350579,2.91694263058385,3.02642199286354,3.46980644909165,2.84168579068063,3.09202645829464,2.77726357102658,2.59781025899159,2.7836502217101,2.85640453395419,2.64303565297563,2.66099127373314,2.60740012744166,2.47131466607789,2.66163566020106,2.5415658904125,2.41777795675868,2.59299644837198,2.43787609581908,2.66306161260038,2.97429446117541,3.33373807640142,3.11956116048106,3.29453082574326,2.82429086618824
"58",2009-07-01,2.92997643282493,2.55660696389363,2.69562584361993,2.62419458239284,2.89656789197546,2.98328615455039,2.48641284127229,2.82977368259598,2.50446925258986,2.89171584241977,2.53937289715145,3.01936393786658,3.12630363292499,3.57557107650093,2.92115510378052,3.16449915931866,2.80457985973429,2.64468870642883,2.86126872259584,2.93600364559394,2.71150542582534,2.713043542739,2.63966359272322,2.51273601737051,2.72650430840108,2.60087550526525,2.39952674026376,2.63419297740163,2.44461559679831,2.71053618834917,3.0585100413554,3.48233517353839,3.2483830481981,3.39292697468823,2.90162378399894
"59",2009-10-01,3.02716344821378,2.5745535895654,2.74950671020439,2.66388929770238,2.96923028805319,3.06847953241845,2.53041136594522,2.89284891174078,2.53538336932691,2.98161390868786,2.5813791817814,3.116314758768,3.25198097293073,3.68251595396038,2.99314736240349,3.25355390877637,2.87209034403681,2.67524371034898,2.92499991068984,3.01040004359367,2.74788726830042,2.73125253686971,2.69889909715154,2.52694559648721,2.78725148856927,2.64640628160996,2.4511504210166,2.68332885169054,2.47503836933452,2.74099408457508,3.12459611737402,3.62579672825973,3.36797394662486,3.43251329478979,2.98481832200261
"60",2010-01-01,3.07651531405733,2.61914969834276,2.77725037547564,2.68454908787647,3.01983117144245,3.11009080434725,2.52454561240317,2.89661548230949,2.5590579467562,3.03202306067724,2.58166669449066,3.18643395193505,3.33005613824578,3.76928176885328,3.02896836451007,3.33304640326709,2.87918235300671,2.66735843870472,2.9756462287373,3.05838441335183,2.76204770942507,2.72444365500032,2.69953257520148,2.52722300696455,2.81713472402969,2.66038813813797,2.43015587084164,2.68538851659699,2.47978553648026,2.75171007492943,3.16127278006769,3.73604881590933,3.44251772017025,3.45373685893976,3.02663894033549
"61",2010-04-01,3.14648455987376,2.63533236660406,2.80350159667651,2.71351096631418,3.05922926564765,3.14982591784303,2.53390588577244,2.93832820834488,2.56411631753118,3.05938083906065,2.61376377965013,3.24407081779483,3.37264212352231,3.84654304653599,3.07628339117506,3.35299117892852,2.90708932997597,2.69537058878064,3.01346326275897,3.10154845645543,2.79205427939381,2.77217783115885,2.73509754233395,2.54195451915096,2.84623966113481,2.7000024276571,2.4443968591892,2.70946176056442,2.50845124429652,2.78757136192693,3.20750117130802,3.79361376939129,3.50191975552045,3.50362294042448,3.08328380846556
"62",2010-07-01,3.1774086206602,2.65580824579312,2.82335792671172,2.71916239130458,3.09110343094491,3.17665957323117,2.54046751625838,2.9577676625231,2.58197619316338,3.09020300614096,2.61402941018186,3.27582127430634,3.41964868398667,3.8944829827338,3.11479095081903,3.4100484483721,2.87777714794167,2.71374159686556,3.0355855738726,3.13163597998494,2.82521323616502,2.77856365640375,2.74280073731917,2.56485146660762,2.87403173352405,2.70087745732252,2.46184677190222,2.7114068435858,2.52906930569949,2.78564168103702,3.22029256804948,3.8863627778562,3.58413517038731,3.54957541644397,3.1257846152008
"63",2010-10-01,3.16224220086927,2.63928631855997,2.80439023377969,2.68190505831505,3.04589657505264,3.13874163679287,2.51435751786585,2.94294401222114,2.5455517236033,3.06218935927537,2.6034147215122,3.25126437798913,3.39681627849676,3.89886302102281,3.0710419931651,3.38258460899949,2.89903390150797,2.65495862327894,3.01783359853821,3.11072733505787,2.7607692802478,2.74432617327184,2.73861716927971,2.5506058091908,2.85558020992013,2.65441838794151,2.4280445999341,2.66631098170891,2.50803201330751,2.76218053093204,3.1868135985166,3.85684747833076,3.56554296302777,3.48819937419393,3.08871731932357
"64",2011-01-01,3.12803137292291,2.58232137414474,2.76715854052367,2.66036172029285,2.99319704440645,3.07555165248711,2.4595139088348,2.888533620163,2.50199973696399,3.02896120643069,2.55632570915207,3.19732080710649,3.33337891111901,3.90919122089671,3.02861800614927,3.37046271520229,2.87170459106382,2.61918225292209,2.96954916861156,3.08191243764849,2.74432228693906,2.7100521770264,2.68233361891828,2.50075159634433,2.80781216437302,2.6324021728244,2.38799135707962,2.63268681658486,2.44780790563221,2.72414448370123,3.13675300662711,3.8647898135034,3.52944058897823,3.45995762125338,3.05529656814367
"65",2011-04-01,3.13601386452356,2.58045085941209,2.77487469514036,2.66013478463378,3.01285300340642,3.10506459837608,2.47270414741205,2.90472894065467,2.51215880067307,3.04623406753299,2.55326845203484,3.22718754978726,3.36908059669889,3.94295613263129,3.03547267320269,3.37146276762482,2.8808402110377,2.63917089270543,2.98001901151875,3.0798836328752,2.7497092838466,2.70606196372236,2.69422373682938,2.48817774498331,2.82109735386429,2.64780203973596,2.38149913232107,2.64675109967184,2.46535011450012,2.74020997892277,3.1527340868339,3.96864204444514,3.56996328493905,3.46513927165149,3.07113699472746
"66",2011-07-01,3.15384929225703,2.57977888846447,2.78947049413491,2.67122280435064,3.03547653287802,3.10629112834304,2.45043399516163,2.91653515714838,2.50910848607525,3.05933725767845,2.5523431236771,3.25635365799372,3.44142528017555,4.01989238954788,3.03665830176854,3.4207126608227,2.86918793757643,2.61741126531914,2.99883035430983,3.09479481422691,2.76701206257961,2.70687140210592,2.7056107192074,2.48465539299467,2.82353720528602,2.65031761026014,2.35395795162368,2.63745785500695,2.45288282476725,2.7488352911546,3.16950407094287,4.05572494362054,3.63651367214032,3.49463897644591,3.09767178328522
"67",2011-10-01,3.14872555006434,2.57980478328304,2.79004487213025,2.65077452812154,3.02248794951029,3.10929804291054,2.44003523407913,2.88829663343394,2.47444639956696,3.05266453007591,2.54186605556115,3.25264424353261,3.45436972973692,4.03382747104418,3.03547017927443,3.40579432330804,2.83306049571484,2.59843809730196,2.99920612805281,3.09751336423031,2.75053309380783,2.67778413867718,2.68196185626647,2.48803835262482,2.82175013883329,2.63142515797824,2.34506928011852,2.62999941794289,2.43905939289637,2.73230535283534,3.13989713637932,4.06623436036658,3.64179623641406,3.46050852875412,3.09816594927636
"68",2012-01-01,3.15654375865447,2.55837071324595,2.7830352559972,2.632397261192,3.02182329543165,3.08498941183252,2.40641876377742,2.89214484471078,2.46104642541911,3.05743744416475,2.52964450736513,3.24089391374475,3.43122641067495,4.06353742465939,3.01901778842647,3.4073898542328,2.83263201298536,2.56688341903112,2.98769830920717,3.08354919481725,2.74760832240894,2.65205970537492,2.67905912938951,2.4610783236211,2.80553212937892,2.6120774177181,2.32426562312283,2.60246567839207,2.42121178017501,2.72244040800701,3.12572808985662,4.12160518488039,3.65537649017855,3.44543401574727,3.09071478264835
"69",2012-04-01,3.20142476009033,2.59319287706354,2.8130620156671,2.64602371164819,3.06659580350097,3.13011329232053,2.43305992966748,2.91515424912357,2.48307908640773,3.08561753816048,2.55594243408262,3.3146224553723,3.54862313554677,4.20699710209397,3.06895652297632,3.4827040355071,2.81500350597879,2.61597825771932,3.0219590632829,3.1351130754376,2.75625148925324,2.69720981436751,2.67298145614441,2.47303221048553,2.84222559518845,2.64666545761191,2.34698058769507,2.61213853263832,2.44279749804215,2.72557260117313,3.15647629428599,4.30967763884753,3.75073356704499,3.49898809029293,3.14024108865015
"70",2012-07-01,3.2322421577405,2.58757025092052,2.81838247169167,2.65402011733024,3.08072338204062,3.12888182838082,2.41161085487631,2.90294200111597,2.4690349306621,3.09968981237203,2.5490929824316,3.34484730396423,3.57945361090124,4.29249406154887,3.09961568654482,3.50540302562667,2.82805162760255,2.60040693501676,3.05261248907553,3.14677228659547,2.76303019704845,2.69123568483799,2.7035987201338,2.44642108470972,2.85468772776682,2.66502324136223,2.33999845795899,2.60896324335898,2.43875109423952,2.74948705866493,3.17615370361568,4.41870137605828,3.7981648400212,3.48056100138184,3.17575722376576
"71",2012-10-01,3.2193441629312,2.58416554120831,2.82170725454134,2.65372581512612,3.08411765309834,3.12563501472385,2.39925104757396,2.90501915897934,2.4578930000151,3.10374951013142,2.55112211360981,3.34081991628438,3.59529867239289,4.33667294463319,3.09523397539411,3.52346484313232,2.8028931303222,2.58209924003358,3.03905669016338,3.14534542252307,2.76361037125612,2.67177168029618,2.69998723908112,2.44204846198625,2.84995225531353,2.65960658685648,2.29927079722288,2.63425729184277,2.40712930817825,2.74197765239329,3.17973125993712,4.41183345825371,3.82199825306958,3.47169000724011,3.18456057053271
"72",2013-01-01,3.23110648285326,2.58465539305759,2.82608044735338,2.64809169472709,3.0837481442201,3.13417762648136,2.37990694262337,2.88456550712274,2.43794602207155,3.07733430263262,2.52832873171638,3.35168542417949,3.64225942733456,4.33288354258253,3.09604723020741,3.55133520703953,2.78686633069855,2.55545426292237,3.03853119820791,3.13759786333727,2.75746239259741,2.6706015981258,2.68340303645511,2.43441028770494,2.84312000917608,2.64796461147432,2.28596787166208,2.60209041109701,2.43363883776455,2.7457083327333,3.16084389173965,4.48940646202197,3.86238157692808,3.4626328194846,3.17408018262
"73",2013-04-01,3.28651087265062,2.61852706077958,2.86775742763761,2.67069388787401,3.12196931806018,3.16325959946062,2.42423747358398,2.92483647401649,2.46205843764538,3.12487145995321,2.57089088740175,3.40134827274522,3.70482448552923,4.5002010821267,3.15022899989157,3.60330608462909,2.8256140989503,2.59525961064951,3.08794567385906,3.18560463957275,2.77899849257044,2.6884159167005,2.72201947774095,2.4358579760499,2.8911382610341,2.6762053397307,2.34151954106419,2.62558805323873,2.44498784472733,2.77810824709485,3.19848597152264,4.65982818223044,3.9255596401542,3.51117860265549,3.23904121878325
"74",2013-07-01,3.34258231340676,2.63666481124677,2.89690883666091,2.70912147181527,3.17358250351518,3.19820343806325,2.43680892016308,2.97615762334868,2.47903689832246,3.18061502021311,2.58148175291864,3.47046765248248,3.81757192602967,4.66016565002837,3.20961295645505,3.70698382721568,2.82588259861758,2.64105638929726,3.13844763337361,3.24599095031797,2.81184726593962,2.6897195603778,2.72082010612483,2.47926359422709,2.91298165525078,2.71106085619309,2.35276887798423,2.6719967905277,2.45236027885952,2.79246171678595,3.23357910864017,4.86030920244153,4.05722626513683,3.5151729517189,3.2969206746418
"75",2013-10-01,3.40260843347096,2.66958966454863,2.91335748338949,2.73761646182989,3.21691596563389,3.23341108262287,2.4395702279138,2.98705396243053,2.51604408913176,3.21704293091587,2.61299972291652,3.53291543348054,3.92528155700494,4.83387726000814,3.25420610713059,3.83398664696829,2.87978323395857,2.64166406077372,3.18308919343237,3.29057980114881,2.84314027203017,2.73013204039172,2.75799562254149,2.49125260768028,2.95863609447761,2.74786332618339,2.32605217483518,2.67191776589786,2.47039419179548,2.84185715551714,3.25770630178186,4.99859716558687,4.1408419966333,3.55988198486767,3.35136473436536
"76",2014-01-01,3.4666849003631,2.67482345912197,2.95251670818551,2.76030803611552,3.25081832994805,3.26387219325141,2.45232257215693,3.02920647183548,2.5117782691012,3.27057624139689,2.63616125376091,3.59670106963381,4.07969342061578,5.0127171163776,3.31326772765841,3.91873086053974,2.84678337739413,2.64986974384723,3.22456087325001,3.3437348075114,2.85677291262709,2.7462648331891,2.79601990664228,2.51713286309893,3.00859479666908,2.77720919916729,2.3488248516026,2.70130305970106,2.47963562911451,2.89423631954022,3.2883536011016,5.21846555077561,4.25718630938023,3.54777381358888,3.40449355601902
"77",2014-04-01,3.6155483989742,2.74313664710053,3.02784663898885,2.78717856656778,3.35525795301743,3.34604791353601,2.48483191981365,3.07510362048956,2.57877992035988,3.34424029393064,2.68608138851606,3.7186368527043,4.30490206469548,5.35223826515414,3.42276963525856,4.13417113958706,2.89580338938988,2.69133793529364,3.31916707464285,3.44450799553736,2.90391070554689,2.78643911683749,2.84898772960834,2.55475606678516,3.08895327545659,2.8320309779801,2.38965750320279,2.73884181988796,2.5305420472139,2.9407348983318,3.34601795296518,5.54861476611188,4.49014353355004,3.58298581440861,3.53043889894449
"78",2014-07-01,3.73267863730625,2.77926767428537,3.07862379940083,2.8364042362863,3.43042096973871,3.39770091616925,2.50340490388857,3.12541647232625,2.60631136438769,3.44608782191385,2.73061263007087,3.85857282158222,4.56637291894118,5.61310108534608,3.54937672866759,4.33388819403329,2.91946170605231,2.7378242529212,3.40399746557963,3.56827242849524,2.95736150628573,2.81402187342268,2.89048738920759,2.59760322956632,3.14145135689302,2.86870394426194,2.39176145557149,2.77352303244525,2.58025171228697,2.992083998508,3.40368546285598,5.73677115115626,4.73408525147648,3.67232944273773,3.67202733679079
"79",2014-10-01,3.81518042239657,2.81124673796092,3.10265420774436,2.85215689097144,3.47519846509601,3.40327267655012,2.50691067572978,3.13836185004293,2.62252154452155,3.48191159641327,2.75073041098931,3.91819821444406,4.56925587334519,5.62705389133957,3.61152496837348,4.40640159309511,2.90781129380648,2.72499176202493,3.44672436631357,3.63092589927036,2.97190368437303,2.82107312681101,2.89368527571412,2.57769090506104,3.1814885169839,2.89503441082162,2.37099351136093,2.79089614907561,2.57729905842926,2.99654402508991,3.40728279541938,5.72059016629908,4.75008667572468,3.6819377399877,3.72863981557133
"80",2015-01-01,3.86194017373123,2.82349966895107,3.11453757764151,2.84063127359437,3.50181872574193,3.40885828474331,2.50085560940083,3.137803234259,2.61351019827819,3.51397975038776,2.74889003424142,3.93028618866039,4.59857546677383,5.64680873911812,3.64475107026905,4.46054535994716,2.91967539863376,2.74382329290361,3.46970421055926,3.66439886189652,2.97923135109965,2.82460207373394,2.9015043635192,2.55323388083405,3.19071283795843,2.89850571329443,2.36584850489116,2.79173608175852,2.58086491870874,3.0297362546544,3.4381225110992,5.66851447335229,4.79350878878059,3.67478135124521,3.76157071183718
"81",2015-04-01,3.9826982889773,2.85245798617824,3.15911618278562,2.89299664932872,3.57890211279872,3.48169536002254,2.56591829315524,3.20055379791525,2.6586124542424,3.59612891440606,2.80368010494872,4.02730423237084,4.71110943583184,5.81285300987805,3.7158427259674,4.59466573983672,2.90646023777498,2.76200917562839,3.53818417783526,3.75607947370991,3.00743354841621,2.85157962162496,2.95848172939566,2.6216392015274,3.25130532228198,2.93718777101102,2.40609952548803,2.82183803285942,2.6071744135233,3.07732613499694,3.45606484937581,5.80283093123564,4.9456963093355,3.73614598664443,3.87404262206657
"82",2015-07-01,4.12650294270866,2.91579035776257,3.21796672573467,2.94843775700188,3.6642668079405,3.54671659613072,2.55560223744182,3.26758062958471,2.69002258863176,3.67401038408484,2.84779109216065,4.15031298537687,4.89923467607535,6.0484361850614,3.83325596778023,4.78489129972684,2.97990078187474,2.79818567769889,3.61554436734174,3.8563722557594,3.04188715050172,2.86021717883559,2.99369831961557,2.66150149583846,3.30042192152854,2.99036759392427,2.41857008507507,2.86884338183466,2.64863812131695,3.12108196143419,3.51245423004442,5.9399798281683,5.10054275574127,3.81548918989946,3.98791391684647
"83",2015-10-01,4.23082713953618,2.94974570168165,3.23888751693296,2.95827570640401,3.73767244385133,3.58449461241831,2.56945814949436,3.27283036695082,2.71851661550784,3.74055560026488,2.8840832027473,4.23516765651024,5.04178031686207,6.18439993198121,3.91773262880724,4.94185130566329,3.00071998242375,2.80592764425885,3.67293425946316,3.97241014220696,3.07813501828322,2.90076284515255,2.99364008755713,2.67464485345439,3.35659694623148,3.01779220775997,2.42146088353562,2.8765633726626,2.66121746990975,3.15200229078135,3.51945096282781,6.01962454582412,5.23410227487153,3.80712004255933,4.08920490578435
"84",2016-01-01,4.35869170200138,2.96937560484472,3.26529105619138,2.96322800464735,3.80027587519772,3.61985381806515,2.58242615070477,3.29413239661498,2.70903937423444,3.77289216331189,2.8929110438064,4.3239902335345,5.19820593266387,6.35789097344002,4.02671636685235,5.1253111997603,3.02721882089696,2.79032662636678,3.72349035230086,4.08003775709217,3.09358392669716,2.917398992222,3.0088483168784,2.66287994699718,3.39171561973673,3.04245397820584,2.40833162022557,2.88906574231348,2.66708342873862,3.18883328738647,3.54736683506387,6.12121964304095,5.3897725325247,3.84075676007364,4.18550769993086
"85",2016-04-01,4.53273811066362,3.0553320844152,3.34129092487271,3.03659432474053,3.91578105808673,3.68395648120208,2.60479771106271,3.35126239920362,2.77852973550143,3.90174496732817,2.98173713244307,4.44932769070831,5.37036752311985,6.53076056959191,4.16760116287595,5.31921017218959,3.01870559140375,2.85580025398987,3.84435363692862,4.235769088067,3.1380241375281,2.96075815502352,3.11275407603845,2.72087054316485,3.51052621172572,3.10455283725138,2.43804299895988,2.93561346702124,2.72259839249194,3.24924811803566,3.60614914407382,6.23833155875921,5.47536604765834,3.86111826879848,4.33382184034758
"86",2016-07-01,4.65448113832742,3.11741207611426,3.39066972111288,3.07420018302279,4.01267428972911,3.74607592080711,2.6375859840748,3.38213725913472,2.81412508639029,3.97611317328088,3.04031825825931,4.52924055279547,5.49897313472679,6.66680035950955,4.26485688406268,5.46736375543004,3.04145978541699,2.84247742724477,3.91787211480489,4.35979174706096,3.19075670234902,2.98492295359166,3.12316831371322,2.76554683005486,3.57340172659409,3.14354536703587,2.46363860449009,2.99514019183994,2.73565980867002,3.27614964854367,3.66785446801045,6.2015788440446,5.60256090760651,3.92042874167454,4.43109020840957
"87",2016-10-01,4.69809242374316,3.12914442159992,3.41206054467316,3.06961340784812,4.02625864067003,3.78153056252594,2.61468528590634,3.37932175156131,2.81913146280316,4.00272636694677,3.05167021433823,4.54511360772552,5.47348883663907,6.637622867727,4.2878293562152,5.46101546513365,3.05320416253599,2.84363760528484,3.95205955584687,4.42503487590292,3.20671510756478,3.00148515171577,3.12010282066076,2.77102122634693,3.60586622643445,3.15753306684556,2.43501198247,2.97564256699943,2.74052190171901,3.29904076219479,3.66690206980602,6.1291358213709,5.56790229547086,3.95592986976129,4.42228467837167
"88",2017-01-01,4.76231126051654,3.18308632004818,3.44051965795162,3.08397347506361,4.0569737846057,3.81068741745571,2.62167371505396,3.39663531007455,2.80261095302254,4.02897939051613,3.06206678771732,4.56316080053583,5.5067143356405,6.66328950718894,4.33323008677542,5.51515642853443,3.04371054165254,2.84340039613705,3.99194971868027,4.48889182324628,3.21761120662257,2.98917840420618,3.15053943284453,2.78543573253776,3.65222387966249,3.1769171508652,2.41664392995566,2.9623936103778,2.75768228467749,3.35240029066342,3.68039260597918,6.18247442745562,5.60043451274194,3.97473777158486,4.45717725132664
"89",2017-04-01,4.81897718578172,3.24650101992248,3.51357555093067,3.14275339545212,4.13618647011749,3.85806942404206,2.67334933490244,3.42957604029316,2.86997481311721,4.10227072490976,3.13955071387363,4.63546812327076,5.57604893100963,6.74120054600576,4.43263656578905,5.60249688841512,3.11957595244777,2.89540801636045,4.07199441895881,4.56798006736502,3.25634655615787,3.02410874513122,3.20203373207426,2.80762871515073,3.73215988515048,3.24145405227431,2.46329068557216,3.0103147197647,2.82734131028403,3.38763658937924,3.74996573568196,6.18300210756042,5.73464651522012,4.01184052344929,4.50750120016204
"90",2017-07-01,4.88832282341967,3.3086233280479,3.56551015120021,3.17612693869595,4.23874235650297,3.94604833808022,2.71675996048956,3.51619731882511,2.90444143270951,4.16342769159536,3.20034109042306,4.70423212754842,5.6862519853971,6.84177778538801,4.52876545197453,5.72632165237272,3.15944307535687,2.91678681130203,4.15515065462357,4.6603005031743,3.32363741774106,3.09369227072976,3.2647699041301,2.87514085094622,3.81657159971548,3.30014840618172,2.47873750543922,3.07373856815379,2.85883987300044,3.46611306848328,3.81534560112937,6.24927417309804,5.74992342366267,4.07962112417434,4.55860161884065
"91",2017-10-01,4.92593368631327,3.34571419861449,3.59369678157394,3.21508419558908,4.25215432243084,3.97455413958825,2.71056335794672,3.51629841621826,2.9334184558578,4.18589372338359,3.23199222138392,4.71543114444383,5.595650524513,6.73648941088545,4.56748473100011,5.70707116376836,3.14849397389179,2.92020188825714,4.18966014742719,4.66958354880613,3.3550503252603,3.11784318315532,3.27324320244268,2.88894520313689,3.8503591630537,3.32481520912008,2.49389400539328,3.09460906050063,2.87543295578433,3.5207192909514,3.82876192300439,6.11237008893081,5.67968571677557,4.12829831840851,4.54456560179453
"92",2018-01-01,4.91446718227676,3.34680066922077,3.60669018500966,3.21865810050697,4.26766278690315,3.98416559089625,2.71169201713455,3.54118674042039,2.92939005367283,4.18454207619155,3.25067767720801,4.69631522698881,5.56174905963315,6.68969630635779,4.57236358608809,5.71152276038224,3.15807512239993,2.91120821863977,4.21471689671339,4.69397319590714,3.39604189197006,3.12575302078642,3.26994786264537,2.8713374065728,3.87475326758949,3.3393370273679,2.45162835131036,3.11599097488488,2.85954675483966,3.51887995509401,3.84511810430336,6.0512759048232,5.64331165155774,4.16721347776965,4.54920555551456
"93",2018-04-01,4.91437639777415,3.41929100490411,3.67244912017308,3.24979813012047,4.32189147561756,4.02078736790766,2.75391983268656,3.5780041447946,2.96550528857442,4.23086716900784,3.29264317870412,4.7408428660832,5.59566824715932,6.76288393503132,4.63828125709205,5.74125116820121,3.14247496176461,2.94295119256569,4.24515822364323,4.71886666345233,3.41118588106875,3.17245723055154,3.32673755414311,2.93953314438834,3.93031989002979,3.40401669856179,2.5141166153855,3.13171816098104,2.92456190331513,3.53732019039787,3.89571807608047,6.02694022566189,5.62313245605263,4.19449739300417,4.56144054489346
"94",2018-07-01,4.96354230022364,3.50702258936905,3.72501510589043,3.32050997161877,4.37625183573315,4.09791482829881,2.77541446160694,3.60513930243149,3.01687753693527,4.25911956252812,3.39216417332478,4.79168967371785,5.63590824862773,6.72211614599528,4.66635367560078,5.7902015060101,3.2060760062949,2.98324261215636,4.31094111183538,4.77456394225269,3.50474674238926,3.23677432911843,3.36350770233574,2.97439188380799,3.99973192307214,3.45299285651284,2.48822273438272,3.20837725004775,2.95300503990068,3.62735155625265,3.96266306099084,6.11349294716096,5.66583630579681,4.25482082563924,4.57426192720223
"95",2018-10-01,4.91911518699949,3.52888218311558,3.74885393355243,3.34075748040694,4.37451445685561,4.10233005309654,2.78193695231483,3.60765318243407,3.02396796373113,4.24287546449522,3.38848787882539,4.75513232776215,5.50377364865159,6.64105598676638,4.6488142784618,5.74383539661664,3.19258919795266,2.973920388908,4.30649925529108,4.80186250832425,3.51864725252634,3.26312224004325,3.38810958887922,2.98806131413445,4.00843176761117,3.5019689851374,2.49561143818433,3.21641761887499,2.96141558520926,3.62437542165235,3.96078428355658,5.90642707372941,5.5898002204127,4.30794188749683,4.53852043637242
"96",2019-01-01,4.89273529207122,3.5042741946685,3.72833372683091,3.33353100478899,4.34922355724688,4.06327794028175,2.77738186313585,3.60290132781836,3.01580390247454,4.20880375413333,3.41165827780987,4.70337935005179,5.49420414367656,6.55799328842299,4.63381129648311,5.69316188460409,3.21466997995307,2.91832837354691,4.28963719589468,4.74306294365225,3.50966196910803,3.26653205513511,3.37036405544687,2.98790852194349,3.9813042754657,3.49434569671602,2.45119024014114,3.19490110214598,2.96734692101918,3.63286650981634,3.94035260680418,5.82856981521239,5.50137973616779,4.29498329496381,4.48053195191525
"97",2019-04-01,4.86840766468187,3.55747204402087,3.75149523047877,3.36633641584705,4.37745918639378,4.08884246477325,2.81209464647535,3.64669110796153,3.06102528580959,4.24506589736201,3.47004605755744,4.69665066950547,5.46979348992023,6.56083865804472,4.65603025815173,5.67585301743871,3.21684386745237,3.00501260107919,4.31016153624746,4.7742656561201,3.54785577034628,3.31372322517341,3.45126462955448,2.98355026912645,4.04898267027482,3.53525717011069,2.52672735763221,3.23760380081453,3.00744071362462,3.66153303559126,3.94708597572342,5.86740636357063,5.51515929851475,4.29695011870508,4.46687866181939
"98",2019-07-01,4.91238999142997,3.61902663744972,3.7879350654149,3.39669354228359,4.4090833912015,4.14794639318319,2.8665558042519,3.70231996414361,3.13143312635785,4.28486665639219,3.51490247555477,4.76648389403117,5.545242254801,6.72958470353233,4.70982935461169,5.74542428439188,3.27261891286858,3.02301641486522,4.352597653004,4.81572870524745,3.62362634920724,3.3657120911539,3.46898725924529,3.08325435784925,4.07682785730924,3.56756582371275,2.52899664126209,3.30125886712149,3.03328541589,3.69830945326936,4.0075294682308,6.02838924949757,5.59658058691804,4.37385736522209,4.51873283375594
"99",2019-10-01,4.8960551535447,3.67259619134671,3.8439822891065,3.42652059965175,4.47485977661632,4.20133311853683,2.85854019405582,3.75712007424316,3.11726520216863,4.32120358875271,3.5199252560986,4.74487417523832,5.47353668596244,6.6781155640484,4.65268845845637,5.75495558166275,3.35588245869114,3.02502049841279,4.42214796468992,4.83308761007027,3.59800060980839,3.40086673199285,3.48698728793074,3.08767890070976,4.09013602247081,3.59321407537335,2.54711011685183,3.35350721587134,3.04911255431696,3.69199870874562,4.02069150487545,6.04686748994768,5.62889194945338,4.42526993383935,4.50419310702399
