Date,East of England,West Midlands (England),South West (England),North West (England),Yorkshire and The Humber,South East (England),London,North East (England),Wales,East Midlands (England)
Feb 1995,1.018236396959407,1.010399498351732,1.0110641673444047,1.0150817731513182,1.0080873931830057,1.0021075158137531,1.0037230560841968,0.9876412953859794,0.9898858107451962,0.9953953506477329
Mar 1995,1.018519025369042,1.00535748861169,1.0096261319078228,1.0155302787636311,1.009612206624156,1.0053841336165983,1.016410628234825,1.0019733890455982,0.9953733152699705,0.9988454598811736
Apr 1995,1.0153466338368666,0.9949360538454176,1.008960766275966,1.0116032525191234,1.0124465397797764,1.0051788915553697,1.0159449847727327,1.0028141631937137,0.9870743357978707,1.0000210609133027
May 1995,1.0197110251710582,1.0043600101793613,1.0094617871118914,1.0156091847736304,1.0025413955056264,1.006302747915116,1.0208013104445333,1.002917308623233,0.9997865290015613,0.9988168948145962
Jun 1995,1.0179226926769493,1.0143317001049323,1.0202559106562572,1.0131958512255905,1.006353157943883,1.0154566155673665,1.0293115069444496,0.9969398266008141,0.9988126457514226,1.007989576881405
Jul 1995,1.0155926099015191,1.0017838694336654,1.004402306928408,0.9998603781761901,1.0035063638021717,1.0064207340836804,1.0237244321289973,0.993816730959513,0.9863470212797405,0.9982903836805744
Aug 1995,1.014326075958045,0.9936844553091422,1.0078440775226585,1.002485915663006,0.9961005365172705,1.0101504279363644,1.0242627089168308,0.9881091606138411,0.9887566009899877,0.9913784690880723
Sep 1995,1.0151543572961332,0.996292763347533,1.0102740599611428,1.0062701459293781,1.0033827925707992,1.0098495568486394,1.0259385583768212,0.9911326482621967,0.9978581411631882,1.0042399871852972
Oct 1995,1.0107612560056376,1.0059166646061763,1.0030622719612627,0.9951882501220105,1.0020178985365233,1.0099501049545452,1.0336078415070329,0.9914993288655387,0.9813402512135977,0.9914518357086022
Nov 1995,1.0226541591339557,1.0054489958185489,1.0054907283946992,1.0044819927997723,1.0030426359692286,1.0134711444013718,1.0291253607888187,0.9930859662592468,0.9989213232210505,0.9982716692963824
Dec 1995,1.024713818741348,1.0138177468633243,1.014318895447356,1.0089663352985023,1.0059106397593807,1.0194696431552344,1.0425832413212375,1.0037925174617373,0.9898452747122828,0.9999170588659627
Jan 1996,1.0099486531865038,0.9953101394129223,1.0080714169577065,0.9922078939184005,0.9887636461856312,1.0142712902362474,1.0412193693562148,0.9892373221031916,0.9884111860295902,0.9944622405258089
Feb 1996,1.0107357816025153,1.0052786915519487,1.0153244760789824,1.0098820565813653,0.994411536893783,1.0199670905226241,1.0499469141410054,0.9797224746585154,0.9874187465439154,0.9922729843735804
Mar 1996,1.0185053479250081,1.0014615159541513,1.0130719392607423,1.0051973847014968,0.9986878566803432,1.027989898247439,1.0484311889124829,0.989951803200639,0.9882760846701458,1.0034973969251588
Apr 1996,1.017910712385204,1.0071198085559427,1.0186438742139863,0.9932709444891418,0.999401257188284,1.0257669894978967,1.0607912046247463,0.9949338485380838,0.9956968917479793,0.9950755323324086
May 1996,1.0237632443147495,1.0076363854386128,1.0263873779775323,1.000128995653979,0.9948332510731369,1.0298384642137413,1.059131918623464,0.9992505642126934,0.9957751180247948,1.0021289206628197
Jun 1996,1.0368451077526073,1.0133874952548014,1.034323860770511,1.0139698272505933,1.0048525107695385,1.040067518785694,1.0756840562977312,1.0139370820511344,1.0021389770264588,1.0111795582797896
Jul 1996,1.0319602233736638,1.0086308366135983,1.0311866855194245,0.9966502793363777,0.9949571640671256,1.043696721406042,1.0726546699726422,0.9925703883517546,1.0064577292462975,1.0028809488779953
Aug 1996,1.0414793307695749,1.0128307470737312,1.038592994839,0.9996678281027794,0.9925103656340739,1.0480033925847148,1.0822694175330787,0.9938558890801309,1.004557739637016,1.0156800398725097
Sep 1996,1.0461487775007137,1.0246623572493574,1.0452479079725123,1.0089648399902036,1.00298873127812,1.0599241494195473,1.0958266741440952,0.9976282327513509,1.0129267127369612,1.0200641975665463
Oct 1996,1.0469843445313352,1.0264791178463497,1.04962220063631,1.012313992332122,1.0079720223078295,1.0665842548385027,1.0964973951087296,1.0055129973496912,1.0153613969038897,1.021553372503195
Nov 1996,1.0658053263891962,1.0350724531103859,1.0580869271701074,1.0120646409304292,1.006873291248233,1.0732237740345894,1.1131785075487541,1.006425013770904,1.0169150838128325,1.0242174087398146
Dec 1996,1.0721945517861704,1.0371279123961203,1.066371869963039,1.0207966911332993,1.0189196751304497,1.0864826655342739,1.1232389498987967,1.0084920707259275,1.015493911198141,1.0342573032505529
Jan 1997,1.0735526255901002,1.0403275938102094,1.067699427900843,1.0106583998487018,1.0007406867203477,1.093020191763074,1.133328521809063,0.996804014127537,1.0191251024749866,1.0315501836667762
Feb 1997,1.077771750628816,1.0406050230124788,1.080171037926724,1.0230829931796936,1.0095976551271093,1.1016495243026436,1.1443871869624724,1.0043727576370276,1.0270483185386394,1.036373834375381
Mar 1997,1.091552754896315,1.0564634883741215,1.086724755203007,1.0306479301381264,1.0207330077665502,1.1159386665956932,1.1631532912219906,1.0170636660377137,1.0316239674474397,1.0503620846640278
Apr 1997,1.1012831697138374,1.0570645782178907,1.09375974313798,1.0324673058163796,1.0181308439961287,1.1254478453698553,1.175251568276267,1.0179742041975692,1.035886241723356,1.0528930349303007
May 1997,1.1128554777462907,1.068114714191273,1.1070142236832201,1.0362283434648734,1.020551295482595,1.14132336723021,1.1987391649508223,1.024513955937985,1.0406246795438059,1.061530245448244
Jun 1997,1.128813764201358,1.0784771911454951,1.1191753076917617,1.0439417525010497,1.0236116414130267,1.1579192699594383,1.2186458567918435,1.026850704472464,1.0558302795104886,1.0732766816537815
Jul 1997,1.1365242296218239,1.0789644577933157,1.125797460406911,1.0380848582147868,1.0226034903271441,1.1703603565818395,1.2351444718581177,1.0248411641692172,1.0489558757479018,1.0681064606934363
Aug 1997,1.1490429143376324,1.0896310607110613,1.1391531186890138,1.042820157564299,1.02733577100352,1.1910412624377313,1.2435069078703005,1.0326704505915794,1.05570091174204,1.0796238426698226
Sep 1997,1.1582374933318957,1.098628016687196,1.1456240604566659,1.0534836674909258,1.0371260175120136,1.2010060818528878,1.265198294425943,1.0383583221914052,1.066770129862281,1.0870124227490403
Oct 1997,1.1706532613615805,1.1016122159715986,1.155302310441501,1.0518296226826922,1.0450848780554074,1.2175030298562068,1.2739769535163719,1.0423620097725628,1.0706894116793286,1.0871945358534338
Nov 1997,1.178704501949181,1.1104701346466386,1.167406321170186,1.0582155141713379,1.051871052631461,1.2246719460577975,1.284077770570708,1.0453896655071688,1.067730518432826,1.101807916848557
Dec 1997,1.1929932684289806,1.1161736556633837,1.1751785338155172,1.0642933151426701,1.0544292292921662,1.2386013846398798,1.3097832337376596,1.0529155474218328,1.0821441214689993,1.10205690967256
Jan 1998,1.1948637934566568,1.1123921108646495,1.1762888718708542,1.0682437872427066,1.0444551264954656,1.2437094881607327,1.3047017729630503,1.0479106913904561,1.0783447844883423,1.1004492669061778
Feb 1998,1.2045250336021134,1.1249413102248784,1.1868662808838715,1.0760489853271875,1.0552307092453246,1.251798556285643,1.3109332120031867,1.063922291608758,1.0793102118660884,1.1083058983496696
Mar 1998,1.2062485979594497,1.1253034687729904,1.194996937313253,1.0782005110808905,1.0624107353081138,1.2633048983039799,1.3352720522629726,1.0593004153723757,1.089135469412474,1.1134886507651351
Apr 1998,1.22113416696284,1.131014105534591,1.2072635296987337,1.0823145167475057,1.0615289948161948,1.277244376403009,1.3455100229750947,1.0597988005690373,1.0937641602050772,1.124408884644269
May 1998,1.2325764581978087,1.1419308148737022,1.2158330490845162,1.0839915796840984,1.0676365482412504,1.292521145729072,1.3681583626295808,1.0658416588346917,1.1040802461992918,1.1326671141593498
Jun 1998,1.2470910570313642,1.1514859855180528,1.2270899261591595,1.0968306109656296,1.072938903149306,1.3038478082418248,1.3814413273752393,1.0714147632383022,1.1080076531369227,1.1338239889217698
Jul 1998,1.2535247185295124,1.1554477096542057,1.2359888194362945,1.091365025242931,1.0760706904487454,1.3111881811303,1.390681819729131,1.0679418051406306,1.110679604474599,1.1425532497182318
Aug 1998,1.262205564111427,1.1632788119507274,1.2478770309803713,1.0928784925971815,1.0746004471881543,1.3224568080782713,1.4075037346686006,1.0651293437760012,1.109605338685437,1.1450539764807661
Sep 1998,1.2739945632904413,1.163794458172154,1.252041775768257,1.0983080685484732,1.0871425852261343,1.3279304414169704,1.409589692604973,1.0782878704527088,1.1145622932498853,1.1553493551637952
Oct 1998,1.274086356794736,1.1735882849982398,1.259606467001385,1.106408948048697,1.083206005399679,1.3317139286916722,1.4168026660152997,1.086814275008873,1.1218212371794785,1.1593239567142817
Nov 1998,1.2797006806794973,1.1742271984580508,1.2622190822489032,1.110810269013976,1.088042460607667,1.3449885380965778,1.4180512694997633,1.0901790387380552,1.1297112053231388,1.1660582022233024
Dec 1998,1.29649238017277,1.1845596451341953,1.272827616152191,1.1140222485698954,1.0920638808337229,1.3531819867132975,1.4319862194091257,1.0955987095572637,1.1342853394048351,1.1724947956268628
Jan 1999,1.2911076374668824,1.1788143886567173,1.2711397593713958,1.1167266334218,1.0857773829404542,1.3453887795463855,1.4247284779226295,1.0882634181409372,1.1337074293419438,1.1652230722617136
Feb 1999,1.2928060503682357,1.1942293346244974,1.2756070941731785,1.121482581207843,1.089661025815004,1.3562214450150112,1.4398103317444977,1.0850066620736858,1.1332142391325792,1.1726333140961467
Mar 1999,1.3050132351884827,1.1961393545527401,1.2894967472784062,1.1254002716873257,1.0992543285507,1.3645999916051714,1.453666284967733,1.092557957181345,1.1366343688739926,1.1832993767061952
Apr 1999,1.3169597456743212,1.2063145271630318,1.301793495579847,1.1339773195308842,1.1024414761895136,1.3825615195463499,1.4690729562826328,1.1051891117832295,1.149926199572146,1.1915510398343159
May 1999,1.3322505652506553,1.214789047619009,1.3172162590523526,1.1431958590652074,1.1088277115293075,1.3987024341625343,1.494036644841849,1.1073293233285948,1.1546711864460004,1.2054487557698235
Jun 1999,1.3516226404407439,1.2256576312023637,1.3331955773667978,1.1487705478213435,1.1160510278651916,1.4185177589455402,1.527169752054977,1.1126563062120172,1.1563012159285277,1.2125064618185222
Jul 1999,1.3618963878562165,1.23491882556983,1.3501525631300704,1.1531898197040333,1.114426893827159,1.438034732027,1.5479829805135208,1.1141703779759933,1.165301758773152,1.2184830362923604
Aug 1999,1.380073121028187,1.2499820382516038,1.372168570863969,1.168739399493509,1.1293417900751388,1.4622667367723008,1.5791458256248516,1.1225723788200133,1.1817731166073424,1.2286483266139907
Sep 1999,1.4046125327105508,1.2545188353671963,1.3928743839983957,1.1696520285754979,1.1355308497821919,1.4854982651531976,1.6059295282527595,1.1312477821399705,1.1827806875296156,1.2412561812086138
Oct 1999,1.4240360991821053,1.271457683404822,1.416314137611587,1.178555727072853,1.144084853338119,1.5115328698674693,1.6369441165219432,1.1308054881927212,1.1980212749836756,1.2449285898165168
Nov 1999,1.4423959904499621,1.2832070379638694,1.4371080889745993,1.184981594865553,1.1480148254951925,1.5377373495414595,1.6692401367386864,1.1391011935447097,1.2058223260428205,1.263541523032382
Dec 1999,1.470444711666419,1.2973592504322404,1.457049323061781,1.2002211082688086,1.1645426729244248,1.5683794574799825,1.6991766683864085,1.146354400754733,1.2142282875375052,1.2775912016035391
Jan 2000,1.4841276000093888,1.3034651671466282,1.4620692567575317,1.1956863785115368,1.158134906355355,1.5780219242670253,1.7131876236136991,1.1461734314285656,1.22440293596919,1.2726847556718859
Feb 2000,1.4994042914912882,1.3103256523089077,1.478104761308269,1.2098670072748243,1.1572799436331769,1.599662294858216,1.7371077192203574,1.1453408456634462,1.220138640317518,1.2911228853557921
Mar 2000,1.523813963854739,1.3238637260022001,1.5099233415920132,1.2240141707941115,1.177147236615292,1.6301090743525015,1.7720018936605713,1.1606327047488458,1.2351760692218956,1.3073116564093896
Apr 2000,1.5533305902465746,1.339474286990676,1.5380290502438572,1.2279322728103308,1.187092959304117,1.661625097370706,1.8163126518958568,1.1628147596689942,1.249385463661988,1.3146957055521455
May 2000,1.5771733390252274,1.3509578536417206,1.567043417425503,1.2380535535197423,1.192915406855617,1.6831874981432324,1.8385782895927185,1.1713418633872306,1.2538160886225722,1.3340382002915174
Jun 2000,1.601775232299024,1.3755966103235282,1.5848926686411087,1.251134424649451,1.2054750686383306,1.721962064371881,1.8737705953063952,1.1717654868855858,1.2711241752713143,1.3512870514322433
Jul 2000,1.6232328115222159,1.3789305192317782,1.5986652063097853,1.2558299379961921,1.2148442086066369,1.7288033362077448,1.8826558793700878,1.1789810696596232,1.271619067995239,1.361079542003354
Aug 2000,1.636070593946468,1.3987182049197844,1.6170334167510498,1.2668265388554931,1.2283852772050383,1.7493407004724082,1.8951433661132286,1.1954210238817893,1.2808052567234915,1.3737039163328928
Sep 2000,1.6472858145299543,1.3986089124147298,1.620433795865672,1.2703343898500772,1.2309089397452668,1.7538177278432892,1.892428990929182,1.1901697252964483,1.292222213138577,1.3902575005975601
Oct 2000,1.6485343855767645,1.4116090833840742,1.632468193272231,1.286779697300016,1.2354013839699496,1.7563673697027944,1.8960451184542824,1.1953515502085097,1.2949583079472051,1.3862008007938351
Nov 2000,1.6564729907450024,1.421931895542129,1.6360046419492498,1.281211816725298,1.2362884881733425,1.7591523646143419,1.9006967993774888,1.2042612553846201,1.304730706377734,1.3943345791993602
Dec 2000,1.6803415079739936,1.4374462389814728,1.6429220393495585,1.3067963724105538,1.2443603016910305,1.7800165012269338,1.923024033520514,1.211307705704328,1.3108350251736807,1.4243703480731351
Jan 2001,1.6675646935146662,1.4253439922819835,1.6439674541732103,1.2937646210740779,1.2434262227180037,1.772977200446271,1.9292107213367111,1.202734987106287,1.3052271431277556,1.4039933839311731
Feb 2001,1.679229856391713,1.448323050530622,1.6609560505931922,1.3021072211488014,1.238523845977476,1.7902130255681648,1.928746313048371,1.220147851712423,1.3143711417805841,1.4144890762298699
Mar 2001,1.702690198546309,1.4585518505015087,1.676379124090049,1.3149544907055857,1.2521168387313415,1.8064149502087516,1.9582121357458306,1.2302081095877597,1.3119475695113338,1.4376155955141625
Apr 2001,1.7244784842167824,1.4749277067771183,1.7037475139921534,1.3265070493838969,1.2725729928890595,1.8309288808333781,1.980425998227766,1.221193159873173,1.3286477404191914,1.4610110938432346
May 2001,1.7478796528461076,1.4973738528064195,1.725583201258718,1.3429008915141423,1.2875689214277537,1.853643236157483,2.0126930532668057,1.2411197727960057,1.3456130973861258,1.4702855687386078
Jun 2001,1.7736341284475459,1.5086370565086233,1.7580093602499691,1.3557488593411302,1.30333702547701,1.8852667471108309,2.0439183678811714,1.2602575626873809,1.3721214567008526,1.4978595975453677
Jul 2001,1.7909082372609364,1.514440985032183,1.7716885530197275,1.3637545330463592,1.3139334309954378,1.900227256296116,2.0677989326247888,1.2690993008003821,1.3846160628790332,1.5031370614710406
Aug 2001,1.8236669152464782,1.5426964288430127,1.8073635246330937,1.377433364903148,1.3301479399464982,1.927641104331923,2.0898224164543966,1.2754443587918938,1.391007899857898,1.5303650057948575
Sep 2001,1.8476972205390436,1.5530334229720528,1.8301286187959214,1.3826601626862602,1.343969109961319,1.9430573915293423,2.1244151164329566,1.2847349119505538,1.4139376363580491,1.5440650629741317
Oct 2001,1.8634098341258771,1.569272925431895,1.84633445217101,1.3981950549028659,1.356117358733121,1.96589141385767,2.12959524671613,1.28824101095999,1.407181525415265,1.558490470046431
Nov 2001,1.8852384681230825,1.586318272184077,1.8570637847447276,1.408033814972408,1.3613308794634076,1.9832734009291786,2.150006329335519,1.3068578009057359,1.421400028527418,1.5747616986736277
Dec 2001,1.921396730751847,1.6017253305901311,1.8837790758447166,1.4311567719299698,1.3925979656426233,2.0061894880424016,2.182160680931601,1.3291173808904462,1.4424740226555783,1.6086332304504443
Jan 2002,1.908432874684321,1.5981956763717868,1.8898278397603459,1.430748561663456,1.3870762264500809,2.0043243959319756,2.1704961044238225,1.318628968298601,1.4359118713767716,1.590229110954451
Feb 2002,1.9280008556791133,1.611355499908761,1.9057678363505182,1.4394689102247218,1.391440619450185,2.016559265059157,2.1863394630554045,1.3397936290806791,1.4562408239745623,1.6194527273690906
Mar 2002,1.964912865545636,1.6358387871810915,1.9455642955535082,1.4610847969914116,1.4214071946308595,2.0491376709284075,2.214781155484073,1.3513610805975282,1.4766211309337212,1.6623169298458091
Apr 2002,2.00377655187341,1.6721930005061352,1.9726343732479634,1.4781461777723701,1.4423068480973753,2.0783799007779087,2.2529334219006603,1.3783859999423431,1.4915400120588767,1.6886036408677336
May 2002,2.043795619732893,1.701679280266348,2.024023958932871,1.5226456784113434,1.4874431443347411,2.120343816950506,2.290594691307033,1.4227930824459014,1.5268802339934227,1.726808171914953
Jun 2002,2.0982923527982713,1.7560451953462,2.086641294257359,1.553374746971008,1.537729758486147,2.1724669436395727,2.3504695081755753,1.4544624557238675,1.5830267404284355,1.7832168260335586
Jul 2002,2.141140347644579,1.7773474932263411,2.123770281138815,1.5691383171094662,1.5530841622944325,2.2022110184335735,2.374136953127106,1.4713433928901436,1.5990205318795214,1.8134901345811494
Aug 2002,2.187737376138567,1.8207249204523301,2.186585350376788,1.6006525184758948,1.5908549866872626,2.247987115478737,2.426135872360477,1.5062216237173496,1.6556775104189145,1.8665849117160382
Sep 2002,2.2307972755923307,1.859110408987137,2.229267874161957,1.6244232891852421,1.6129907454161212,2.281922370868719,2.4511586595045234,1.540866469434513,1.6525972461699274,1.9146033924511017
Oct 2002,2.269093241584297,1.8871178247446514,2.2599502302161634,1.6436960020978324,1.6301768307332674,2.315713970837023,2.4822436254271922,1.5668160428114468,1.6775700451312567,1.9393167632050232
Nov 2002,2.3045632360662536,1.9291103906578242,2.3065979198791347,1.6663620525433003,1.6786055405154032,2.3523563942890267,2.5160400710773483,1.6101038413743252,1.7207454687673187,1.9904181143605162
Dec 2002,2.3509643720637285,1.9636678235512095,2.3445154045857617,1.7127480270999504,1.7200262781041498,2.3921640939999205,2.5502813902544372,1.6443903111540112,1.7519905464453618,2.0262107956579687
Jan 2003,2.3606324156352643,1.9745804242946672,2.3490932671529134,1.7050815614774075,1.7149972442300578,2.3995215347823757,2.5591168635541868,1.6352947853053068,1.7571629671398183,2.0381539007144385
Feb 2003,2.3897822931339583,1.995562704753162,2.374435177263816,1.7358817919913985,1.7396323706445407,2.425219892139601,2.5788210057282988,1.6491991746004304,1.7888330986628371,2.0760165529967036
Mar 2003,2.4165143972510505,2.0273898326226236,2.3961021237397784,1.7505068362881953,1.773202666089742,2.4420901847132748,2.589309030959077,1.7069145644754071,1.8070802535810848,2.0891360551291203
Apr 2003,2.4204154820599078,2.0516709874387025,2.420804234069077,1.790839281468142,1.808420685054385,2.4583018030919384,2.5998552285443806,1.7502628771321702,1.8455657672610701,2.1333900383807918
May 2003,2.4508188042311474,2.079061352013082,2.442316426516291,1.8221012548056201,1.8480882877525333,2.4759704937394753,2.6279058805335622,1.8023728419986684,1.8813815839257262,2.1675070352358348
Jun 2003,2.473117982942418,2.1259449463348745,2.476765963193356,1.8619845997940399,1.8974701582199698,2.502307556065898,2.61996184608348,1.8385440631374574,1.9274642955327634,2.205969288275698
Jul 2003,2.4723647496766668,2.131608092890722,2.474276936458694,1.8775793105914425,1.9103836551775928,2.496385364844751,2.619678031723641,1.8643384275535086,1.9503977530155723,2.2212135619407523
Aug 2003,2.4822957955344465,2.163577528585077,2.4901602780029957,1.9255892849210223,1.9426370623545606,2.50264610259903,2.622741575050048,1.9186510739838647,1.9882512916732378,2.255147289696445
Sep 2003,2.4979842633592124,2.1807585576339035,2.5054204940302442,1.9517155280956007,1.9598686659090887,2.511511295152337,2.636178968999117,1.9244533333152305,2.0094893377027416,2.268599241660156
Oct 2003,2.5122388481858993,2.2149927900698083,2.528906308698555,1.9711469067546332,1.998530655800742,2.5282540204732253,2.6525240567708797,1.965268196361698,2.0288059946268557,2.286391192314849
Nov 2003,2.551009773522494,2.239159130132089,2.555652945490811,2.0092057246684543,2.0329487678224814,2.5554199128996786,2.679295670560099,1.9973623838847856,2.093784593019819,2.319508620699595
Dec 2003,2.574894944426659,2.293561386517362,2.5912922058419414,2.060878154768981,2.0771270485284115,2.5837137415847504,2.6972162965404904,2.057511724878379,2.13734297051732,2.350589288229426
Jan 2004,2.5756711328267348,2.271422141260225,2.598894498996491,2.0613991993763277,2.0749310227353903,2.5909560136279612,2.7040310356689226,2.0414530981817274,2.164513912381287,2.3444137776069334
Feb 2004,2.5900860277046993,2.3024072570108203,2.6277131902486497,2.0829375125365273,2.100068897007009,2.6138711417630036,2.724368005439858,2.060348837322117,2.1716592242359374,2.3780485100703612
Mar 2004,2.6229609687062787,2.3257578550052966,2.6375595158881207,2.112610263149023,2.149272873613775,2.6274589072707673,2.7452140123441766,2.1164940358203057,2.2010189646766603,2.407706328620074
Apr 2004,2.6497608281150233,2.3673149814560506,2.68889729338453,2.191694615000344,2.2089138927998078,2.659796613999992,2.7649291422747595,2.1949612657788946,2.2744655545240233,2.4523984134015504
May 2004,2.6956282613786047,2.409130739475105,2.74745069816956,2.2504329892994757,2.2642326872926817,2.6887473911462707,2.811767808691401,2.2587009295696463,2.3285000325553122,2.492574335521609
Jun 2004,2.7320430653061623,2.4652734059396955,2.7778872931562306,2.3050445899975336,2.3065964163348847,2.727358529224817,2.83825563355069,2.31178150238929,2.4101567959722527,2.5445393921128696
Jul 2004,2.754241616734355,2.4860674190288528,2.8032812397190523,2.3390447118831723,2.350552689051301,2.736513223594247,2.858713362340137,2.352563956700502,2.445651043387818,2.5763123951728186
Aug 2004,2.785272578573298,2.5206368711231844,2.8375046225662715,2.3768534712771743,2.3789175508245326,2.7694721869962837,2.884156973234458,2.402265031162121,2.497214632904029,2.6116509038584033
Sep 2004,2.814222892027128,2.5356554793120267,2.8548772225581613,2.4009774501737042,2.3909441628423624,2.781647199617729,2.899339102390778,2.39870414346809,2.495871937475181,2.638901639971396
Oct 2004,2.8097406076948697,2.5575197689995255,2.875165397795405,2.414227668573824,2.420341974151539,2.7979787421664257,2.9061094292648093,2.446996782378781,2.5184115852610245,2.6262849161442294
Nov 2004,2.833131610478216,2.569658487314494,2.873959029773316,2.4495973361196426,2.4319151758546345,2.8036857665595454,2.920630358158663,2.450115838845924,2.532048266687487,2.6532445309279753
Dec 2004,2.8402683423249533,2.5958140111717887,2.872534405088037,2.450780647548003,2.451105225007389,2.8114615361564614,2.9277021773622534,2.5009532057413364,2.5608943410378475,2.666191810505873
Jan 2005,2.8086147182123447,2.5532259321443362,2.8587587953905316,2.421746479119687,2.4272922235995704,2.7908854297844505,2.8970948883945122,2.4253744631463214,2.5438932349798242,2.6261868769677523
Feb 2005,2.819853425048818,2.5700685973082904,2.866026776338613,2.4303835434779804,2.4294744227608587,2.8012972555788167,2.905924503183977,2.4349446070612837,2.5393473641112196,2.6483564979695906
Mar 2005,2.8218567811595103,2.5933464594184645,2.870727215036299,2.4661672430296453,2.4732997132508476,2.8021357447566126,2.9052772310879877,2.4528815578407137,2.5573470208435105,2.6443290503921224
Apr 2005,2.843131281097191,2.604186980536577,2.895304389587379,2.474233231873556,2.4787813321538907,2.808882469134499,2.9121213481678736,2.487004145758433,2.57755405866157,2.6667464372408634
May 2005,2.8596352469466337,2.6180693384803657,2.9060305019728188,2.5068999197958806,2.5162535794029393,2.8273134733389274,2.930367108986944,2.501519713695247,2.584686819153759,2.6840324534646323
Jun 2005,2.884752029124888,2.641241476168556,2.92294352022824,2.531372305332425,2.5419286959218668,2.8430275201947155,2.9472068212308713,2.5311553386358527,2.6098667287958226,2.698129256549681
Jul 2005,2.873215079288124,2.636897703525717,2.924937860414142,2.5234076759992354,2.5222603213283765,2.841060291504825,2.9528284795048623,2.5394974268642785,2.632973561982832,2.694011056556336
Aug 2005,2.8761916006750425,2.658436996927312,2.933375795318784,2.534861994734978,2.5396225890148973,2.8470432523274343,2.9388329539061404,2.534739477856617,2.6310136840661844,2.7026415973037303
Sep 2005,2.888059704402603,2.6592139319210695,2.941293231032547,2.5425936729889562,2.5485348415620144,2.84015565522736,2.9620065460879172,2.534819275839708,2.643456724940041,2.7096415657183845
Oct 2005,2.890168691735763,2.6563860248955145,2.947533875649009,2.5546515714053064,2.553525960886874,2.8520539514007535,2.990462130600504,2.547050624512274,2.6371148012068084,2.718450308249912
Nov 2005,2.899599372980905,2.6700609571250076,2.969403098437249,2.5665720964785814,2.560347384429645,2.8629918822142333,2.9853125703388432,2.553411175479379,2.6534694301562958,2.721635678223172
Dec 2005,2.930384790297741,2.691759530843661,2.9783073743032276,2.5988592240400825,2.5857975002689964,2.8835536092457192,2.9958901595448415,2.586419716529434,2.6531372610537503,2.733515691290547
Jan 2006,2.8992233932593745,2.6752009083786925,2.967716785307277,2.5721659405421167,2.570278745973192,2.8718243717798186,2.991122626811871,2.5534346480615104,2.6778013851023488,2.734418953244353
Feb 2006,2.933571643531898,2.694080777131095,2.9900134010169976,2.5989367649586974,2.592812517338193,2.8893069863322203,3.014258316721768,2.575122537472071,2.6562867820920015,2.7429305591999893
Mar 2006,2.949332665483563,2.7117012796276483,3.0090753450947916,2.604897742264528,2.6242509415796547,2.9071370784316084,3.034865904650157,2.5959345481085414,2.6897925140128907,2.769260663307053
Apr 2006,2.9650927215138063,2.7224893684368476,3.0409886884647,2.626974413315022,2.6397209836634152,2.9272995600170795,3.045384066280156,2.6191912438308926,2.7140828296592288,2.789586393200893
May 2006,3.0010612349570156,2.752802696818645,3.059219095420138,2.645053338618049,2.6542167477969785,2.9542312186422066,3.090437721097215,2.6169944875718003,2.721643194992941,2.8047035459845664
Jun 2006,3.029873150329016,2.773782629018361,3.10778879111713,2.6797839592011217,2.6817883321768106,2.98810690524969,3.123677597232785,2.654407904518481,2.7647016299455585,2.8279533768849316
Jul 2006,3.0357426453884573,2.7738026054208915,3.10939682717973,2.668364232675973,2.6957382292185486,2.991007068788226,3.148182170949263,2.672491070727349,2.764329230484568,2.8352746000516107
Aug 2006,3.0524139501325203,2.787173232501799,3.129050859166618,2.7016227986668007,2.6954943870627375,3.012537820712826,3.1852409380302498,2.6498179863389084,2.788865545947192,2.851332885703278
Sep 2006,3.079185857176876,2.812509854559831,3.150834617691194,2.7090324536596473,2.724721110081873,3.0364884527911538,3.218373333595677,2.679306855111952,2.8128708706341317,2.8676663217557903
Oct 2006,3.101628116536121,2.8140537668576235,3.170833744068123,2.724158478475824,2.745388783173215,3.052295914576493,3.244898736134042,2.6841371376158234,2.8113575569589884,2.882126466984789
Nov 2006,3.1264866103407343,2.8306277899478136,3.207282969848217,2.753836918277358,2.7620595941181785,3.08595404200431,3.2679329517775386,2.702265730882961,2.8336753337446945,2.896360198523825
Dec 2006,3.164828663431901,2.8680683902972377,3.230642899967334,2.7832603006906345,2.8002932186982794,3.118552189271363,3.3167376414612577,2.7617771221871936,2.8793807956076662,2.9379012656923043
Jan 2007,3.1484010051314164,2.8471381001364526,3.240036168560637,2.7678893634451565,2.7839285904009174,3.1198572585822273,3.333187881517062,2.737035111220809,2.860624728078282,2.9162890637000354
Feb 2007,3.1691579444226545,2.868178057023397,3.2633198842016875,2.777508809380574,2.8002566141816327,3.1478227102629828,3.3699849290638966,2.7259100260947817,2.8717865726781597,2.92992927082525
Mar 2007,3.2079703586359845,2.889445054101437,3.2838021219012807,2.805090525485601,2.8331635870004455,3.1751842513596578,3.41147311222473,2.762308479644854,2.890796219789069,2.9515416623116013
Apr 2007,3.2351769718852066,2.899206991683425,3.301263615761574,2.8237400999414164,2.852045921993889,3.2024206372890087,3.465443774861382,2.780436338817932,2.906591010286399,2.9654759679107863
May 2007,3.2603625362718933,2.9311552356256367,3.333767193749412,2.837112957404538,2.864127148386557,3.2347104796282906,3.510145318919622,2.8092520736944526,2.9248046852443648,2.981661523451914
Jun 2007,3.3024362452094835,2.9531712240801156,3.373259457868979,2.8698271245436713,2.893147143266827,3.2769081930126895,3.5800345381736407,2.832339583229062,2.951732863187354,3.0095217957431966
Jul 2007,3.2984508322535744,2.9411149580332485,3.382128041980903,2.8753228084911937,2.8950699738013177,3.290865143412941,3.6181933000263946,2.811904643057461,2.9637356066173592,3.026175000196766
Aug 2007,3.336402145106004,2.955741266069393,3.3922635836958084,2.8853616412475107,2.9043056211163094,3.32015122819076,3.6570298949534634,2.823797343938656,2.972845042192338,3.018228632845579
Sep 2007,3.352899418140958,2.971274631451102,3.4181866966951837,2.895629064642323,2.917141125866708,3.326010625236734,3.684249968660231,2.850036542676977,2.99016849837656,3.0390675075515
Oct 2007,3.3608807338336635,2.9652428831499282,3.4193034394097555,2.902199355467207,2.9176095967021256,3.3371322418046696,3.6972522885260646,2.84888172972197,2.996278764847583,3.021629308386068
Nov 2007,3.361441844640471,2.9842880223500474,3.4199674204766244,2.901782120131606,2.91821660965848,3.3512383741818916,3.7136686160354766,2.856011025115294,3.009395589476702,3.0341364945941622
Dec 2007,3.370492286728459,2.9759854931237655,3.4159979104655016,2.906230592371468,2.9591886178759226,3.365803714489963,3.7188193416293527,2.877897154072113,3.024816192984929,3.0350646282091813
Jan 2008,3.3383741552483253,2.950052273307253,3.3821023481817973,2.8810677551316375,2.909002332161503,3.3382651214811063,3.7039361551426637,2.809274345108541,2.967882044977074,2.9818738213057014
Feb 2008,3.3356711470197933,2.948168692334915,3.388270466692688,2.865178808184609,2.9051259324614693,3.3324562251178755,3.6992672423274606,2.82390299208711,2.9609514297545347,2.982551947373296
Mar 2008,3.322074068505324,2.9125752282119715,3.353233532801926,2.8700241989204898,2.8887343923879722,3.315138258777204,3.6822706496538937,2.8222527738243746,2.9504343761431455,2.9750948941027797
Apr 2008,3.3174731714323618,2.9147233911211705,3.3676332729541,2.8769114008152243,2.8971678716911096,3.306597157210691,3.6942429688371172,2.8542706189919183,2.947026072234263,2.9785998670023512
May 2008,3.325093052937219,2.9404128735061,3.351690563178727,2.866918508469563,2.9030984001315647,3.3046138314592945,3.6982747045789712,2.8257698224512695,2.942710917667253,2.9853666792508156
Jun 2008,3.2765538837493695,2.923972363401233,3.319755308867331,2.857841941320335,2.8833476694384554,3.2831644297755034,3.680337466030304,2.8213456637450687,2.9246103195875026,2.964060652869315
Jul 2008,3.2411194878800518,2.8478687348758256,3.260342284746805,2.7931404977007315,2.8476615877541254,3.227064798273217,3.6190872468459965,2.748757851515531,2.8794782001817683,2.9151561771893713
Aug 2008,3.1751096824602993,2.835231221926361,3.199704354947106,2.799397558246839,2.8122711306665975,3.1753030894526098,3.5327095680404916,2.708401475994009,2.8584941815671576,2.8550278489130694
Sep 2008,3.1011511931209026,2.794536286920362,3.1524735150347003,2.767057480106537,2.7592199023995776,3.1015192695301086,3.496821872194104,2.6897563724721074,2.805018429466798,2.813709476667426
Oct 2008,3.043820391553056,2.727052483089167,3.088032670019675,2.730179565189247,2.7209948759259897,3.038619014669908,3.4045724833430717,2.6583858785072167,2.809715103124308,2.7427269825064853
Nov 2008,2.9954038780842756,2.709112951894281,3.0372152725513577,2.6693065384232724,2.734728447631263,2.977492105728359,3.358083607940469,2.6019189909969236,2.7566508051236887,2.716119056232233
Dec 2008,2.938646914773372,2.6595252647475602,2.9922151301134923,2.6344195610465873,2.642552952306532,2.9335989901093087,3.3226033474116794,2.6133931817045983,2.7218646230684644,2.6956239561918136
Jan 2009,2.8917882254937397,2.629883195825694,2.9320793941847456,2.589331807744303,2.6303733014642,2.878792239180056,3.2526504287690514,2.5425415964587974,2.6608910293468737,2.641342207861304
Feb 2009,2.865127204743234,2.591065399313207,2.9072588976539184,2.560883815653597,2.5757153132866324,2.847937383793497,3.2163790039579543,2.5450445497877303,2.6153223221108743,2.5936562169878385
Mar 2009,2.841194749298381,2.573929159876455,2.887244687500778,2.551722035152667,2.566193296523924,2.834210182684798,3.195774344047648,2.5101143527083982,2.6511931312314743,2.5925026560812032
Apr 2009,2.845526872685789,2.5704245225957365,2.9058802532461345,2.5485383167751916,2.568111338830711,2.8289873403736063,3.1844731047874766,2.5062686004311927,2.638349500638368,2.602743950475998
May 2009,2.8838622242814296,2.58657203990466,2.920896981528597,2.5606802660398964,2.573914646700405,2.86809184474702,3.217503174046227,2.550170117279174,2.644579093716244,2.6056306069633006
Jun 2009,2.883762763482817,2.5879571439827145,2.9581281450046735,2.5583875871246655,2.5628435841265245,2.8925405169132685,3.2615246587633626,2.5276354572918804,2.6769015174709074,2.6324481582800567
Jul 2009,2.920048718204986,2.6192037390797402,2.9887517039373543,2.5712386179137603,2.584739323734127,2.9204975113428984,3.3020018131760134,2.494438316701309,2.6919540612633637,2.6598871946811764
Aug 2009,2.957512237660591,2.620680909419819,3.0258070750325534,2.5812075528932557,2.588004172558255,2.9585117089665864,3.3282804702433633,2.5266890898119896,2.7031926602289795,2.6698843537422072
Sep 2009,2.9745923759498023,2.638079493527915,3.0468658099118753,2.5988436181013594,2.613786761564878,2.999212760323838,3.3777656753242504,2.5527657417623093,2.7052755990645703,2.68508936375222
Oct 2009,2.9953840575356994,2.6492792272985377,3.073464520192551,2.621894128900324,2.624946248188105,3.0161320904454145,3.4250338151853805,2.53870439135629,2.7127663142583924,2.698618086125988
Nov 2009,3.0286435708361403,2.6654111678562757,3.100723036510785,2.637270081603447,2.632754186320814,3.0483783457081826,3.447133554662127,2.580212458943937,2.744136068632852,2.703835521561772
Dec 2009,3.04393595416242,2.6872292230200254,3.1115730841513116,2.6376170134179313,2.657688069602857,3.0706566348564435,3.4842770186498515,2.5763082826347,2.7423325003586383,2.7384745866588003
Jan 2010,3.052405464531047,2.700104487859812,3.133611973564422,2.6253644854111284,2.6419543933806797,3.093868211592126,3.5399313242262287,2.554446886893514,2.712516302363417,2.7337490895584007
Feb 2010,3.071630472908815,2.7035688461415956,3.134628153724457,2.629265950843277,2.65830072070898,3.0966849297055528,3.527696395981094,2.5420311597439365,2.7234497077738093,2.744837250274156
Mar 2010,3.0909044679365665,2.7035766989293792,3.1538863961138643,2.6398394809313195,2.6500605486660684,3.1097000014365,3.5513557956336053,2.564503980097211,2.751580963206184,2.7397459597501967
Apr 2010,3.1207306796531826,2.7287327516932374,3.169422255688356,2.6456071230090714,2.6624492926969636,3.1199157132896778,3.572739558623062,2.5932777901850566,2.753575373180374,2.76509514134752
May 2010,3.1138557721592033,2.7205989906372916,3.179489144011004,2.654457300071575,2.6617154396791056,3.157053718698967,3.592209662238522,2.5359319407039393,2.7642189734235876,2.7523150218934527
Jun 2010,3.1499071910696155,2.7301925828050804,3.190803545258396,2.664877218665302,2.6805972513475926,3.1701151191818098,3.6240700341329597,2.590824234733152,2.7870799195990643,2.7918353745143993
Jul 2010,3.155861628684017,2.7238664818786167,3.2091813834139002,2.6470378402435357,2.6882871708076035,3.175892544996985,3.6535893195701865,2.581695204771402,2.786029675917781,2.7818741847731414
Aug 2010,3.152460053416699,2.7379280616127306,3.203086942349868,2.667532686361224,2.679937895714328,3.184935702765976,3.660123186649713,2.5797910502437476,2.7808537913334526,2.7829402163889165
Sep 2010,3.1538123775729465,2.747708385331496,3.2113295588319426,2.650392816958217,2.6847285647717745,3.1861843836490418,3.6628072286765136,2.586561168226774,2.7818262124005786,2.7749247299449324
Oct 2010,3.1675717904777896,2.719946113206079,3.1787397959322554,2.6482280404646414,2.6525937856814,3.163246102777529,3.6437921135185873,2.54087533253277,2.780129980479694,2.7544806277535634
Nov 2010,3.1297547333823745,2.7114721575933767,3.1656293207755386,2.648389499150891,2.660498405697217,3.146566906749138,3.638925344683035,2.545818655202934,2.7051141688002995,2.749623747612107
Dec 2010,3.1057354196081635,2.7119986547453454,3.144979778808424,2.6278234123401014,2.6351359003472674,3.140354309927194,3.622057667065017,2.5520542895401848,2.735824576724027,2.737592339872289
Jan 2011,3.10565658015691,2.689311369587856,3.1235599012607467,2.5914285803775736,2.6093399270773565,3.1042222288175774,3.6363957406028513,2.5127041734326134,2.729582838522081,2.7335856191480583
Feb 2011,3.0858726982836533,2.6722117767269244,3.107232048503493,2.5912050878948425,2.617003170284132,3.1148718607586776,3.6185122071838878,2.473504265675437,2.710270081578073,2.7112170330790812
Mar 2011,3.095433268157012,2.65889420298984,3.107705383866407,2.593723624692496,2.5756378805274274,3.103893289172059,3.6144672024856996,2.516203758857143,2.7088476061044857,2.7104186632225167
Apr 2011,3.0874734545651434,2.6677847353103674,3.1325410740512973,2.5990817630697816,2.612480734056554,3.1146408673766457,3.661245509822403,2.5110443925075097,2.7204126768641888,2.7252672266213085
May 2011,3.092492136401683,2.6591116480711947,3.1243183948374385,2.593833100338837,2.6260776972340274,3.122597782519994,3.659783159378387,2.5029012667498445,2.7147859043853746,2.7363008610879995
Jun 2011,3.125553751299151,2.6886485338957855,3.13662681518183,2.595613054223864,2.6087623294644113,3.144769598749176,3.6722384949557263,2.5077830875981997,2.71559612465498,2.7191623164929792
Jul 2011,3.1147500846944265,2.682776481788858,3.156325400667455,2.590195960116605,2.602138121780816,3.150483636568395,3.7214243358520336,2.4739148571916965,2.7063968129366125,2.71481129222045
Aug 2011,3.1290719263759894,2.6713366414498494,3.1372611399764576,2.584256823908637,2.615841976739257,3.1462961598583084,3.7384971577626653,2.502133021235184,2.7092396054109424,2.7377189536316804
Sep 2011,3.112752215592639,2.68167007534475,3.132309323649529,2.5836394114677494,2.605531661631694,3.141448656253159,3.7342720016363717,2.4777157109029995,2.713708907441782,2.7253118536469674
Oct 2011,3.119135624957782,2.6663035695639983,3.13690977078121,2.574026288800492,2.5884371087766542,3.1410908058093288,3.7178845831823795,2.4609258692642153,2.6917681344812294,2.7198871781931127
Nov 2011,3.117247924249563,2.684530506560876,3.136129207740154,2.5722644527707503,2.591663851326876,3.140092137553719,3.7224146868832872,2.4661569549012805,2.683034331877999,2.7174484409618516
Dec 2011,3.1206063937206685,2.6708846684887533,3.127793765124086,2.5826473011510247,2.5773081588431657,3.1437635507377273,3.7476760641302542,2.497793141244056,2.6993861260871705,2.7160549840591743
Jan 2012,3.1184346367851226,2.6546737732199333,3.1180163948570954,2.550106395153871,2.5754224177821183,3.129306695175114,3.7435556829535934,2.4283798726704653,2.6708720406870263,2.697897601496935
Feb 2012,3.1059316953619507,2.650391186687113,3.1250510518463166,2.5424480791833206,2.570620979225128,3.1377731862638294,3.7459134425646554,2.427377321648595,2.659820924556914,2.684631776887381
Mar 2012,3.102323805443945,2.666914413950074,3.1209262489465694,2.5644646596062404,2.571288656546876,3.134406174276317,3.7140216330645788,2.4568595533152995,2.6713352070718197,2.713445943451233
Apr 2012,3.1480056674476753,2.6647227189998874,3.14548751839304,2.5731166488164807,2.5714253387147212,3.1712825560952065,3.8380486511545,2.4797524645360776,2.7051246345249735,2.7065403411641884
May 2012,3.1423431905037735,2.684009968648718,3.1649423528626306,2.5524699495169036,2.583605960138038,3.1798029462003274,3.8811223346524644,2.474003027201116,2.7009767367315733,2.732623135179217
Jun 2012,3.1649978496015807,2.7088663421087635,3.1702037644640053,2.5814411552499377,2.608158646388676,3.1997874839729015,3.8932766050166694,2.48194919719455,2.704918636480528,2.7415759037181875
Jul 2012,3.1626978863663227,2.6892783140696976,3.159880127841461,2.5579405368863113,2.580413392766724,3.2036833135388885,3.9111702432449356,2.455628227860948,2.704992501071526,2.744163501571723
Aug 2012,3.1821407694307577,2.6802888767148687,3.171313211768811,2.5706599981738654,2.5780201035932433,3.2164913232187073,3.929037870364204,2.460770132609448,2.686542381685284,2.742857851237711
Sep 2012,3.1825836908871876,2.6955529687671484,3.1684063874720154,2.5467348290215166,2.575100940720201,3.2151020632306704,3.925908721034293,2.4530628056774835,2.710180860826073,2.7449761475729333
Oct 2012,3.171107721947453,2.6840859481186983,3.1596357422162544,2.556262258733808,2.5718558951208315,3.2048256253854928,3.917884406830298,2.4259514651333434,2.6984505224890456,2.7379756250900105
Nov 2012,3.1707403685927837,2.6771775488521747,3.1696406770717274,2.549241106826608,2.5704915080572963,3.215481864744587,3.916103785305007,2.429963263091368,2.6745094197535098,2.733056828573909
Dec 2012,3.1657734441517884,2.6865830735141034,3.1694911775277275,2.5496922566307263,2.5700761382412707,3.2190637886691316,3.963392442165712,2.441813488366705,2.697358624177407,2.7465352868874784
Jan 2013,3.1622874493331037,2.6816371505562437,3.1573185985681134,2.5228888482004916,2.542768028655962,3.2112371681066256,3.957053672030458,2.4093409931682777,2.687060843465408,2.714620799659651
Feb 2013,3.165054487770645,2.6802227735590574,3.15590787863704,2.5436931921216916,2.5509153830309144,3.207090651397426,3.952342595869447,2.411057741096051,2.693053363433438,2.7210521092788458
Mar 2013,3.178126405228775,2.683383764144259,3.1698342944623525,2.534191142106659,2.5696620608209924,3.211058859253607,3.990764761950504,2.4148658958621447,2.6720217669789728,2.7431412720939217
Apr 2013,3.1987850330183885,2.6950481850394947,3.1869189219802587,2.5566252063471246,2.569114345742915,3.243053837363304,4.042462623284997,2.4437729969070654,2.686432057792776,2.7488597893106825
May 2013,3.213483828417237,2.715714653893571,3.1947884928285473,2.5742067535816058,2.5854481989323626,3.2470838492623053,4.069596433374417,2.4458266591579245,2.6930126683979734,2.768901482670619
Jun 2013,3.2471385789953255,2.741458851183341,3.2156281572504026,2.5752476753117906,2.590249072008672,3.296090920926476,4.126332852350468,2.479856159082609,2.723830210596075,2.77728640120202
Jul 2013,3.255917351185687,2.734967751961238,3.2221681425447013,2.567546772505001,2.5885021965778625,3.2953223135102085,4.163689111780733,2.4939770918272277,2.7086162519678108,2.7797771724723366
Aug 2013,3.271487578534391,2.7455770615474937,3.2331560445829703,2.579447840107952,2.598179824616742,3.321052693488848,4.217266479363943,2.4784658897287004,2.7198535221104065,2.7926478457087236
Sep 2013,3.289868853369806,2.7445439978826527,3.2485484556420214,2.597451848193179,2.6323761528996332,3.344954254936257,4.262946579754933,2.4807035425643686,2.7231659036716898,2.80186308372299
Oct 2013,3.313266693968771,2.746212393392481,3.261476889004411,2.5891176301510717,2.6143795330818267,3.3580838114007268,4.266325308000759,2.4483474474672975,2.73946156898314,2.8188484387004675
Nov 2013,3.308576185445269,2.77822716751013,3.271547875861776,2.608340220361461,2.6218872862734894,3.37135510144584,4.319632934509576,2.4807251856437094,2.7457598241804413,2.835098276495223
Dec 2013,3.361745321867429,2.7808422994493207,3.2933721889538083,2.627601339760504,2.6426294224424103,3.4017614599265635,4.384173021167264,2.505590013302913,2.7608265960584633,2.8663646399429714
Jan 2014,3.3539924712624973,2.7703365341828294,3.2849699379353647,2.6114009190403613,2.633511805976888,3.4247253974033267,4.439950260902546,2.461908913286041,2.762243909395781,2.8674459133070442
Feb 2014,3.3768637228837926,2.7841914707284965,3.3059514103887233,2.6275839165105337,2.640857325883414,3.4360241519389008,4.456477852313012,2.487402758298883,2.7739218435901827,2.86680760907184
Mar 2014,3.401221100260944,2.8207853564631544,3.328526241469784,2.6415535473705885,2.652556771970446,3.4541191982842494,4.52510669083927,2.49799125348317,2.7644122486402924,2.8951423677252577
Apr 2014,3.456814229231438,2.837477554718748,3.3549674977514443,2.6526633776821362,2.6862544979282523,3.510745449498655,4.662866336468798,2.515886063068969,2.7886462208892073,2.9198317711239197
May 2014,3.49437005209575,2.834396868524392,3.398440955482619,2.6671832538442155,2.6903640237894044,3.551193015927995,4.753569495303409,2.5373906605406176,2.8191015682535783,2.94443522438024
Jun 2014,3.5315584431573805,2.8806015328703456,3.420442068336643,2.6913682080869825,2.7153926443409677,3.5975427541352913,4.8223904760627025,2.545239852665652,2.828347981993661,2.9635366498505276
Jul 2014,3.5717876800304653,2.888461191196518,3.435394487592406,2.691181318845875,2.717926995254493,3.6384673142110824,4.894341147979879,2.543387509665502,2.8422049202788884,2.967254611562667
Aug 2014,3.607411947468446,2.8965149364005605,3.461528396467167,2.7092004285219513,2.738202871156008,3.6874177296339976,4.988829241063426,2.5620596694306665,2.842279658554749,2.9984554380737554
Sep 2014,3.6298215456242136,2.9061423544820024,3.474593280638619,2.710984994209536,2.736570561737084,3.7018246001534068,4.973590522326898,2.5461227430058893,2.8609853896161583,2.993733645415782
Oct 2014,3.648900123345963,2.90835497159958,3.477703289846101,2.710353017341969,2.7362334073274144,3.717923611748824,4.954709672580368,2.526756548821871,2.8630237391415565,3.0058658956623305
Nov 2014,3.6553736895993976,2.9183317543571494,3.486404973374256,2.713105433879792,2.740445089920797,3.732559308343825,4.952454176372616,2.551347760634927,2.8744035894394515,3.0135596331078762
Dec 2014,3.6878182476439787,2.931429629954023,3.488040916882089,2.7176813219574436,2.7579284991123356,3.7423108617987575,4.983634108703307,2.5447791564937146,2.847693556137915,3.0285953404758432
Jan 2015,3.6857448484720994,2.9195882223786866,3.494864674551403,2.706863426316741,2.7244136650879476,3.740189587775262,4.976114584544467,2.534909339584093,2.8539599204528705,3.0185460680424647
Feb 2015,3.6956445783976135,2.9301198130154975,3.4908707493444093,2.70945018960567,2.7432650188720578,3.75597705926988,4.961746141791994,2.5514478653960757,2.866765328266887,3.0238061178495066
Mar 2015,3.708981026637826,2.936923639449689,3.515791863191538,2.706701736091884,2.74579039888483,3.777049896466272,5.026903987200956,2.5419791586635143,2.851808362398128,3.039828490610749
Apr 2015,3.7466401642810254,2.95543096785143,3.5444567808563887,2.743879793009362,2.7805241147052033,3.812578916008257,5.089044841792597,2.554736071556812,2.866242797652067,3.06174487792553
May 2015,3.79118298942526,2.964423719855167,3.557196000799188,2.7577043719276513,2.779972447907975,3.8477522174996928,5.1474030175390135,2.561620788068564,2.879446139961784,3.070228638067095
Jun 2015,3.81951337948472,2.980793037482113,3.5792976122286704,2.77208983069362,2.7944970556611084,3.884607884338823,5.190067342939001,2.5860684151463382,2.9147849979401252,3.101388915828405
Jul 2015,3.868115656485347,2.998244998504741,3.5995982295081332,2.780467872464863,2.8031849519779044,3.916497340428865,5.270904435349318,2.587930044860787,2.893664675563685,3.1104151153661506
Aug 2015,3.89047045977403,3.0335318013496737,3.636266403917872,2.790582816749945,2.8220481855798143,3.9582468708728586,5.335829942549132,2.5936376758809074,2.920262479499296,3.128756084253852
Sep 2015,3.9090418021709534,3.033785499027827,3.653762974886182,2.8087455573424447,2.8432760495688747,3.991586586947024,5.383500481641085,2.5841960038855896,2.915670845226599,3.128136355163188
Oct 2015,3.951600941433706,3.0356897296032335,3.6675401757345445,2.8010412193699987,2.828917563392133,4.017024734637831,5.426525745670373,2.5863561273656193,2.935773964170192,3.1528546166569615
Nov 2015,3.9809206086423976,3.0469815365780333,3.6769485534289035,2.810614267676788,2.846449506717465,4.037556653072595,5.45318332224181,2.6088118457744827,2.9487971975855602,3.1623797306826487
Dec 2015,4.009943953920631,3.0672298704521017,3.695024522905535,2.8273091040720275,2.8503211687300407,4.071361662652417,5.506165365083808,2.6107625421274765,2.939262954200601,3.177400940685093
Jan 2016,4.037830588223517,3.064293956231023,3.709686236589451,2.807835643746565,2.831257517778394,4.092431455272263,5.559981112216556,2.5862279777371366,2.952425648153333,3.1843172782004934
Feb 2016,4.054909338906264,3.069336913713172,3.7301989879896253,2.820437301857155,2.856008309425694,4.131795515418952,5.607310118428814,2.579916565312216,2.96695461454535,3.2063222288419575
Mar 2016,4.1036067340613105,3.07945908024171,3.741709626957873,2.8381594543691877,2.8575179594056537,4.158897610935209,5.6688490895697,2.5889620524591135,2.9647440298761905,3.2062041214574104
Apr 2016,4.155017992437812,3.1164258551986954,3.771155333656398,2.8520418754382475,2.8759897214033745,4.215044641005486,5.720956329852236,2.6088008156750977,2.985843328171729,3.252989228148674
May 2016,4.215822722129613,3.135251155655263,3.7985173371676253,2.8811788124233524,2.894220639141196,4.248864248345995,5.778494407775402,2.6210012615724807,2.989427645179163,3.2762508318785675
Jun 2016,4.250833139131428,3.164875367890076,3.8331253682157627,2.8930640318916865,2.9142658358041635,4.289608404061774,5.800768566368229,2.646819773612509,3.0110414122914744,3.2887516002035277
Jul 2016,4.285280812603544,3.185548800815924,3.8531139750249235,2.9070098951994936,2.9343470480243843,4.32294539339088,5.858013595791682,2.621476235428945,3.0249347019106256,3.3032927012033477
Aug 2016,4.303566254959102,3.1979437171335254,3.8671443265156973,2.9117540412862954,2.9220265993648353,4.334513925218588,5.861063157618557,2.639050518971054,3.0242683655233003,3.321763331138629
Sep 2016,4.323654841323845,3.1854004952529245,3.893597066121321,2.9272340692125267,2.925904910895343,4.337559201854216,5.844843341798991,2.6234254203177976,3.0344091590564704,3.32164894026087
Oct 2016,4.33603047205375,3.1796724232249667,3.87514238372841,2.897160092519374,2.9336660659976093,4.3475992215691095,5.82504069787173,2.6298136399404575,3.0349484346209277,3.3228484842274764
Nov 2016,4.355065213570798,3.2035264009429,3.889318251200076,2.9257720225022363,2.9280790011732787,4.335723098499175,5.807268235200409,2.617898097949083,3.0346490535831414,3.3377035955007184
Dec 2016,4.375324034120449,3.2205628804376425,3.9116636412239245,2.9341900374199126,2.9326314559410043,4.363394083909225,5.838035138689642,2.623968603883174,3.0694733352815797,3.367497600871769
Jan 2017,4.385411466421598,3.235557685626268,3.9072437173157506,2.928000524666602,2.9181626911063265,4.376116465573359,5.824958986154201,2.6200921009634937,3.0358299427780824,3.3594129849648304
Feb 2017,4.394701626254469,3.2282888775090384,3.9173570402750273,2.9265159156506018,2.9467688262029097,4.379961085394554,5.863635912493098,2.601703769476132,3.045982354035825,3.3695140028402264
Mar 2017,4.406553774378482,3.248394489949495,3.919118173066111,2.9453743397922634,2.9350810043213627,4.38521532956585,5.855712206255888,2.60790549619048,3.0525162261615173,3.3921585405275296
Apr 2017,4.444341253476175,3.2800023681819823,3.9500098435642723,2.9695889763310834,2.9653457227150275,4.416529901028397,5.895082062339956,2.644476006351085,3.0734250271437835,3.4202724795039203
May 2017,4.481184009769616,3.2944564707885635,3.9885850354425845,2.980180864379043,2.979762448253158,4.441710685117076,5.950857005822856,2.658532592424112,3.0771479639528247,3.43540505743101
Jun 2017,4.501662730793841,3.3143438135875694,4.0135262898317015,3.0071791133110124,3.0163245506537293,4.475119457907234,5.936908300351359,2.6626105913888862,3.096363917606171,3.4652872576289298
Jul 2017,4.524865223857954,3.3268784887307996,4.031134751109453,3.0185105307989883,3.0140295031006836,4.486809960778173,5.963612614886458,2.673271938424687,3.144368949443506,3.4800053955499557
Aug 2017,4.545283733725624,3.357462389444326,4.073197264106168,3.044084176940264,3.0343542178156144,4.506892964586036,6.013435815112605,2.6497749586069204,3.1327578142219203,3.501885752290478
Sep 2017,4.568175855182138,3.350241988653677,4.058217395413647,3.035880010637286,3.0378715326592682,4.498850230452571,5.987774460367455,2.672489987245983,3.169479755950836,3.518313893647916
Oct 2017,4.574524229344804,3.3707633213659594,4.057513150428255,3.0332474090472976,3.0407950128324397,4.513907388316347,5.945083158131791,2.6753128949471745,3.1653766195008317,3.5193223410995658
Nov 2017,4.561408102523301,3.3854519886020302,4.076598679342347,3.0485059497089932,3.054105847938713,4.511167582194716,5.9134265089969595,2.660753906023689,3.1595532795074024,3.5406254324853377
Dec 2017,4.577263983782969,3.395127591904509,4.090873549766129,3.0594696343793637,3.0635471653741604,4.510967747868215,5.943259111420471,2.698257285003208,3.184691576677449,3.5581776539252776
Jan 2018,4.577772986488728,3.384410497563893,4.1017176394375445,3.0556179117633158,3.0519090108451206,4.50400576171918,5.889323406176222,2.6451549465752717,3.1877532041823002,3.531353110048695
Feb 2018,4.58164843676474,3.3947898522900406,4.079003201900116,3.0586044174631573,3.0587838058039845,4.517949669872366,5.884177384743782,2.6647458607922854,3.191222343886164,3.570100616479874
Mar 2018,4.589974701489646,3.4039352385567923,4.10455330106321,3.068186770204687,3.0560584202573042,4.5100286457362415,5.898050074888171,2.6481337200978565,3.2073420669524952,3.571118459116634
Apr 2018,4.6040601477982825,3.4176791754321685,4.1133809513829265,3.088824291304149,3.077947814192015,4.530592073331857,5.8700469034938125,2.6909331564831316,3.1992563328109958,3.5858584884685003
May 2018,4.6088539164592905,3.4297377650635092,4.134892815229926,3.0843777121876124,3.090311963713256,4.544804587170145,5.950539364220044,2.6969248346713384,3.227463019138723,3.597282670184405
Jun 2018,4.6303888628506735,3.475371100048693,4.165480932141372,3.1178790503877107,3.105423667191366,4.559338702238065,5.921474499581596,2.698810646253874,3.2674367318626403,3.633823010440758
Jul 2018,4.6530043902510005,3.4940305815569634,4.184860922066656,3.131420135044651,3.112955436722088,4.566964016962326,5.9296821848973185,2.6873576471754093,3.2841546400253074,3.633294720480193
Aug 2018,4.667644011933788,3.5049987053999323,4.186203865213538,3.1534630672890738,3.1489045741221044,4.57679034668435,5.927489303712362,2.7108851846157624,3.2896453403315906,3.6569804778246433
Sep 2018,4.655632460766611,3.5063978174330477,4.191302512291255,3.158392459023406,3.133486304428929,4.577531807573654,5.915169977141978,2.695003439014477,3.3120155522039334,3.6827106617928944
Oct 2018,4.656311059326034,3.5079330030439126,4.184640724734223,3.143205609528816,3.129126547681892,4.547137961696816,5.88561941728319,2.7138966523370898,3.311695315429379,3.6633303370315495
Nov 2018,4.640032008728609,3.529346888627117,4.191007789519097,3.1521272222724064,3.1477751045244484,4.556930212196902,5.858735344895799,2.704037871723687,3.326323305037363,3.690414918439908
Dec 2018,4.6541952883123985,3.5337306232396903,4.19429459062183,3.157164442083205,3.1490923677663836,4.533472701915056,5.821592506519265,2.7106914029710385,3.300167409129215,3.6849708418019054
Jan 2019,4.636518606496525,3.5108188364756496,4.180822622670903,3.1633480409573407,3.1344947346166,4.518919335766534,5.804830305483068,2.6753351592616434,3.3217307887850636,3.672558206513223
Feb 2019,4.6195939746641,3.521217684099712,4.163558674276515,3.1676489961552625,3.1382394433882426,4.490497716416404,5.81236939909034,2.673106617674716,3.319995931976772,3.6656633365934743
Mar 2019,4.602867226636095,3.514440657900943,4.160061887211278,3.1606265038908443,3.1518048374808747,4.50748806169787,5.754028763077323,2.656026195903496,3.3285722300729477,3.690424337568254
Apr 2019,4.61317971985902,3.5294697551131766,4.176875678543227,3.1717067616964356,3.165388366966495,4.5064213692812745,5.798366395389418,2.720815749003109,3.3530281384828484,3.704257974944724
May 2019,4.635798679726429,3.5468703431015136,4.193806323427377,3.211515661950307,3.187015049701727,4.509815970227197,5.77627163228376,2.7178026102844774,3.360473864246333,3.7057500563429806
Jun 2019,4.646626015142972,3.5690757928997536,4.202948812096652,3.2159673407588834,3.1954130415524267,4.523735741877429,5.796738420894302,2.761689069844268,3.3891887932877633,3.7405244401612725
Jul 2019,4.669145615153482,3.556835524085752,4.2237315717641035,3.23930434550368,3.2210930058427985,4.545702780491373,5.866165509806795,2.727276686694682,3.3909236785539556,3.735639076491021
Aug 2019,4.672195791623588,3.5953699579461094,4.22835333342215,3.2497345951255086,3.234373816961722,4.567608862723778,5.891510075348697,2.7451617185005,3.452763048984908,3.754348712772422
Sep 2019,4.678990993433668,3.590692860875004,4.242399710027816,3.2523896637080885,3.234463612156751,4.552978747747621,5.891619416509048,2.7540215827371326,3.406926758873687,3.7627120872145237
Oct 2019,4.6709414413283765,3.6193380145785987,4.261057703473476,3.2608198250955662,3.235111300090218,4.553943808380409,5.877743033464098,2.734669285939865,3.43516352486304,3.7642637427150456
Nov 2019,4.680692617050465,3.6136009293902576,4.261451718195545,3.2507712485109406,3.233778036082145,4.566001527382402,5.885059029318426,2.7348619878425637,3.47285550699477,3.7880393931593748
Dec 2019,4.663327659254402,3.596381757769696,4.25163304463294,3.2654862652269965,3.2372971730589017,4.544477792950072,5.919109980705542,2.7234866204275705,3.45818086602012,3.785702589113408
Jan 2020,4.665768329444184,3.618097268016464,4.261535366176523,3.2673752441528765,3.2223046691347537,4.5554866087506465,5.860271086433562,2.7536086277810807,3.464835215986018,3.7752500495491708
Feb 2020,4.682331707252081,3.610153786563125,4.248485395783016,3.273598416707792,3.2596272220769484,4.554913874156979,5.895263574643015,2.732359434536618,3.477611194757421,3.788650533479996
Mar 2020,4.683101539350735,3.6291598586314766,4.283368891603743,3.289374538125902,3.253641697422269,4.560169935229448,5.918210858677842,2.7683729046324195,3.5027431473037387,3.8270806191338718
Apr 2020,4.668630809280225,3.602111095433519,4.247160735280086,3.2501318983120044,3.214729211864723,4.554320916500903,5.931442420060376,2.7378734098757715,3.5009669063616364,3.8048509348
May 2020,4.719204620953277,3.6400103344404715,4.293863777226752,3.2975927824422984,3.306690829951782,4.581123259725276,5.916478409538737,2.7741437921405474,3.46286079679682,3.831367396109048
Jun 2020,4.734239939133013,3.6619447044905726,4.3096009721843185,3.3126459744271712,3.2968153085365017,4.599057811917674,5.966365440811351,2.781459677873271,3.531870815019909,3.850447574559608
Jul 2020,4.739463230291012,3.696385696268944,4.3326250319211015,3.3515055839197783,3.3065554333349083,4.6183488646017095,6.022993693093207,2.794618365987847,3.520488435082165,3.8776540964510975
Aug 2020,4.733277175499958,3.6919277866708855,4.36773469483692,3.381843145121952,3.341388991127067,4.655255320037667,6.050561535498961,2.802154037170114,3.5462760458254334,3.8828967608960574
Sep 2020,4.783245547708617,3.7245478147517903,4.396678266126868,3.387808309875778,3.3646594954471585,4.671392079985279,6.088512420320806,2.8471249034731945,3.5588683017562155,3.9011723342108593
Oct 2020,4.8267655524151944,3.774031192619381,4.422178554888138,3.426173570444714,3.3975372786813227,4.69721869471229,6.0991914538289915,2.8651918380493657,3.605897260899373,3.9284788781838444
Nov 2020,4.857282969341996,3.775591817705246,4.463213957080662,3.4497430035408354,3.441773064774262,4.748637965427349,6.148707313236342,2.849831283761456,3.663204493636861,3.9982577848600127
Dec 2020,4.878039130996066,3.7998725341208646,4.493340208263166,3.482000944797325,3.4457825400821007,4.7619528473371195,6.194955705325141,2.8923340943366416,3.6897768753396187,3.996120374052262
Jan 2021,4.9018093718740054,3.8052316994450934,4.509454209478116,3.498968711449265,3.4810746828481745,4.790315760379621,6.169862924432729,2.902772474121041,3.6914324348090433,4.0205657726362745
Feb 2021,4.923681141677168,3.833683040634227,4.53097921528761,3.529956578093691,3.4733768814415966,4.8114113267013785,6.180635240004601,2.8896054123399466,3.7136798791869747,4.034674233617883
Mar 2021,4.940270653483332,3.864292727955183,4.555770958290287,3.5496760741816713,3.5011959914041055,4.833165512265733,6.168182244941755,2.921478271008638,3.741289578018457,4.04682541748187
Apr 2021,4.939339790624209,3.845734843833219,4.524036470480597,3.5203655510733802,3.4707523245161713,4.820616618958495,6.130914704917372,2.9171396709109216,3.7573535239700955,4.057200726585796
May 2021,4.953159152428327,3.856758734692449,4.565026543391247,3.5568074685032642,3.5036457654261124,4.828343068874745,6.086809812345568,2.9357819886295613,3.807031297909861,4.083332763154486
Jun 2021,5.093602871400605,3.9790172274513083,4.715909047856495,3.677254502698577,3.6336901340510495,4.949482206956399,6.2344107827259165,3.014248120799342,3.8798266439315556,4.194502628561548
Jul 2021,4.967998906756607,3.913760645870288,4.584853236351871,3.5911126333286685,3.5473011780373587,4.8411292013239136,6.111210657001879,2.961336960767372,3.901578914854703,4.155452918087341
Aug 2021,5.108704080307181,3.991390136301988,4.702518505759769,3.6598468465606997,3.630656307106236,4.946327384243848,6.2631744553412805,3.02748791597171,3.950366858460917,4.221743873308483
Sep 2021,5.1892918541550905,4.057851301686566,4.8311626996487345,3.765053122815585,3.708551935856113,5.056473725403653,6.283676927465989,3.086266554884729,4.012088446092944,4.304675620059347
Oct 2021,5.181271923327979,4.037116147390376,4.791121461624366,3.689075786937122,3.645471021977754,4.980403805196293,6.243659834039005,3.0336079264479303,4.05529198858322,4.285979014244565
Nov 2021,5.216720106209504,4.070833430208134,4.851888973275478,3.77004781765588,3.705665680239816,5.0411095445788865,6.2587642122230305,3.054946302253431,4.0754318263216724,4.326053501673081
Dec 2021,5.2571253026378555,4.095974494117817,4.868490630277708,3.783559688545616,3.732788585483807,5.097476090159208,6.295869580707811,3.097406893803122,4.111757603827429,4.370832850481674
Jan 2022,5.278564923055801,4.153334566637108,4.9449118646876515,3.834380189916579,3.8002279112710933,5.129863734096906,6.331038990472657,3.106582341649942,4.164341572146965,4.413678628343498
Feb 2022,5.305205357983579,4.155878598290606,4.9540153132397196,3.828554902232907,3.8109548349013482,5.1663317343578985,6.32920045698429,3.1330492173403472,4.183474337278511,4.427396770091267
Mar 2022,5.349877279003203,4.182886815044042,4.9864751370813964,3.8520869356516645,3.7964868859717478,5.175392414518134,6.33493186410537,3.1139493440438253,4.1777079486070985,4.4635368470047
Apr 2022,5.390844840418567,4.224283906589058,5.033517055456073,3.8934292192362485,3.8125386650384483,5.2268820469429285,6.36767260038391,3.1468624448688143,4.201269195391258,4.523041497647513
May 2022,5.427088368662502,4.264495531196763,5.1029157398366145,3.9249198419817635,3.872481450500733,5.259301257933278,6.396277638294914,3.204222647618382,4.315320589679742,4.564469946321086
Jun 2022,5.488914075915325,4.297911687107099,5.145582635150463,3.9899719082882927,3.9165618852523587,5.315391020991359,6.449490199499446,3.253275695936759,4.327833530939527,4.600694451423401
Jul 2022,5.559018875694312,4.360950046985361,5.232687445393488,4.033958090418963,3.9717977907570368,5.397862302910763,6.516429942556577,3.275624527686327,4.3709227111081015,4.647082069486239
Aug 2022,5.590664045138571,4.386602107992147,5.292538872211391,4.056713360309573,4.006116281485343,5.438133535252582,6.579203566023701,3.3012316984552013,4.379518525907011,4.720432115596985
Sep 2022,5.642993816732603,4.425174423880831,5.332397464367775,4.0965547460141725,4.032658965521887,5.462582759114435,6.589540632186296,3.3042304375006073,4.440292020358037,4.742736694343569
Oct 2022,5.650222124204759,4.45777414956701,5.351155179845004,4.120749464726629,4.054748268830654,5.469687212361635,6.599975067338044,3.349827226103045,4.49613870948587,4.763915129764091
Nov 2022,5.6458368268022046,4.481613715689455,5.338496228908983,4.100533090335401,4.056457189535168,5.4815877965290785,6.581229606583003,3.3189620755979834,4.460645914220508,4.770623295361556
Dec 2022,5.628355190144976,4.451038319444588,5.3170754789005645,4.100148918313841,4.034003931843712,5.4748388322938775,6.571500806124706,3.314480249698811,4.461600094165683,4.767910240266643
Jan 2023,5.58445767586973,4.42835822510481,5.2983897993370155,4.052742130288605,3.997036831536116,5.441376358283673,6.519929066722401,3.326333201187577,4.415340190080597,4.751267751921483
Feb 2023,5.5470181804270755,4.408390161048151,5.233123180622719,4.0787742342622675,3.9833160559175034,5.387216086624532,6.460603356803561,3.2985463620575626,4.3648204146885945,4.706248724970131
Mar 2023,5.506635404292531,4.3790538640632315,5.1800663516634025,4.046113557609421,3.919973569471401,5.346745675830865,6.399351423747323,3.2094443129608035,4.3954824365793845,4.645954345831647
Apr 2023,5.456411877784339,4.3455789709997035,5.186701490894691,4.046764602973787,3.995423751047026,5.328894414423492,6.394701399978356,3.2719382499241316,4.323132038258275,4.688389233431631
May 2023,5.466313049722323,4.384450500603562,5.190404180100103,4.065901040196657,3.9530377766239133,5.3246108660699365,6.386779262253981,3.2967996896929903,4.397609981705816,4.677978679277732
Jun 2023,5.498346438648377,4.393112983792052,5.2186003299905135,4.087444452034823,3.990470969053493,5.363440873658022,6.407089727433139,3.323003889010072,4.420301792095489,4.691354219622596
Jul 2023,5.532305493484357,4.447005262107236,5.2633757156268075,4.1005041468306755,4.044023411420322,5.378260296979066,6.460342509500966,3.304261462921217,4.426443983524656,4.6900533987787005
Aug 2023,5.508365241794762,4.441985493353384,5.266386773379507,4.121702981873553,4.061206571922855,5.370197114926348,6.4966004994288715,3.3563808914226283,4.436337452107022,4.694744228138595
Sep 2023,5.519449083563653,4.436478039182405,5.266154595005704,4.127527794986601,4.031394810179804,5.360808587098703,6.4513851859927875,3.3347022076774864,4.481155047439815,4.7183977684343725
Oct 2023,5.49808257063824,4.428922307326214,5.2726525191352085,4.096494398024332,4.036629444780546,5.366102493198099,6.4245565588782965,3.3401054017119622,4.443560653230069,4.668658686221456
Nov 2023,5.445987095241001,4.409887348828913,5.218630957307034,4.105715107213923,4.033711917343149,5.309064665115889,6.414483324391767,3.333751637139182,4.402444921335169,4.6610039947898585
Dec 2023,5.40208316214081,4.382340510670429,5.151994187967497,4.107450422764695,4.007567231869762,5.246789272433796,6.349241986717642,3.340903705466317,4.467445514255863,4.657488851430617
Jan 2024,5.41520679791815,4.361330856852291,5.1854441950927015,4.109089724399222,4.005951118946624,5.230343681433806,6.437133748966221,3.272418574443371,4.357975876645685,4.601617986967835
Feb 2024,5.383817759757222,4.429319734425814,5.160461275989472,4.098171179810242,4.028817683250864,5.235491587447059,6.363814494557661,3.309794370039999,4.409581355753587,4.649193422468794
Mar 2024,5.430876832191662,4.403707789448491,5.1109473399790515,4.120411580426474,4.010637331035945,5.2642303350754736,6.327964457518656,3.2955536528084535,4.418011038186446,4.680906718626226
Apr 2024,5.41427063589841,4.377889802266744,5.147870302460895,4.117365750211509,4.007767523331657,5.26141657490658,6.396199548417936,3.2847970341318167,4.431021825748015,4.639895921636541
May 2024,5.43985798825968,4.454672406486731,5.216996848698026,4.161040068591623,4.093009494876498,5.317128605214074,6.463048044766694,3.3387753973804957,4.474513621766739,4.717327072404838
Jun 2024,5.456388558877336,4.473475068145884,5.225782866020043,4.2030137862305335,4.090566341092231,5.365304981762985,6.5010859191180765,3.3643814987199288,4.491611533032815,4.717694871946019
Jul 2024,5.478436199275321,4.48545040546138,5.2770488263620825,4.222580125620999,4.099292771549418,5.364035205000746,6.546175731232501,3.390704897666241,4.521913719524664,4.714635980224177
Aug 2024,5.527467265942146,4.519205896873181,5.27557017048488,4.246745747427487,4.161386624712646,5.407159961629318,6.585372478337926,3.418915803038964,4.561471865854284,4.751465306030669
Sep 2024,5.5244236842873535,4.512113219104012,5.274841985209907,4.248720104993358,4.157755016607637,5.385324038351903,6.617880234158321,3.4839765888446084,4.56887560054714,4.7632118107055845
Oct 2024,5.505940120347971,4.535322468677837,5.280573044595933,4.263143241829234,4.174973235685659,5.373124796811486,6.5406446991044564,3.3874743968868386,4.551288041686549,4.759513656685786
Nov 2024,5.512208340613307,4.539548520089688,5.284059132520366,4.276757588993125,4.163898357882073,5.385335404372095,6.606649651174332,3.4262478658540823,4.577012947325208,4.788029614494816
Dec 2024,5.54010792934627,4.55549695167382,5.278490727824441,4.2764859570782665,4.157111634373422,5.375444044753053,6.585710182554237,3.4722386191188708,4.550883944862595,4.760424633929724
Jan 2025,5.546137793300715,4.548643561046321,5.2618089738143246,4.267171011613964,4.142835926000214,5.4055189734171565,6.589996954648921,3.4759603301319673,4.541435117901241,4.774484323872852
Feb 2025,5.54883833886977,4.567571557194932,5.301115732168915,4.268663749913639,4.1723006492226435,5.400700037069311,6.547596631686213,3.4353548902568773,4.577101967728352,4.776798717660438
Mar 2025,5.554145997239758,4.596909801868899,5.308401397972401,4.354319210760237,4.234622210994836,5.411586413866618,6.556932554038495,3.5336604545853536,4.596330307233584,4.806138031888121
Apr 2025,5.49789319958233,4.510615936278807,5.117702635690077,4.2225531685031354,4.126726020027421,5.33707322422083,6.519535371522342,3.3844902821593856,4.603003434304523,4.707895610454289
May 2025,5.509268961523875,4.554088158605249,5.217428185617069,4.300067777436988,4.1753781761718125,5.376904834828573,6.506345563765067,3.4383868847656287,4.627673272783161,4.797785416798946
Jun 2025,5.541803555613468,4.591555105383423,5.242270773003266,4.358397286355175,4.214693104084053,5.395596850189821,6.6033094222436,3.510125070336364,4.609787217382811,4.78354290538029
