Date,Hertfordshire,Central Bedfordshire,Birmingham,Solihull,Worcestershire,Sandwell,Walsall,Warwickshire,Dudley,Staffordshire CC,"Bath and North East Somerset, North Somerset and South Gloucestershire",Somerset,Wiltshire,Dorset CC,Blackburn with Darwen,East Lancashire,Mid Lancashire,North Yorkshire CC,Chorley and West Lancashire,Bradford,Leeds,Calderdale and Kirklees,Bournemouth and Poole,Central Hampshire,Greater Manchester North East,Greater Manchester North West,Brighton and Hove,East Sussex CC,West Sussex (South West),West Sussex (North East),Bromley,Lewisham and Southwark,West Kent,Bexley and Greenwich,Kent Thames Gateway,"Bristol, City of",East Cumbria,West Cumbria,Northumberland,Cambridgeshire CC,West Essex,North and West Norfolk,Suffolk,Essex Haven Gateway,Cardiff and Vale of Glamorgan,Gwent Valleys,Central Valleys,Monmouthshire and Newport,Bridgend and Neath Port Talbot,Powys,Cheshire West and Chester,Flintshire and Wrexham,Wirral,Conwy and Denbighshire,Heart of Essex,Essex Thames Gateway,Thurrock,Barking & Dagenham and Havering,Croydon,"Merton, Kingston upon Thames and Sutton",East Surrey,East Kent,Mid Kent,Coventry,Leicestershire CC and Rutland,West Northamptonshire,Cheshire East,Shropshire CC,Derby,South and West Derbyshire,East Derbyshire,North Nottinghamshire,South Nottinghamshire,Durham CC,Tyneside,Sunderland,Darlington,Hartlepool and Stockton-on-Tees,"Barnsley, Doncaster and Rotherham",North and North East Lincolnshire,East Riding of Yorkshire,Lincolnshire,Devon CC,Wolverhampton,Tower Hamlets,Hackney and Newham,Camden and City of London,Redbridge and Waltham Forest,Haringey and Islington,Enfield,Barnet,Cornwall and Isles of Scilly,Blackpool,Lancaster and Wyre,Gloucestershire,"Herefordshire, County of",Oxfordshire,West Surrey,North Hampshire,Berkshire,Brent,Ealing,Harrow and Hillingdon,Buckinghamshire CC,"Kingston upon Hull, City of",Breckland and South Norfolk,Hounslow and Richmond upon Thames,Liverpool,East Merseyside,Sefton,Leicester,North Northamptonshire,Gwynedd,Isle of Anglesey,Wakefield,Luton,Manchester,Greater Manchester South East,Greater Manchester South West,Medway,Milton Keynes,Bedford,Nottingham,Norwich and East Norfolk,Westminster,Kensington & Chelsea and Hammersmith & Fulham,Peterborough,Plymouth,Portsmouth,South Hampshire,Isle of Wight,Sheffield,Swansea,South West Wales,Lambeth,Swindon,Southampton,Southend-on-Sea,Stoke-on-Trent,Wandsworth,Telford and Wrekin,South Teesside,Warrington,York,V1
1996,1.0402466782542823,1.0296153641739418,1.0127524982007072,1.023207903397594,1.02551692206038,1.0169970957822105,1.0096451103221373,1.0271191611093808,1.0027243519803193,1.0119616450973108,1.030843301835736,1.0180620540030063,1.0263916381334828,1.0348799886547646,0.9936230412861878,0.9953323357218582,0.9921054016763987,1.004590959444102,1.0081284290846138,0.9908151017007436,1.0004843266692907,0.9946227960756184,1.0374092314041288,1.0460537429615289,1.006191865009075,1.0074870428728384,1.0560401654544087,1.0309666190102564,1.04770477146819,1.0359164899900926,1.0457354000294337,1.048654555595816,1.0368483879666381,1.0347727081964269,1.0167036096625364,1.0382059699723831,1.0095589412952157,0.9917235883198303,1.0026825165446562,1.0193776839329323,1.0234921631080314,0.9955753771550989,1.014894660988843,1.012537671305484,1.014719324517536,1.010302651167694,1.0023297425599589,1.008617005627882,1.0134394412766061,1.0118859015158175,1.0095844337846938,1.0121304730101817,0.9967089220800123,1.0096241332341245,1.034197867158338,1.0281233190739407,1.015009579867064,1.0345455029554143,1.0504682097787736,1.0440874812679612,1.041418646458443,1.038858099879335,1.0199665332104286,1.003238923083188,1.018529107133567,1.0361726425839002,1.0075754152087475,1.0240245211798682,1.0046781643564549,1.0100200002638695,0.9954922237020188,1.0030009149469299,1.0100553728965385,1.0071774500794883,1.0039409748905421,1.006042263533364,1.0036412309397365,0.9887000295915604,0.9940485552889506,0.9987310931981809,0.9965414091030704,1.0092950553416697,1.0245585230776557,1.0016685806804626,1.0645586888772236,1.0559881213031954,1.1062370669708268,1.0493926298915808,1.0700485131968502,1.0450264507936464,1.06546645523694,1.0292757932086312,0.974945485833859,0.9983543305170635,1.031431305426613,1.0165803729499845,1.0404377111183183,1.0470363383310586,1.037232419638782,1.0435869513353841,1.0691885423384397,1.0576115640566266,1.0437456409084125,1.0426379568438866,0.9791652939761327,1.0029572422174275,1.0495128199076318,1.0054970425111076,0.9968253824011075,0.9982980930508485,0.9980164940549563,1.0136374200244005,1.036211133752946,1.0261290256044093,1.00789697162814,1.0320388588935796,1.0037752097886203,1.0044920808025157,1.013081099667331,1.0118955641429284,1.0306990029088638,1.0230573406500696,1.0065249997023051,1.0032268044301813,1.0305785005925598,1.0896852998715751,1.0031986055244484,0.9870734448078254,1.0361143599040208,1.032364444017563,1.0363879880492561,1.0098725151663566,1.0185637801686804,1.0251988390393834,1.0886462873547853,1.0252858833398895,1.0280702985235657,1.0309371481452119,1.0047698059447794,1.0750013306920534,0.9943574653906525,1.017261081593249,0.9906721868329589,1.0079622872333718,0.9997050985545907
1997,1.1748488766149956,1.1430970987139184,1.0762878811341767,1.1056304141029245,1.1024454471454408,1.043650473549225,1.056908763220232,1.1216913473212269,1.0515207072474586,1.0694328967864817,1.116063572720422,1.0941033824437443,1.120059586435796,1.1471331021943225,1.0297449105389194,1.0031680322946392,1.0281816978755398,1.0531783942931976,1.0516593663591323,1.009094848019115,1.0450434012597558,1.0258102069035566,1.1615068380862308,1.1604624225865354,1.0372448251981097,1.0320927282063366,1.1811169118616398,1.1303681682711344,1.1761406637132472,1.1596039609773447,1.1749449005447326,1.1843968411076324,1.1729476680921809,1.148874752449963,1.112250591468399,1.1404606781491708,1.0459201131831735,1.039402992042501,1.052892973455348,1.1076238141893149,1.126991310859705,1.061533368966923,1.092252844087617,1.097538852758132,1.0848896088717914,1.0590284019019884,1.022639807104138,1.0756145021924792,1.0449003717915502,1.0787818183333655,1.0560011407383918,1.0528147352535218,1.045710971337241,1.0575455495069501,1.1537547368566814,1.1210518158551481,1.09370984863779,1.1346260598419649,1.1785566852945917,1.1881211171019221,1.1920427614401468,1.1247226965593076,1.123630218375818,1.0703132209516084,1.0865168300379862,1.1467291976298848,1.0700002360308067,1.085571652489351,1.0415357819969842,1.0621177148345757,1.0305987687595233,1.0478669377659589,1.0772144060581368,1.030268091954324,1.0467918798457014,1.0313491862098942,1.0389079746356358,1.0131091012448266,1.0200176706959223,1.021340015813715,1.0113312599956,1.0652464312422543,1.1036861865250722,1.0625438903685425,1.2121522197893657,1.1768081253649902,1.254147419527796,1.1635856940964626,1.237522636034939,1.171021651743786,1.2014502133827263,1.1143474710628758,1.0233500852356365,1.035932525381969,1.1208812508585255,1.07774580238855,1.1713600738630416,1.1935391281611576,1.1797807862354004,1.1941151273627015,1.2151906711385938,1.2248455304393382,1.1866748277386587,1.1853866863924907,0.9580740488063761,1.0693747049695979,1.2111391947992391,1.0271826081539195,1.0160797541399145,1.0320631858393676,1.0454756623127408,1.078269660859337,1.0857937807951648,1.086091829698297,1.0369416392643203,1.1201192746265984,1.0378924129849403,1.0484548626215189,1.0621587563214145,1.105900719488669,1.1266823179672718,1.1155359252817527,1.0595365061567592,1.068962819565873,1.2008454483649569,1.2678434188760772,1.057321571118608,1.0487823242888794,1.1376292944370028,1.1334763934777368,1.1392255863031593,1.0470333983172042,1.0548490107211357,1.0656197221682888,1.2405023702745601,1.0981017713804033,1.130570551347809,1.1449473083180355,1.0372614794530932,1.269762816447616,1.0377677494824444,1.093784982709779,0.9972742945286305,1.0491413319750977,1.0515695018454254
1998,1.3164533123728452,1.2636007501792628,1.1480952339848507,1.2254081155336511,1.188340890609379,1.087497784050468,1.107781770790488,1.2227317305317276,1.1103571643367052,1.1369240584751312,1.220319352622709,1.1891294410592148,1.2382584093622997,1.2655636166163584,1.0552514787402827,1.0331876829418605,1.0667032892939445,1.1161914952436438,1.1082806617148118,1.0424220466690286,1.1019526658021193,1.0586779347754487,1.2940814634406637,1.291845781130009,1.0736739186430253,1.0630417724390788,1.3170345250988824,1.251769084671191,1.3029269355132627,1.3094231424015135,1.3320875154243,1.3198121581376603,1.3082367557903682,1.294848809879569,1.2283562676159436,1.2596068293440632,1.1029431274172918,1.0842076064172217,1.1031373883996396,1.2273210042795006,1.2412559134507617,1.1417731935344784,1.185654532962413,1.2048240301146176,1.1612144800350253,1.1013318548514126,1.0568882568698261,1.1491630967122064,1.0794717166701908,1.138152665603102,1.1296104015908932,1.1120036606387629,1.1051258259605548,1.1083211995942979,1.280434851646136,1.223658022544403,1.1971125424683415,1.269298544569722,1.3217664208604039,1.3385588722874036,1.3393640907286652,1.2221843091691516,1.2419317338123006,1.1588224506282425,1.1571218560847323,1.2594315636919762,1.1507048844291423,1.1515362467463217,1.1009758306057678,1.122451452617006,1.082307131919541,1.0960724346261264,1.1456529961123425,1.0717355204333625,1.107764795613284,1.068413628742264,1.0764979342683458,1.0278852345422766,1.0501796422639125,1.0608256542041008,1.0416618218148648,1.1268042875533648,1.1925117193323143,1.1050940145577393,1.364270219037658,1.3149261712902347,1.414431602305296,1.2992175202824214,1.4071219920047449,1.3075189288636329,1.3557511020152122,1.2132569462287943,1.057944893196508,1.0803539750057338,1.229099461926754,1.1546120168554377,1.3089743017938646,1.3518704171932505,1.3189856317123014,1.3404474586111164,1.3847198092695385,1.38369241056653,1.334041488273865,1.3297720628186886,0.9619124511723893,1.1544551270482344,1.3865774080250766,1.0608010189924668,1.042089544074313,1.0962424794496861,1.117201747040818,1.1615637074849785,1.1464623219180952,1.1290250302073517,1.0683341593311675,1.2297933520002513,1.114502422932552,1.1040102122878686,1.1340296198940698,1.2170792302265392,1.2478556098313671,1.2410859932880247,1.110836647128833,1.1396249329194776,1.3239307971672336,1.4021819184681819,1.1317808730822454,1.099042111054206,1.2409436490924692,1.2409494581652982,1.250418451500322,1.102658782265915,1.0901246885435072,1.1350716364438496,1.4249062455110113,1.214260689642811,1.24078522704264,1.2521327254444663,1.0576393224828804,1.4496773609695501,1.0831677466909724,1.1723732838245702,1.0277016537920558,1.1178701846460468,1.1113587701386387
1999,1.4576456172246577,1.3900882451918661,1.2376199402240342,1.3409615426019872,1.2896235018405673,1.1428772281746882,1.1654132648607065,1.3364455453426332,1.1775184401923848,1.2109512135777405,1.3500467617889058,1.3075377962820314,1.3803114090429847,1.403691058916761,1.0742107815416206,1.055850432756128,1.128076215642857,1.1838779314880294,1.1627916822123399,1.078104126438659,1.1731643355906916,1.1023745938482374,1.4326185882287394,1.4225157891758557,1.121121591103609,1.1052241133317866,1.5002865897550712,1.3703520099177835,1.4303673830352004,1.4550947624154058,1.4992430394060898,1.5048528901012257,1.4448384879596605,1.434177112554945,1.3390288646789903,1.4234846249667568,1.164991612186737,1.14418010735876,1.1565577231568451,1.3410077438020043,1.3755251095596104,1.244161537298407,1.3058608934338094,1.3115927288575313,1.2537174130156503,1.1487847318488036,1.100374052171004,1.221615442912505,1.1214488737130401,1.1858266577113334,1.226526534420748,1.1778267812133147,1.1762115939591702,1.177226479219711,1.4064238032610095,1.3343618010242175,1.2912609696737334,1.3886342804106908,1.484570705173143,1.5102156087811396,1.488712053727568,1.3366184313256462,1.360750791882538,1.243628648239925,1.2487761232655548,1.3856883023724793,1.2491121782732004,1.2444468811147509,1.179155288723646,1.1944516771128628,1.129528054058317,1.150240748595289,1.2336594126588107,1.110287266867844,1.1706866063482337,1.1180470298859448,1.1083888798459771,1.0518774453654,1.090371680982543,1.086101837787308,1.0768577942691993,1.1988768115436337,1.300404624512267,1.1713328754620287,1.5253347582755123,1.5127637046195601,1.5753463585588765,1.4451342855863307,1.5906845342291278,1.4484918654926975,1.5143799209146664,1.3234168479051311,1.1018810068983342,1.1362518524144638,1.3505879179559013,1.2718823690264163,1.4597726406022609,1.5073744674009046,1.4613982934387912,1.5000643020443996,1.562299667576178,1.5913696077330215,1.4973604293226295,1.4697015058710303,0.9767340370213193,1.2589757015102547,1.5560587668297978,1.1004246330147542,1.0970116054030776,1.1579930947536319,1.190041608129323,1.2586450117505514,1.2188905262471714,1.216941878385168,1.1078540421096854,1.368918877359847,1.2081923596124364,1.193361056185168,1.225907928559646,1.3386786348173563,1.3748262162805687,1.3663499932154892,1.1834801564948536,1.2321954356444365,1.463442545071189,1.5588140012955347,1.2127680600137416,1.1734385169399881,1.348639007414082,1.3519833933343397,1.3817881417597928,1.173147964066454,1.1466573423292363,1.1708669634878972,1.6305793630760879,1.3723156150000548,1.3650850033104238,1.3692615709019733,1.0929631384224912,1.6623170786316102,1.1476994233690616,1.2609110303804096,1.0499359611112518,1.1953383455526745,1.1937105583710619
2000,1.7113748758667582,1.624153267602304,1.3745218553576353,1.5247057367366386,1.4640427199540362,1.2135621221113488,1.273386654499706,1.496359549558443,1.2810075313593248,1.3322767761473657,1.5800017242358377,1.511788947540888,1.6155357726923831,1.636913530723444,1.1247817011307106,1.1203850458455367,1.2003535641047278,1.311787142562817,1.2558800769008513,1.1497574880473875,1.2903799630697865,1.1683966156709888,1.6721343925595578,1.682204707065232,1.2012987969587015,1.1834704341577418,1.84868072495496,1.6036134409804164,1.6825882895118833,1.7193214925289766,1.7766292322043253,1.8154191421451762,1.6863448038274824,1.6824384193297903,1.5602912045900534,1.6580095034068878,1.2540003903608163,1.2133979208684305,1.2261207587845562,1.5581715657950994,1.6006039801365162,1.4217596500709562,1.5179685726225556,1.523878591724644,1.4035422336834413,1.2256930720630248,1.1644188887493196,1.3300608400266978,1.1848284191993426,1.3022110679811443,1.3601026693651563,1.2860244150731766,1.2853699810428687,1.2671329974648033,1.6334156496600516,1.5490434560943758,1.5171241350058344,1.620906160139565,1.7852359053873847,1.8018745300635954,1.7497486336044086,1.5530588632777835,1.5885422463389778,1.3963060910629579,1.3961662328271438,1.6003997492893043,1.3879341596776262,1.3986595154412267,1.2925841432387783,1.3129452784305096,1.2210184016940402,1.2260922983143858,1.3716155412575695,1.171051418087929,1.2505591832120968,1.1765664800698765,1.1670012967179535,1.1038967947265017,1.149658876147839,1.1351366159145195,1.1497943616918918,1.3177973639454503,1.5022737375961976,1.2862996161511369,1.7790750939869386,1.8200023536738992,1.8553483851656813,1.724647265306853,1.877352014152519,1.7317995730201423,1.792166415809115,1.5068255024702406,1.161881566864608,1.2120150319884104,1.5644445965591933,1.444361281266817,1.7167590149491878,1.768993583152233,1.722442464031016,1.7855391751442398,1.8860442837795657,1.8549218217902717,1.7618070977397522,1.7173326863832965,1.0113267633763436,1.466658976806911,1.839912379716314,1.190044440761374,1.1903283335445047,1.2556990571132076,1.2967473598433754,1.420751551251887,1.3184438693263278,1.3144478529254562,1.1716802771383275,1.6030384502195023,1.3436823704041494,1.3136598273516806,1.3571692129854005,1.5477124462791134,1.611623422248659,1.5881776090220716,1.280048536708962,1.439630821741133,1.6747662145321405,1.8301997317191026,1.363952601798711,1.32140557317275,1.5618924303628543,1.5860591188807722,1.6322918758922025,1.2883880785229296,1.2346277098527803,1.2574943711126523,1.9760302300438226,1.640227671817487,1.6267870629541141,1.578095051193749,1.1356882939153379,1.9902757496529138,1.2580983759251447,1.4410930662227615,1.093853674268519,1.3328237067321131,1.3717853523836492
2001,1.8875336563359937,1.7953503333496779,1.536476169050874,1.668911892052658,1.620421219279088,1.345195412331549,1.3932822585752065,1.6474273268613049,1.427922869302866,1.4573103466038357,1.7553838846776268,1.676579263518073,1.7857551551030681,1.8223713217161808,1.1734755088139646,1.1726959217999673,1.3078420926383612,1.463248229716814,1.3678656420130775,1.2273611576625183,1.4331674388433047,1.2537502342313331,1.8486615383107123,1.8720484880265906,1.2875710435087877,1.2745328639184632,2.1061985710359745,1.7914174888002552,1.8837443020818505,1.9087622338874854,1.9477108483172911,2.0395647010543008,1.8619724244658127,1.8981470828493525,1.7528193486578225,1.8620079285828701,1.3540956987732569,1.2916786871137473,1.3202556059512551,1.7486780180219317,1.7756489817552144,1.6215809436769257,1.7000831731640111,1.71355738506922,1.5514829360742117,1.305961924061201,1.2332200008962593,1.4506518924584335,1.2472141620296149,1.4156488862240664,1.5037065153458238,1.4100195548932002,1.4066637040542838,1.3757823642323666,1.8331342478059072,1.7550510392882954,1.7141010700814143,1.834943690958371,1.9965170567055328,1.9815823167691111,1.9259231236469978,1.745761622819733,1.7387737299798258,1.562838390448493,1.558111376851701,1.7686545208849742,1.53403837529216,1.558062231901304,1.4403999355913482,1.4605118798252699,1.3147792691911815,1.3171125894508886,1.5413102690755098,1.2354513590620873,1.3623417154478117,1.2808086946959985,1.2648683052083973,1.1624815816824012,1.2247103530789614,1.20667027767564,1.2485021516744295,1.4787434773969512,1.711170186666435,1.4193920750291957,2.0190407508409565,2.0803229296757,2.062328697425338,1.9526706268618892,2.078749270813451,1.933675462686781,1.9929376864685613,1.6921007086045703,1.2315157548454736,1.3001354586536824,1.7435214555463374,1.5880173970970273,1.8975774396477953,1.9436384239496347,1.8870462914267083,1.9625254139963133,2.0776125974144906,2.0598824028624927,1.9615822978631494,1.8825157114952995,1.0516562267409655,1.665026356385998,2.0111844636084757,1.2957349773339009,1.2751248639536352,1.38916119701656,1.4535620297757608,1.5865980540864006,1.421829282950044,1.4208599438727056,1.2596688765852242,1.7711114177674685,1.4503890691304107,1.4484648859616585,1.5038447906115822,1.7397549023710341,1.7947941567942427,1.7422928885253557,1.4360813088552535,1.6366097718060695,1.8656532393891134,2.0110129354729462,1.5491652140712044,1.5180224907140574,1.7557809985225084,1.79421467527039,1.8519393374889843,1.4142899030926614,1.3009715103236466,1.3770315490225065,2.1968079985350015,1.8086723800185311,1.8236269555216569,1.7730589169476758,1.1924441025050176,2.1797436580221254,1.3938462698315175,1.638187682258601,1.1542003708208226,1.4755613011083681,1.5964599561501316
2002,2.1848597319803638,2.1105618820461234,1.7921353651402545,1.9273101532755548,1.8806382748351056,1.5743347492419955,1.6355880008993577,1.911672345625328,1.6835635952691153,1.6931167963332774,2.0826449187523175,1.9902468644409432,2.050200751022452,2.1429271507950802,1.2789398882300995,1.308681333849595,1.5152162869482488,1.7377944998113666,1.5732084384828462,1.373563639350642,1.6918618781892298,1.4473803901828521,2.211214776858627,2.167129202051395,1.4802483633078007,1.4467169483322073,2.4725849956403083,2.0991825522518606,2.204955810467698,2.1895995475910563,2.2344485476890483,2.361467170648374,2.1382528817965087,2.2170107615356085,2.0528799642150757,2.2476788692494742,1.5659856962307421,1.4373753902770032,1.5480262858258356,2.0412042781873225,2.06918358511702,1.9513781481428853,2.0230197860139474,2.049084352320974,1.834280019924384,1.4779270638456041,1.382643951816496,1.6769706131260327,1.3666603975398819,1.670836285155692,1.7350599070486845,1.6460736333338093,1.6297346236465893,1.6405901775390246,2.175530644779381,2.080253708848811,2.065818575132394,2.2061413400714898,2.3210267404463467,2.2752133484083825,2.183020286898036,2.0593239620088193,2.0286028622998136,1.8060727879610199,1.8522043183891777,2.047625142066389,1.76304574354895,1.834327153068319,1.7480881264528727,1.7333325823005183,1.5423408290114666,1.5938695021908356,1.85395471755599,1.3979813794051785,1.6229439284156963,1.4950735740361045,1.456772504418994,1.337159525807927,1.4213321741101588,1.4084320226315388,1.5263161204262197,1.7788519354283514,2.074186275755724,1.6757881171004958,2.277567064594511,2.4167763508370523,2.3031508721315395,2.3408039202814837,2.3655431616277705,2.260814608377453,2.288051105925066,2.096433018045489,1.421977551721735,1.5174989696717214,2.0421394169253904,1.8351536314619903,2.188208106711022,2.199969900656422,2.1526682024348243,2.223185891952613,2.4221032455290836,2.345623022880352,2.277009211254604,2.1456653355141833,1.2241357463273976,2.0067589277355045,2.2771099966015096,1.4642822813040224,1.4537103653417056,1.6063190784360375,1.7908673148994734,1.8767056554695019,1.6792949421504384,1.6421177401003526,1.5027562476914802,2.1077697992215696,1.6521299400058091,1.6587611033208074,1.7299623125025567,2.058874456843078,2.13198716417951,2.0687011465223377,1.78694965612536,2.0066133679500266,2.092231136634125,2.2147981652934496,1.8690113842041325,1.8782855567196555,2.1107512100054726,2.121077987546786,2.189748679264954,1.6690291032791977,1.4617125967560327,1.5863441839890529,2.4523167966712047,2.0879603583285795,2.1923450844293084,2.137868236618041,1.3493434954289172,2.4436926312600353,1.6809195210786694,1.9566814330629851,1.3041978608569003,1.7477117522362868,1.9317962314164048
2003,2.5015500824266206,2.462117778630929,2.175201774558213,2.278067727934778,2.240571277243524,1.9366064776648761,1.976400577826334,2.2433002074827706,2.010914688655379,2.0665950082367166,2.411876427240191,2.3781567927597775,2.3745468753084364,2.500121376918318,1.5462639361760468,1.52964959168378,1.8633234120348665,2.1165702268384434,1.9446001107246567,1.649716788252393,2.0587595271191255,1.7954592583744042,2.5981708809889352,2.472354642819332,1.7646811420411421,1.7753395509399885,2.7610658560343637,2.466203582050663,2.558489756389154,2.5051043880499715,2.5399955254756783,2.6273190854534243,2.421969584440197,2.5376414781732177,2.440437663441315,2.5777823153721786,1.9281641873597992,1.7347057878206615,1.986484349442334,2.3330176273221817,2.3807746650926673,2.3037292700757335,2.35983664137021,2.4157036275903647,2.1929410969825334,1.8153012403891553,1.6700086355803148,2.0483704906951368,1.6709755431093907,2.0486609002879126,2.059601664826932,2.020429164091424,1.9775424406892337,2.024956545772147,2.5339729883574136,2.4837227484566395,2.4644268779107628,2.6016926696580933,2.65779160820556,2.5513378461615766,2.4646484821699275,2.443297927622555,2.374923111969509,2.157045858007553,2.244544572375616,2.3949124937110686,2.0900787983693325,2.1976320856168896,2.188740617696526,2.1383792310012013,1.9402328011042635,2.0099551299674827,2.265811050090524,1.7395504688001524,2.0491408172963643,1.8521274525310063,1.8500350298542085,1.6498417711251572,1.8031345961814897,1.7867467500382195,1.9047218270327382,2.2018424541087076,2.4856666593005174,2.0250018422887264,2.451300302178833,2.7280791163296505,2.446488647364814,2.698397349817799,2.5710163882960972,2.5711971327250733,2.577418980350371,2.5792535694472796,1.730313519240678,1.8802306086275076,2.360292851438485,2.196412348088743,2.4542542813145642,2.4328851397618614,2.4169938311636536,2.4403596793480715,2.7439311660024877,2.621201975534801,2.59602470118429,2.4187258135632916,1.4961524623205618,2.3384345074521167,2.4963082445002995,1.7676335359006103,1.7814169629078143,1.9496966428924198,2.2355593575822272,2.2432718772575635,2.1154082027028633,2.056807440051211,1.90371134264922,2.5436648056143616,1.8830820609322123,1.9939919107394637,2.0559611237172097,2.435612335405841,2.48397362684984,2.4146320359634856,2.158205832043945,2.332283392110323,2.21238577249822,2.3086783095990366,2.192885218435001,2.221192220590592,2.47335832858048,2.47229071899356,2.5609798780395017,2.0211502398091916,1.8011840412747362,1.9918552251198822,2.6529841925411763,2.3332651640099558,2.5551060680991755,2.522631291486934,1.6377821241299755,2.594986477173321,2.0369012238364084,2.3429523951238407,1.5890148353140838,2.074352333162061,2.2652816424177145
2004,2.703860054986201,2.67479880185307,2.4331163381037797,2.5477592806484233,2.5239379700977618,2.252490380679657,2.3006501401525012,2.5142160717327062,2.295026597962301,2.391516246603307,2.672151971755018,2.688450136112952,2.6174569565612305,2.761862540034837,1.954380485729533,1.8841745346932062,2.2618761863663366,2.4581576598455914,2.3369382252246083,2.005325529736204,2.3626054374951426,2.186747556198698,2.855619034571079,2.6787633072532477,2.1579328056885543,2.169030582601579,3.042847782789549,2.700600878093496,2.7926606057353442,2.7294872661498433,2.746646955803629,2.8245097998510413,2.656987544385552,2.7480354531577422,2.6775784291707097,2.8332137425221706,2.3623286987226337,2.208339030059151,2.3923054182299155,2.577742604461069,2.5806693342754063,2.5972220887356743,2.626722304503489,2.6717072109291564,2.5165481129828904,2.2549631585439003,2.0658874683403696,2.4188232282569313,2.0934253449775286,2.434692053022263,2.4008253381295273,2.421359485470129,2.4434059709642892,2.4273869674499746,2.768157124299172,2.719875558285121,2.7020992310380194,2.8471063612625676,2.863319482036755,2.748372533550845,2.6510587763144655,2.7821523689963366,2.6215092544544527,2.5044471389186755,2.5468333079288143,2.645790223478174,2.4025554692270257,2.525963543816954,2.522676399576453,2.4699913564984834,2.3308493943965827,2.369711791513803,2.5164207314901534,2.1808834623753737,2.4562180794053523,2.2287157383698815,2.2634575492894635,2.055085738203146,2.2361416082723413,2.1879326488337236,2.2882283214511703,2.525615809008847,2.7993092061427283,2.333156120699947,2.6228416246797845,2.9220895847026274,2.621142261383906,2.9368169694825914,2.7781093710129166,2.764037137571092,2.7815248822082013,2.9730923967544727,2.1335332621552467,2.291986989726641,2.6247306048666017,2.5186516078554266,2.646073080857875,2.596809743906343,2.5883260189284614,2.6115461380053837,2.9484123613185007,2.804063275586645,2.79644718529186,2.605298495407536,1.8538183155793206,2.6182062196531684,2.6848847038041,2.274528365163784,2.2120073549027888,2.32222773090539,2.579841076367865,2.5360072163619796,2.6404861444184675,2.6273935387617033,2.23769495143909,2.761142231930069,2.1747860832622914,2.3556545112175904,2.4179768014703544,2.695622991476119,2.7164521005481004,2.659132205826869,2.3935119606418405,2.617201545589125,2.3573738846390926,2.488747100043497,2.488022700506917,2.602212410010667,2.7288034306486546,2.68975674766277,2.914240260085713,2.4413120562045494,2.314894949936625,2.505899606876295,2.8811358752823777,2.5017409461236073,2.7586549942424217,2.8383501669671998,2.0633330027410306,2.811233102079436,2.3441458605259315,2.677518543333926,2.038125590084698,2.4287809399835494,2.589388890229033
2005,2.807309530629811,2.8203117982746044,2.6005010724185555,2.7009583376561475,2.679801652405782,2.4458700784524536,2.4956441462505388,2.6858452997108815,2.4834575549887736,2.59576636320049,2.8285205869842254,2.841319606653888,2.7629171140422213,2.939462758188115,2.2183932774065513,2.1674035865310683,2.479826081093235,2.6800046068434815,2.5310138173259173,2.274781295344252,2.549744079550175,2.432295021158812,2.9643056203657525,2.7849776336759606,2.4221062800210533,2.4189932391956486,3.2080753935213737,2.846059358451863,2.930933864005736,2.8340951654971325,2.8433919519221553,2.9764596643282664,2.774265494864556,2.8990827240224655,2.8175722095439837,2.9965718586474392,2.5712102021671837,2.490412679590784,2.601287216644166,2.7054930549126244,2.7120700524833508,2.783793403858903,2.790949834650278,2.8280649879342135,2.7046820059275176,2.5160518740846123,2.3008252416005552,2.626035667591612,2.33115988757425,2.6834691272533373,2.5880023907620426,2.6652936527112634,2.6552901209003297,2.680367838426954,2.903994578079427,2.8673656408813364,2.888280479391715,2.989429861191773,2.9829354093304357,2.8463155677481025,2.75533854179939,2.96753464307035,2.7748732273623054,2.6985579928839956,2.7006950211832232,2.8041439124241982,2.5973939365994356,2.7226025089201937,2.7141217612134803,2.66485584380502,2.5784354319733667,2.5242733247347666,2.6418065207179278,2.428658743849427,2.6240700856272707,2.4682079611985044,2.4558140269440436,2.279193365518868,2.504751698369711,2.3914198933428343,2.479149104894008,2.689644184642737,2.9739435948684196,2.5398440096642436,2.735520818030532,3.10580223361787,2.729173133840018,3.0892255928384147,2.892491565437208,2.8852886647016636,2.8400246854160645,3.1585988902320494,2.342996719033702,2.4843149728798677,2.8007826154047426,2.70079849751249,2.7684315612969574,2.6809194305362545,2.6383592061721894,2.6951635442683393,3.0924825367433986,2.9186649964446705,2.894890082394018,2.71089523515657,2.0944257532367048,2.797427271905442,2.769799383741167,2.5061247914795217,2.4580104937782594,2.579175234829556,2.708566436949184,2.7072790223101357,2.935245453814136,2.891552014285993,2.460411265382598,2.92462014341295,2.3984198949450217,2.601982688024575,2.6415472853786115,2.8446619118016554,2.8516332088145853,2.8321779050446807,2.5251881475242834,2.7710287385110797,2.4526558215171534,2.5718119729467905,2.6587193780644913,2.820547012314916,2.8456055610691458,2.7983830519465083,3.1504738754270543,2.6451399191581815,2.492517911594576,2.7543138561894827,3.007857451728062,2.5619675763724947,2.859077053448264,3.014490919542182,2.31261306511497,2.9331412039237423,2.521968516827365,2.8562125521549047,2.2935816930996356,2.6146489979992324,2.756958437593312
2006,2.950889243977555,2.9585681235164727,2.726637719023017,2.8183950914822113,2.814831929671621,2.571388690156577,2.616332018086189,2.8121588584653145,2.6224156358451802,2.7411070216669193,3.021421525230056,3.0154234802049027,2.900800295257358,3.10046887856771,2.4083896225124173,2.40935412144095,2.6159670771647883,2.853259953069127,2.685494443722655,2.4620075027591297,2.7188519156630706,2.5991852276421223,3.1129327265655973,2.924912992365212,2.5881954860054757,2.574445911295351,3.4709541130507606,2.999376269232351,3.093217770735859,2.9595073269922265,2.991740969445997,3.2088362806941704,2.9283902123518777,3.052190673861937,2.9709694612147923,3.2347450245222857,2.753409649952077,2.692752692459146,2.748642540048719,2.8915364466871747,2.835755383783618,2.9691993803268883,2.9620377779228955,2.969230875450783,2.837824474502866,2.6874644385881856,2.4643529091770957,2.788263261050308,2.477724281912198,2.837366541837895,2.7265564531807334,2.8258819527849526,2.828036768533307,2.818709145192396,3.056761234482902,3.0171449717518963,2.9826856720234045,3.1176344688413637,3.120571937302609,3.020506761383248,2.89200922884478,3.1382053633065694,2.909945633741785,2.8500303093728854,2.8384842191884485,2.9496114154929187,2.718268943953435,2.8926485035526164,2.870394098261049,2.813560124012623,2.7369878348493,2.6647662526265665,2.754503593044866,2.5474891857104094,2.753785844853077,2.596707216659659,2.5553454916892693,2.4206731558902956,2.6484124218246015,2.5251028504706987,2.6273243152421366,2.834996310053294,3.1531249888392643,2.7067961754082397,2.952466074443752,3.340937716835395,2.9805847546772792,3.271566167323661,3.167148253944048,3.0024836908198087,3.0030312978080214,3.343173996859058,2.4941482801720705,2.644614416623903,2.9873678711314064,2.8861335306005937,2.9330685001942953,2.8394031690467574,2.796213973312985,2.8381300688117213,3.265787453913907,3.1091455079035923,3.017253259360456,2.8656137775422343,2.2766348504724876,2.971690196505046,2.9513705869926192,2.6243278304368545,2.5580095149450615,2.7057488721866783,2.8670873806048505,2.8508920050306923,3.1605893553651896,3.060320165343422,2.602129417500021,3.0868373159685527,2.558985428001612,2.7642980344218935,2.7894672428351797,2.9986143233343747,3.0302039699353247,2.971291021678302,2.6037847347926784,2.9685254786503896,2.6794872644718026,2.8527883555686255,2.8395900777964536,3.0036229866906177,2.991493634216024,2.918050547471934,3.3250218698757132,2.839195720212458,2.6316365663381722,2.9560812981232747,3.2881329657932112,2.6892451051624597,2.951540276168495,3.2070650602497284,2.4485324367649133,3.2140823980114077,2.6769411419550666,3.003631127863315,2.4412076080949183,2.7198455752609485,2.8941644538555535
2007,3.2149272241467775,3.1881291343115605,2.856690253924443,2.950381603729217,2.9876817006295666,2.722190845278671,2.7610861987718147,2.9669096994307838,2.777164868648699,2.886806146740116,3.303470637299158,3.2451449282844838,3.0949694129349603,3.350672209426037,2.620579360801582,2.6131430288090955,2.791967372759243,3.047899564394844,2.8623527731692953,2.6420153576305774,2.9101512646321344,2.765753056528071,3.340223985211346,3.1727471625841495,2.7451599935120576,2.7708336988011877,3.908025561562816,3.2591286613345436,3.405735880023517,3.231371531979698,3.308232973282305,3.660162741818018,3.16889863030366,3.3130919429790304,3.1925700583234997,3.585004317326361,2.944614688065477,2.9492045501993487,2.92255792261923,3.1455657813211566,3.0876710977437964,3.1876487057643663,3.2059072040761825,3.171082837527437,2.9866120797549587,2.868540434848875,2.6573190984653152,2.9420527256815188,2.6139383484793948,3.0344529112619294,2.8788228744191917,3.001151893326731,2.9876962292243063,3.0059592008570966,3.3070565620001893,3.24845863334413,3.1778810075626422,3.4296544094146344,3.414975766819558,3.4288581342998365,3.168630279068829,3.375084739027872,3.1140522607138785,3.0306751635139917,3.0070294546921112,3.1393927070850145,2.882578280544969,3.0868234919749753,3.0498063533541364,2.963888276623876,2.90339978897353,2.7914294494052783,2.8610888936777354,2.7002337433215162,2.9170337455350754,2.7415281401730995,2.685455746535609,2.581856910496664,2.772150800706546,2.7207500378846,2.7894833929673926,3.002523659187565,3.3841903614183417,2.8818579524830064,3.3844082549782604,3.7125481256921926,3.5132835585104747,3.6253525385416356,3.694451327590157,3.3005717386241367,3.3284917614417484,3.6029541306201716,2.6402893280638517,2.8308661682598495,3.209518066003431,3.0888288726935214,3.1940573381621284,3.12756498271102,3.0529859890959066,3.112806397449123,3.660560507829753,3.469199661467904,3.299742979708834,3.13637921784078,2.4642972463501454,3.2246209602197653,3.3602782448997086,2.7706811729163863,2.7073385044540657,2.8775480496280874,3.0402975091212063,3.0635494363627074,3.3771936887653284,3.283574313380153,2.7924383509158632,3.331116990560611,2.697196399293833,2.942953304597497,2.959916917243663,3.2206452618726544,3.2797443233300463,3.2009225458308257,2.6716288385465905,3.249776024109246,3.155282870864661,3.414907936257878,3.032545625502988,3.2470005758779434,3.1946272627028165,3.1335903787950334,3.558647321002342,3.074021750132146,2.8202508278796654,3.1555906293630813,3.801747716028422,2.8721314804261224,3.1511659859271983,3.4749851813919603,2.6295721339674145,3.7598961269960727,2.878228699726006,3.20541897253687,2.5987789757957818,2.879961439417411,3.1182125324824512
2008,3.2005941631989003,3.1202531430005083,2.7950229157152955,2.864964380418532,2.8966284486801226,2.6618880805612517,2.733414148037965,2.8735592799606136,2.7312913704282846,2.8558379331745827,3.178732011309996,3.1758287312310594,3.0224080805134323,3.2649705503789117,2.6043680562618574,2.637336840024255,2.7646515781971166,3.007895086245757,2.830298465609749,2.664041641333813,2.844769371748365,2.7304243874099314,3.262084762737192,3.1156270635142795,2.762836037039941,2.713738154124562,3.85172597281027,3.238450161619429,3.3534657409740234,3.19765506811628,3.3391087731987987,3.7691435629290813,3.1661998228621924,3.358988277557793,3.173087357101373,3.4716957731124105,2.9456817587238415,2.98348470164248,2.9012561855996992,3.0251315169069226,3.1009949081320896,3.1796360888237256,3.115310468955885,3.082595866614976,2.9017234748894065,2.813441201453632,2.6057007642042675,2.8952114678778016,2.606210309014177,2.9651208876971324,2.8267160778722142,2.945902809054614,2.930870237792157,2.9410950264477624,3.287706009885462,3.2887588997943897,3.228009520330346,3.4586139845770134,3.452156019105257,3.44073240010212,3.183966345614685,3.3538410073550207,3.0678046575648965,2.98278709609318,2.9175967665215743,2.995660225826214,2.8444982424539953,2.973107964672576,2.957090893715458,2.8784482226959236,2.8680911121393495,2.7270871244157515,2.7582210966633633,2.673418350280535,2.860444195606133,2.7279722813952714,2.6279387316322222,2.5638613565649124,2.7784054597982917,2.760452889125037,2.783575200173361,2.9385649360922614,3.3337980607693454,2.839549787635998,3.494299306171049,3.898766799418778,3.6167271026182215,3.640113094333387,3.7500513798512274,3.376917472535169,3.3819058879193458,3.544803499331928,2.5746960360470097,2.795584113572436,3.094777808509431,3.0074783927983737,3.1392928129591358,3.11524446911848,2.976131062355171,3.0655333976574317,3.790155053118143,3.5330258200617712,3.3634281203634124,3.1103007179149396,2.4994132545113845,3.150480502360152,3.375895280591323,2.7528298395824646,2.6647330568654892,2.8855844699599245,2.984527366083541,2.9755764353074525,3.3585926902348215,3.2620975864630783,2.7643790024848798,3.3127503146611765,2.6548329736460548,2.8912739607206768,2.908495817173098,3.186912487105144,3.2206399392981906,3.110258021548654,2.5709523362236975,3.109591958899974,3.34789123443631,3.4788047082949163,2.941903211202778,3.165117075808127,3.100081198083965,3.066154772404204,3.523470043527909,3.056200469156574,2.755903811576532,3.133258662670081,3.8270147832522574,2.7648369984089363,3.082620031936369,3.456260027114738,2.6537390744225196,3.7640328759282227,2.828427532420825,3.125396991004172,2.5866108386025775,2.8061194213609255,3.0428129522390215
2009,2.950511406367646,2.847263973935622,2.5390861121474453,2.631723513641608,2.662400016700216,2.449667704971456,2.4633611499145105,2.65210751526745,2.5523831421726073,2.6447330666185214,2.9206299544835392,2.915184482675809,2.806205317900806,3.033272604506855,2.4574866591573827,2.4243600042348654,2.5798435656031558,2.7944285203107158,2.6748170692157465,2.4235975045788063,2.6109988775807964,2.5091052348611895,2.972391457116824,2.9017515215946186,2.5438479569058257,2.4792485053152933,3.6076589904012413,2.945355687980596,3.0298015175458173,2.9222823476388102,3.0604055790314155,3.4785828176092886,2.9354874172945165,3.0526374695204566,2.8447535124837007,3.2152700916334034,2.7870871995288127,2.8860650408748567,2.727717314130919,2.8140215824531483,2.861894606076098,2.9506469286767487,2.8563732375874786,2.796113898801718,2.7127492062826484,2.595094666088724,2.441164542741365,2.654460179260325,2.4251709121093725,2.854297820025003,2.6267668096862704,2.723873057300135,2.708885619970805,2.783764327655211,3.030468618578658,2.9829227339280466,2.8451773407563823,3.0888812174294102,3.071199490093304,3.1188661622147755,2.9122228751807113,3.0411609516825893,2.7981388383054275,2.7144442266141033,2.684097711203165,2.7439310307543816,2.637684502663702,2.8064223475741694,2.735391674748057,2.6757929902404793,2.6408335380290304,2.5421899469643385,2.586091488888047,2.460091787958065,2.641030881112866,2.4954985793654596,2.467905728816834,2.3419583087950397,2.569453703852483,2.542905368204148,2.561114194110664,2.6973757693979366,3.1220457184275596,2.625060090218466,3.3317817781831605,3.573777124935923,3.4671549904807386,3.344871626781199,3.5235373324600907,3.08164524078136,3.1934813972280147,3.3267922351496098,2.3564329489467797,2.618379985570569,2.8384883952812956,2.8052049165871686,2.950610646621635,2.8871430734587933,2.747646034176773,2.8291341063398003,3.4899946299679114,3.257309483651843,3.065731468487462,2.854802179788038,2.2710099361380864,2.863025491603496,3.1326502185621066,2.5045167959931094,2.4197321880480365,2.625265182037909,2.7457443227399705,2.6506444620645184,3.2354630174421644,3.108292585302136,2.5414211274161915,2.9049896768470873,2.4532161671011883,2.6281039221790263,2.68240250170246,2.834726127301068,2.9194002163092967,2.840211538593013,2.366857579285371,2.857383702545823,3.275351802008038,3.362542659043719,2.641809122035144,2.935122770836362,2.8801999830483167,2.814320408021285,3.2295703319574556,2.787710119638952,2.584003600354875,2.9632698712348167,3.5849521488789295,2.512905020138867,2.857142063510592,3.1464583011677387,2.4315453420675923,3.525872217528153,2.575708007834302,2.8803707453750356,2.4320861338671445,2.5888369896410883,2.886180417782674
2010,3.175699033059508,3.001664354619183,2.644711673863247,2.804462712047805,2.760324305542149,2.494129815157305,2.50892772069287,2.7881339192079966,2.6266013259541516,2.7122690987461278,3.1129467786561635,3.0499714985055526,2.939839501196262,3.2190217914322763,2.486989024890628,2.4330576309253966,2.631871873142279,2.8832697825344833,2.709274224391028,2.4719387874803727,2.6776527481273833,2.558118385184244,3.164771481481313,3.1075288957559737,2.5979236731865343,2.519582956713501,3.9511414325419056,3.1148650935857876,3.2577234952110943,3.1462765961738626,3.274752131672007,3.759216660455563,3.119790589818338,3.242474513147763,2.9596797784924123,3.4326436020436555,2.8731423595765215,2.9396791476009154,2.766814722078484,2.997053130723967,3.0509546435304875,3.0717984246935157,3.02200305890431,2.9489021313293655,2.810138123838933,2.663597624101282,2.5232613093966454,2.74598910008356,2.4789609963305512,2.9225443113236147,2.7230156514830455,2.786964309528612,2.764286195245128,2.808463041828557,3.2380447967613732,3.144392251948134,2.995028084612103,3.2579064579307593,3.263580190419947,3.393680008016393,3.1349185764591225,3.211099332735631,2.959657574899076,2.834406708106717,2.79822439223526,2.890181944233469,2.7195835697789605,2.9001658570099687,2.8242061270636407,2.757314583385696,2.709009249749523,2.5932661583326433,2.719646098576355,2.456975757993476,2.6905468822383614,2.5022047316156915,2.5088920079174235,2.4007879920486954,2.5910453976206567,2.5739863493120634,2.622036695203319,2.770125511602243,3.2918646268751828,2.6475637879208316,3.4388222714748773,3.8555021506889617,3.8887653568657234,3.5769965590130024,3.884309976397168,3.282324694687181,3.441419990034762,3.4605603789525103,2.346011346817344,2.687026116434777,2.9934227644079776,2.9000170174978366,3.147571122937045,3.1212171721868045,2.925066726500897,3.0074731199691356,3.80894456351325,3.5241114277616306,3.3114415352217095,3.050536483753255,2.349720266494096,3.001841370155902,3.4171686605000784,2.5413331916904394,2.448547098720107,2.668687119098118,2.9001888720472966,2.753365386858241,3.268616741493053,3.1571050508510043,2.549755779845771,3.079852083225095,2.514737292022671,2.704694772527924,2.7777588692782142,2.9915334450163145,3.076144897467803,2.98896802088297,2.436379406508188,3.023881721231197,3.5823533298872077,3.733744849424226,2.760281818024807,3.067233006888233,2.9800526021444824,3.0016308773838074,3.3590036042165416,2.8614364241378687,2.6499522377503286,3.0426124966218966,3.9007922293441886,2.6382131822899373,3.015041218942296,3.314992662163974,2.453044364214367,3.847485319200527,2.6560269824035236,2.957509318548985,2.4080254529051577,2.673518340837965,3.041447108723421
2011,3.199257264920279,2.959076943837822,2.592895179045948,2.7428852555287015,2.729269122556183,2.4357335308998413,2.4529436328464174,2.780309056366793,2.54207464413486,2.684230999563861,3.077946319543382,2.993963519016157,2.9224034675664026,3.174668039509546,2.436829847031667,2.351963873033638,2.5662567135183787,2.841477952613116,2.696140098783083,2.4189106728754326,2.613472522400624,2.5078545434591164,3.1213092821112,3.1195243807097084,2.508925728126347,2.4695110466347465,3.9433945007574187,3.0959545177563257,3.2391232930731064,3.1154123052806226,3.311064809305648,3.8653058536395104,3.121692662078057,3.2566330813142486,2.943965953811367,3.3913090059193505,2.8220537082492867,2.9288018683015418,2.693978953847006,2.9842965454133203,3.050730721165591,3.0240987486266078,3.0062432283700606,2.9311272926146255,2.7866120325453463,2.61703865676848,2.4849466700840575,2.697115575826179,2.417167229807992,2.875656530568734,2.6687839622508256,2.7663204515051456,2.7243901777068893,2.7593628188253483,3.2226193152801788,3.128440708090993,2.9703260553701747,3.25508570140235,3.233004110180777,3.4315156709535923,3.145000662975547,3.1437813174675386,2.9017364797081484,2.7709724439587586,2.7730419654734026,2.8551653696145873,2.6907186171089204,2.8440122298566917,2.787966110579542,2.7299914844244357,2.684437372786617,2.5343435355925332,2.6800856376151905,2.3764672477209934,2.6326194658361803,2.4310140205559407,2.403567779186008,2.3454776250893157,2.5387653041324443,2.497191104484259,2.5849016272551344,2.7335847102980075,3.252809478608711,2.599004868308493,3.5252892501616637,3.9828797643954013,4.055879343593771,3.6176423819204313,4.039771007616989,3.3303661711353696,3.52621251112788,3.4312174842262,2.238666483857115,2.5956126667448536,2.9596727445772855,2.8752112510996204,3.1535478639622108,3.1346502341539093,2.909267428979121,3.007811465282518,3.9080691020871603,3.602433145724634,3.3585807811277073,3.0490155400211,2.2715767423080484,2.9926091697736554,3.4872651790602722,2.4636822706790404,2.398540860659676,2.565513526387424,2.8491303142690074,2.715391551918744,3.2366321053265956,3.1490378813227804,2.471002498052439,3.0177174484582756,2.4913391694806184,2.6581001097190806,2.7216338298168385,2.9172920921874708,3.0436880199942857,2.960138933541097,2.396177063706356,2.989902504596786,3.8129248873817825,3.9495342548267365,2.647033735463212,3.017667006812424,2.9654522066398674,2.978012221407719,3.304521971481989,2.798872015531385,2.5773417661021334,2.9523894824683894,4.038031945754727,2.5607127214597503,2.973435147092719,3.2707135225505835,2.3812318212869052,3.9843083584924854,2.6080949593364515,2.893247549119022,2.3254153774536146,2.6349596998084475,3.015851663965481
2012,3.2690896114677215,2.9942512590345336,2.579697293100299,2.7827071357193223,2.7488639986094143,2.4004920490321173,2.469269515167307,2.8257323340154175,2.538045614938047,2.6804054881415005,3.1297364650474937,2.996607728959981,2.9503898886386852,3.188882587636354,2.370064463924284,2.2837806655858146,2.529495302028276,2.8271572003998884,2.6274747603362747,2.3620911912736298,2.590535732473638,2.485169745583325,3.173256372833427,3.1583061047809626,2.4871793497350922,2.4492407954399864,4.115383864039635,3.130255935172242,3.291973632984476,3.182608569916716,3.4269375838880336,4.102066466570623,3.1949976417644295,3.3461087000002414,2.9649254167792067,3.4796722427488693,2.7921642552991592,2.8896186386275464,2.6388767357827363,3.044351022538479,3.1069181085018442,3.0643800200120035,3.03358376571705,2.9378436763816573,2.8122025120655803,2.587131549325045,2.476825518966829,2.6740297752438047,2.4022039205257935,2.8923677633030156,2.658789415510787,2.7346722222478377,2.7140243988665698,2.713249569332555,3.2677326018886683,3.1862953847351356,3.0194515953211774,3.321685361287966,3.338461538484225,3.590372193518108,3.221504049860389,3.168224183073516,2.940591854459592,2.8082069587403597,2.7842408698764904,2.8831310460413957,2.6991186002214067,2.8318842777175677,2.794471742055843,2.735497738132295,2.68009107368975,2.5271092794206247,2.7016028041309865,2.3157679329592327,2.615648325720231,2.393039465631597,2.3765976806421256,2.3181330382273893,2.484651111981914,2.4472385568752797,2.5699848930968834,2.7322090367209007,3.263481712528509,2.599882441778773,3.6490751337814564,4.241731358741812,4.412085392185587,3.7314339256487066,4.317452403243127,3.3783575337603935,3.668509510652738,3.4279586115404275,2.162292720111402,2.577809976946792,2.9978711526670767,2.8653985049967465,3.2321500402068035,3.2283316738743566,2.9760696553348622,3.079797224172567,4.1340955138754,3.7900934854246273,3.4533606084978103,3.0889201523792154,2.281747498532903,3.008460584908533,3.6644365415994837,2.427131192202814,2.3593902881297026,2.5313668060409475,2.874919481665318,2.7498068252052,3.2480473082960453,3.1560253734007824,2.4346560725164337,3.059459107714285,2.4861946573775806,2.675143829554132,2.7436984804906994,2.9663308134130197,3.1064414982118493,2.99094012602252,2.4151801348343316,3.0523008037068236,4.180369650780076,4.305046089422316,2.670351604333933,3.0341210731448722,3.0217908273647947,3.0076050825828764,3.2932090896254462,2.82377972294191,2.5749476309445827,2.906751099467425,4.332149764042083,2.566965185974431,2.9869388296809483,3.3357112058035026,2.3618348694038156,4.268393723656383,2.5782825599757073,2.9079692470491945,2.3264610317137,2.614540648991957,3.063209916114878
2013,3.405983145389992,3.104172558974087,2.6457965082144694,2.8219342328555754,2.8079817943086876,2.4509245102048562,2.5248839591049625,2.9140380954087455,2.5879571774875063,2.730709786022242,3.2311036082400935,3.0450744058641046,3.0013726155496157,3.2659467314546395,2.3641602504982218,2.296591332727193,2.557597677890199,2.8675078336436135,2.6330658180257838,2.3741231252787647,2.611940775312369,2.492997704414723,3.2622192870822917,3.2345903616748926,2.483051995587743,2.4478694055754584,4.300052939441736,3.232194359826268,3.4118948266797005,3.3131924847688694,3.6620528295765196,4.511505018561659,3.3025661350851463,3.5511051335939485,3.0958271755861837,3.6331121431406928,2.802718657758284,2.8996637011111717,2.6467358853269918,3.151739609736458,3.2231603713155366,3.148865074831429,3.13344280705742,3.0030559218198096,2.876056922462905,2.612902179081141,2.4920132153595502,2.7139530491009745,2.434198545034594,2.8726621397542984,2.696143022215551,2.7535806772177005,2.742776781630578,2.7665144966384703,3.3764708134886305,3.272401259241305,3.0823929484743475,3.4686134322201974,3.548950155054629,3.8660639510216415,3.381543859024078,3.279951451063016,3.042706771798267,2.8573599432069905,2.8282039029360924,2.977280111741946,2.725077956410888,2.873167163754735,2.8637011095797846,2.791076480296828,2.723226478360248,2.5756480334022367,2.770648365876144,2.3124501139895073,2.6557044285149014,2.3800015940648005,2.424763607247746,2.312340822125926,2.505755901631262,2.4991300456058196,2.5791295717123135,2.7937027627249567,3.3208152006839904,2.632780833491195,3.879600819053037,4.49081769592198,4.8032834270326585,4.011628852427937,4.749032833244492,3.567980526328841,3.871659296145724,3.472801341529645,2.154473501717118,2.6058967306341954,3.0776948469711467,2.9168590873901525,3.363739893006636,3.378332202288863,3.0835498663547396,3.2137543731263944,4.441104556739749,4.091350664605282,3.636470397719361,3.212121914820225,2.304952640151931,3.090486516057554,3.9447078128100963,2.4199221648571148,2.3735140298525326,2.5309457325819062,2.9103679725223657,2.8403535332371046,3.2893941331879946,3.148566113847629,2.429171879610071,3.143753477258779,2.5591150038733743,2.705527916615859,2.7983725438564813,3.0926813820211265,3.2152642771400277,3.080111648256119,2.4483673191784594,3.1456647759495175,4.52410429346977,4.716623097074391,2.715897417999226,3.0990697610579208,3.0772194785476925,3.0807160651243226,3.3592812197085635,2.874942405542801,2.5796444358763946,2.925570987463954,4.853666827985494,2.664865470795544,3.0143529749152984,3.46530601285504,2.421550415340704,4.783760776864492,2.6296756100046976,2.9540983880429437,2.3155272063920496,2.664494704227402,3.1374107100373907
2014,3.781541380338731,3.3850814126359268,2.7625500272709647,3.0123983573430575,2.945534762929183,2.542806780214739,2.607408906265269,3.1147863789484385,2.687109043124284,2.861818776124883,3.4694395294538007,3.185013473055797,3.1796595866584836,3.434542902534208,2.4045672645050598,2.3367315361629077,2.6189430274978664,2.9954693385845728,2.715183111752466,2.432367936733077,2.7429341578967645,2.5946668037529808,3.4665620045638477,3.4831992792584,2.5982364291838675,2.543825348094057,4.748897096941777,3.4811553139495284,3.6999193638817287,3.6341283730583873,4.246555998518416,5.357121529768624,3.6137597348536104,4.068467256367594,3.3978931970674786,4.020840919533548,2.8798741425607033,2.943865624576563,2.74884805573176,3.4368508615718847,3.5528246488873854,3.3385373587960796,3.364993579123624,3.2254423130423993,3.038343188525673,2.7131501737809285,2.6214973926236484,2.8056552828049677,2.5298032403255646,2.96519282794522,2.817000871900162,2.8438918017035393,2.863536326158646,2.841628593781063,3.68516598289774,3.567298324454062,3.4147661808412284,3.896971439345408,4.130292798077212,4.467774352399563,3.74464136655821,3.5637146688040553,3.2981855798746995,3.045798915934832,3.0110079654245743,3.215887062821089,2.880603545953957,2.9861314946512123,3.0240651541248615,2.9419857733405848,2.8510887935086027,2.7014925655794007,2.9257698228527484,2.3588449755247876,2.7545712925152457,2.412705350999704,2.4767616381512267,2.3704647233937934,2.5825581169515965,2.5779571663683782,2.693892582263895,2.955773992494649,3.4753153265736207,2.720133168417919,4.520338659117237,5.112688780815902,5.576289091805922,4.628091426782191,5.562750329293124,4.050815926090952,4.400471252460544,3.574651776549805,2.230988650380582,2.694413528564295,3.2459296603942005,3.0278274116033974,3.669060415862368,3.7392456625585035,3.368990251722539,3.541652584510834,4.984650645423147,4.787743135518855,4.09752694305911,3.5030553511506453,2.363315133297927,3.308397289886098,4.496274046162269,2.5276559260641207,2.4475220660723487,2.633883352038008,3.0739055807871902,3.051813432328193,3.3126249535286676,3.2914636052598887,2.5366848692274,3.449548594744165,2.666186633813594,2.854498249843321,2.975584094360362,3.423024829641145,3.5202144883724076,3.326309540529398,2.5970493493277935,3.358641155219003,5.179902813354409,5.448952532320542,2.9123622162247833,3.2418943070066666,3.2774150773495934,3.303975270724871,3.4810859403790873,3.0220333735871807,2.668885870385167,3.0054648637602006,5.897827552791028,2.854608086627365,3.209820031806923,3.7479310040520235,2.505552651861783,5.662494222726938,2.718851249866471,3.08880068497464,2.3604094293254003,2.7694959311584935,3.3344964922081113
2015,4.207118185230614,3.7417652504566936,2.911909888222281,3.197510428251867,3.0685001743036917,2.64097408509222,2.7150986250564673,3.293705273357668,2.782299559233154,2.9730386899382633,3.7399378883863506,3.3043750446135465,3.392603518802962,3.61674126189194,2.423982542642349,2.407264856134114,2.6782898067419993,3.094564063429909,2.7777211006410965,2.4981333227531666,2.8713625109511227,2.6792673173211017,3.657922771657357,3.734161903504842,2.669172065638557,2.613970028976718,5.203662875138578,3.740931675369022,3.9925923193043595,3.9299188511915015,4.688376137571143,5.91493215689964,3.946620954740314,4.542558601452501,3.7332364330153696,4.406741176668078,2.946440633565247,3.000186372684741,2.820844759854526,3.7397972296051853,3.867967577608147,3.5474711930039433,3.5893014671089833,3.471747934086195,3.1776735021094846,2.780298992150712,2.6833044245603963,2.878923323732871,2.5823223917708726,3.034843861787766,2.920410634949029,2.928655906360827,2.9351530637196146,2.9172148900480526,4.016533780428338,3.9400511890823697,3.8345245833828825,4.365747207029435,4.600406869816142,4.8778357240000165,4.100657329565428,3.839939622013652,3.5850751545311024,3.222445562377533,3.1521290308156398,3.4276645784292428,2.9868988208792175,3.1050245308179516,3.1274106632309087,3.0669697538333893,2.9667493521899355,2.8148835337151126,3.090686678816427,2.396870899100955,2.829364529338379,2.471534202375586,2.480246442867566,2.406087009945011,2.6469632211042327,2.6706049789424005,2.773465892113731,3.098710417369582,3.6059665816856623,2.810546092944148,4.948975184131578,5.731173875557278,5.881785368686976,5.162310506796525,5.991424197533892,4.5803411646079475,4.846311838952138,3.7166942159129306,2.2736856870181237,2.7708412051953295,3.4171380057416227,3.1246134106910555,3.9640132297636406,4.072299471372774,3.7126582637899856,3.929271589148982,5.511409614568032,5.232580540917612,4.620913894982424,3.8318566064429715,2.4432693335341455,3.498920640825133,4.887495501818178,2.6132102726736735,2.50018887720411,2.713129370821477,3.21874060310863,3.2436939512467435,3.3881468693125623,3.396498315841373,2.5932469050269473,3.878036894727738,2.819944827897407,3.010333599750255,3.1651542597262576,3.764364357621095,3.873825170696862,3.5880579746243497,2.6953778888383186,3.55239362329793,5.452147943750777,5.751918647961713,3.0540955313715434,3.355471108832524,3.5213236085130197,3.52752891310124,3.5924682964945847,3.151780851419448,2.7434062901909857,3.061592730272789,6.359953999244721,3.102104685566683,3.408887169407946,4.114492951128584,2.580263426639901,5.9634246964399775,2.779174911907511,3.1833265464139564,2.3758036727664797,2.886021752173017,3.5681206166160044
2016,4.702910740524407,4.204357533674896,3.117276608531801,3.424526533223882,3.2217884538406114,2.795842495672179,2.833616931907078,3.483305916856543,2.911982212873831,3.1123455116998895,4.059512794489033,3.471417363158507,3.6426413085522094,3.8083809763024297,2.496366380311007,2.5013690718409722,2.7377255249114816,3.2052387191579244,2.8626260339010483,2.579458601324027,3.03150837267245,2.745267588096595,3.894337936777243,4.004718721856274,2.778784890435482,2.7121469709496266,5.675394842586587,4.069580940008027,4.315088066796284,4.310765157309359,5.184274595676022,6.5565586076383005,4.308505069427025,5.097468460807611,4.198161051002069,4.978421848312654,2.992861467243744,3.112367590368827,2.8712731705539403,4.061217426801269,4.3300518701858515,3.7954037827796134,3.8694592340217806,3.814678901054861,3.3367023249946755,2.9105863019054663,2.80922718039945,3.003753828324975,2.6947205968134162,3.139049057267086,3.0273468889640394,3.0105085190120446,3.073516614795391,3.0173810018486336,4.470203248931897,4.449010395161579,4.436710226026188,5.016107963868206,5.219398425542988,5.396381158653921,4.506395138730436,4.198417078739117,3.886884022399466,3.454418842389442,3.328313666186796,3.7276633613645918,3.1248643509710683,3.2289535631269706,3.274377974587943,3.2147028221788316,3.1027574181452975,2.9265073424020134,3.267221353877413,2.420726729918535,2.899554605200602,2.4841246008717266,2.5149519178071587,2.432728563147814,2.7318984275782277,2.7472330586910725,2.8856992374383346,3.2500233825110696,3.7510276980219346,2.922415655943049,5.33694648831824,6.458986528483686,6.202533335038871,5.887028304365123,6.515358948618285,5.119316360753123,5.285622762754377,3.847641404405119,2.294740705593617,2.790260810730912,3.629249835480145,3.2402504537709524,4.271926375054008,4.432437144058303,4.057189951275834,4.361506622096748,6.0382506297271465,5.6882830965075435,5.169439498229329,4.2704437330489515,2.519309687544848,3.7616267736247284,5.26851587826009,2.707279662229871,2.574248732441141,2.8111142794690207,3.409048778566074,3.5438433842009007,3.5173264833880453,3.479503611830753,2.68472927631624,4.460901952150257,3.046989872083616,3.190946337817011,3.4000691888350114,4.280796727999526,4.301253591065246,4.002615315645615,2.8614187350560396,3.811621224745027,5.594685021339606,5.928889610946325,3.239493387063811,3.4444396583250447,3.786331547199452,3.813795954948856,3.756531431594622,3.3033633111218044,2.8254454950499803,3.1421233121020005,6.9335462001270605,3.4195139099709055,3.6563702442051222,4.613094398644848,2.677623211512313,6.375811689204207,2.862411123341638,3.3386464001285647,2.4076250641611696,2.998048794241821,3.7614549661119936
2017,4.975330009162037,4.530147713458239,3.3440687879598854,3.653731439565691,3.3915154600798325,2.9575667604826887,3.001852168379043,3.682445514134777,3.0947532595209593,3.2553683693701245,4.296936793495259,3.641078889812856,3.860434059831685,3.996511124086877,2.567309055427389,2.5606332263613094,2.82929084607271,3.313229232403109,2.9589597214856074,2.637569242487309,3.171345483490397,2.847188900777995,4.123126418487533,4.220915423898488,2.8840709572533743,2.8235682727702427,5.940034541030577,4.2856564165927375,4.529165018631575,4.47466804026922,5.434385224794701,6.78903723074555,4.546180407854528,5.373897717701383,4.4771485641106565,5.322197583935748,3.0667503453480967,3.2133161485524,2.937218499189218,4.31886733817911,4.602084155558726,4.065381390301472,4.143206613432854,4.13412873495634,3.477409250693977,3.0224723994575133,2.9183888461515863,3.1950240757839365,2.807688911836091,3.2462518056340404,3.1334686797658753,3.0903520762325165,3.1916543096141443,3.092691489910486,4.785079669706396,4.80684999160683,4.73573933053008,5.392864176328988,5.475396063345896,5.575999393896331,4.688683433611583,4.515459505760056,4.141470105361237,3.7378839202520453,3.5313589675751875,3.9701869921679847,3.2822140910954376,3.324970960416305,3.3858402641567467,3.3606203793542875,3.2352985397706813,3.0642090825468697,3.4661331703119203,2.4562039087699605,2.960137517659456,2.555054850983273,2.60031600824894,2.451418087921968,2.8043182602802044,2.8481500701030096,3.016160610700125,3.4300094429048302,3.9132064951009675,3.053389689305646,5.483502576162175,6.745529294603654,6.221171989481062,6.226767692453486,6.689292984299195,5.322521173829145,5.467206980066557,3.998119794034008,2.368822711494534,2.8662470794031383,3.8318736156646924,3.4090394905381776,4.405382411806969,4.594423719829667,4.2361046405705585,4.510098623741167,6.308423015164054,5.908607666135543,5.342069369656622,4.508420122741783,2.650629635955217,3.988632084535297,5.433882772939451,2.8152727333604393,2.6674140216767843,2.9625802127265084,3.6856883094312627,3.8541897970398646,3.604537791434127,3.622622032759981,2.7610645580494904,4.807467408904684,3.2851917873725056,3.3960840592663453,3.6613376352286093,4.621188498993272,4.570978747331437,4.322420755671112,3.0583237124713336,4.020310689122033,5.631668495699229,5.80554306934698,3.4300660803718594,3.567192681561751,4.0837376578011755,4.039943754783463,3.877825909737858,3.430483144574834,2.9295493391030547,3.1899517736013148,7.101034650524015,3.6075470084194237,3.87651479226866,5.01877766953551,2.79401189519742,6.4439862673470305,2.9391867626440753,3.4749392375376726,2.4213627040346135,3.1418523847287414,3.9197912535275186
2018,5.018914100648487,4.65647761986575,3.533042307775156,3.8453589662587624,3.5448339659564354,3.1585607659218145,3.153862110119647,3.843253821737947,3.2538822348563063,3.3908630003222857,4.450723071243737,3.808013576732407,3.99582978712409,4.149773195675166,2.6550437651609653,2.6693583988230873,2.8778166311668953,3.4212543950627503,3.0637777889488467,2.6958005872427466,3.3088974156649504,2.961906420315451,4.26430824257847,4.306770943614521,3.0596447747224675,2.916447968703536,6.082762363181098,4.4636571875470095,4.651624560946922,4.530325889927615,5.447522210515466,6.787222781373888,4.653648931460365,5.46015350592304,4.607401888757685,5.54239222948785,3.1461213416103733,3.2497927189760683,3.0017450888200203,4.449307282026231,4.688656825640915,4.2404979781085865,4.306444706114809,4.272086926103856,3.6587211369580808,3.243669752837416,3.0456152223291655,3.460969899547579,2.906400492166566,3.4168799757972597,3.2349704611499184,3.1846727714348235,3.32323116236318,3.2304389593678713,4.939365932002549,4.961330647617274,4.910461145306477,5.522688752958424,5.463139106781261,5.540932095479335,4.713696750947893,4.7499481472527725,4.276564684767276,3.9706483593083233,3.7075443685448866,4.129268075690258,3.390195569005453,3.4545297290588874,3.5305927188789994,3.528702883746837,3.3992494452907938,3.2195926429709676,3.638218979558879,2.5061540810387726,3.0270283052130975,2.580242198396567,2.578960726344123,2.4797685704753514,2.9019856354005285,2.9533673658645125,3.1197941281656845,3.5774264185998548,4.074336548423559,3.2138381800094487,5.42743459874265,6.752143163026687,6.053973406712542,6.359456943234676,6.577537328420216,5.408191394857628,5.447918504071829,4.178085963504012,2.4291824898795062,2.925401166233341,4.012887223323353,3.596281930266023,4.445658652947696,4.6054329565609615,4.263594298774916,4.522012390241477,6.175794425981278,5.780756302176996,5.330920444017798,4.5349897535378885,2.7117678017932554,4.147167088166954,5.378075969735923,2.9124586744612837,2.7667727142340404,3.0756237728865528,3.942604463314799,4.098453087648376,3.716182533393005,3.7945877850977205,2.865262911125361,4.932969709322485,3.478882031061351,3.5981368049897875,3.911973689178751,4.759312630958169,4.689589563562544,4.450938452112921,3.23743033884226,4.195808564784963,5.349879730283307,5.6850485085215805,3.699200183500465,3.6685470453815965,4.229567561264321,4.190901689558705,4.0233056195266,3.6162289666386394,3.0397584083274443,3.344401006378544,7.004103820609539,3.6943928644151027,3.9930351330454426,5.253114151404293,2.903048100227796,6.299156398261224,3.053294305598011,3.6223552862402446,2.4102525097988416,3.2916880289119765,4.0442701721794405
2019,4.989538083751517,4.595247558034912,3.669750344587817,3.896695223641752,3.6479830078335245,3.252166610576169,3.2853884499692154,3.893786468512438,3.415477134444974,3.5002818576504877,4.515528003111276,3.8794613754780785,4.000435764950197,4.191197403912998,2.7544997005105323,2.734479709680171,2.9361140325880832,3.4829583949857295,3.130642574333722,2.7817212801618574,3.4173051729304706,3.0554204801555405,4.352517874801522,4.329553854616767,3.1985942975011206,3.043170545002393,6.001490974917385,4.504606962744416,4.666860474755238,4.488577289590987,5.394236818012196,6.793422532875588,4.6672697238358385,5.449204505219689,4.645203563685441,5.64304542146811,3.1948198757707584,3.325923773688113,3.027064191492585,4.45451338453326,4.683146436345872,4.347764778973584,4.368042302054139,4.299601317974033,3.7659152854934748,3.397219904990392,3.2211120607399337,3.653104501442185,3.0495816271356206,3.5076968344452206,3.3373142494064885,3.2723719639852424,3.430209561489384,3.356316031953839,4.946054893925983,5.045782803904441,4.939026318707216,5.505926560311654,5.3977042539640845,5.491752767491819,4.677257649417709,4.835554855031321,4.3138801578477,4.09798196398035,3.8337363124643855,4.179842676074251,3.483713045672425,3.5338705540117856,3.655568137787473,3.663506840837937,3.50610359023474,3.329002174614391,3.777950347263904,2.509016685629515,3.073437340055959,2.6083066583683974,2.627822878305805,2.500420448970651,3.0131808000039135,3.0428949696254612,3.226732091586712,3.6750100403199863,4.1372687050603725,3.3757480262080644,5.30999317784122,6.749380399374989,5.86068793904274,6.310805154134059,6.451087254183504,5.295486711206335,5.356012621328485,4.290530309167165,2.473228473508428,2.99193578260872,4.087901425302585,3.6711441293986153,4.3858472830486575,4.565405036197951,4.200017937758345,4.4377511773825935,5.960821654333681,5.657085619575261,5.280429558228164,4.441818378298231,2.791357468094763,4.213084459995825,5.324009432211117,3.032701056441796,2.857914563191952,3.1388463596810854,4.098887479079973,4.161428157860116,3.877075843110695,3.9590375011416383,2.9674537711131213,4.816346321396729,3.6469590760932706,3.75919740044632,4.113682883381542,4.786620733330734,4.657829341945787,4.446621588649811,3.3729994397162733,4.2780695605382855,5.286905569674154,5.5742178562338145,3.737336259444842,3.7313699517352372,4.2821464442010555,4.211928876995585,4.167619764892562,3.713188619131415,3.129236466060322,3.4627256907854203,6.964078753302454,3.6894636246217174,4.034282457545335,5.350225074896793,3.002187576718304,6.306550602561698,3.1164523043646972,3.7064449754282687,2.4522922984769573,3.401433342589915,4.192996281987049
2020,5.034521521355148,4.607605589416118,3.7596072051187224,3.993902188466551,3.6837343196643295,3.3682091912375034,3.311353224303564,3.933185148311936,3.5111801136995258,3.5436374909888526,4.57800187651188,3.9498213241138638,3.9629328315377155,4.227737028740125,2.672785265187894,2.828773326724355,2.9345154009596586,3.5208556189209768,3.2008528611410156,2.7717540823896356,3.500599682732658,3.0402993283103115,4.398538362464922,4.322150295601922,3.236699165203316,3.115519688662475,6.160511403594411,4.541854700194793,4.691348872499143,4.558039872807765,5.444779647603549,6.888934538730849,4.782890770479049,5.4599789351969905,4.6945357149378,5.757410803195516,3.263866111990417,3.3269405053923173,3.0265899018936984,4.465787368204797,4.715521289718978,4.415454266575331,4.377021127454925,4.2779317297962995,3.8925809736190713,3.5081250373502506,3.3550193443908407,3.7657861498739824,3.062989582206728,3.600397456054819,3.397893030493897,3.3071615690404945,3.4062205620391426,3.393267018053972,4.974371123925821,5.068469549929501,4.875850193731861,5.529059512688807,5.449060715122502,5.5799326548355515,4.704737242465487,4.922738167631085,4.334021182679761,4.102921813787718,3.899619273839118,4.188929809349237,3.501765560878451,3.587145046349628,3.705480532394438,3.707678683548795,3.5652249444064195,3.4174763202688556,3.940090508033871,2.594500463875927,3.078552910652035,2.651461886751101,2.649134665149605,2.4703263135117206,3.0496174200766024,3.0658051994458515,3.2539335430302563,3.7151219522909287,4.184753434748657,3.331343774291059,5.447145283634111,6.788919206509851,6.0445273732441995,6.442311560185155,6.559758679303616,5.223244514655385,5.511196798469279,4.348548783678037,2.4723885641377605,3.007366621981467,4.146511314664274,3.7013027793136306,4.390983399487707,4.532846830042288,4.238839936968781,4.41261977625045,6.24476873739385,5.621586992675227,5.283639045127004,4.489190175966373,2.798910884230492,4.2758523354804625,5.315733775611321,3.1281710497866877,2.9396257313082725,3.217018082135978,4.104256082050276,4.164939664375127,3.8494034372381916,4.137303609184602,3.0265112314280844,4.923174897629089,3.723255583526903,3.8428179944605714,4.153617662810283,4.840076741016749,4.6640348237140845,4.397389569043473,3.4857253437035713,4.327912151166471,5.228434527105633,5.731370773621909,3.7845620127584763,3.771183892837679,4.334757858186813,4.213418140065152,4.260266326718266,3.7846395353188633,3.2516180557170347,3.5891536924157124,7.0102010896823765,3.7495995837029223,4.045566255034376,5.32018952427494,3.0083865157400305,6.487583739141035,3.2586313737906223,3.749368279144157,2.5166973806105104,3.5033784504943752,4.228226798089454
