"","Date","East of England","West Midlands (England)","South West (England)","North West (England)","Yorkshire and The Humber","South East (England)","London","North East (England)","Wales","East Midlands (England)"
"1",1995-02-01,1.01658471505158,1.00897411358968,1.01199567345515,1.01393550027304,1.00829463147494,1.00239959961443,1.00526552325508,0.989544422455498,0.989504173262872,0.994265339832727
"2",1995-03-01,1.01834282497673,1.00518963702202,1.00869817875637,1.01555100562827,1.00901475996264,1.00365898362207,1.01895000056292,1.00207931159216,0.995814195505601,0.99840899696261
"3",1995-04-01,1.01377899128401,0.994191645999406,1.00851866972494,1.01165690819609,1.01121507487987,1.0046202527568,1.0166727136695,1.00419219552564,0.989294319419308,0.999399319458725
"4",1995-05-01,1.01856464627573,1.00351059666415,1.00914788597892,1.01582590840732,1.00197512465494,1.00507174587653,1.02289684546193,1.00481314403225,0.999080501894391,0.998174226127347
"5",1995-06-01,1.01734878830757,1.01285139508392,1.01905515258838,1.01296859914065,1.00729492297468,1.01415599356459,1.03162213952607,0.999914934548793,0.997706452431474,1.00832974879619
"6",1995-07-01,1.01553370078778,1.00110888780114,1.00341144483866,0.999414721408791,1.0031782455606,1.00469688343466,1.02637885282619,0.992662129200398,0.987215808550276,0.99745905068985
"7",1995-08-01,1.01360855237507,0.995061786813936,1.00742920994545,1.00192294148043,0.996235998851114,1.00863573540342,1.02788919623947,0.988632608724967,0.990572130114868,0.990118836861649
"8",1995-09-01,1.01456674304228,0.995644910935855,1.00967969704767,1.00503753020934,1.00214629816277,1.00839807658033,1.02799808978148,0.992543800511425,0.99777592731233,1.00368456051129
"9",1995-10-01,1.01055941092396,1.00702907873968,1.00298746399231,0.994748107016506,1.00228591608494,1.00918053477851,1.03782197276644,0.994401807693122,0.979286288000599,0.990694241194425
"10",1995-11-01,1.02235051534068,1.0057968193373,1.00578399225956,1.00289502705849,1.00323221563155,1.01306113634157,1.03356057857001,0.994495023008338,1.00014564861115,0.997731521088412
"11",1995-12-01,1.02395892125068,1.01226194967535,1.01539609088426,1.00836691286228,1.00558791016064,1.01886985550722,1.04598315976528,1.00561300860952,0.991433160539024,0.998893472742059
"12",1996-01-01,1.00998466119656,0.995640803321001,1.01002266909016,0.992553231761512,0.989342824152072,1.01354874064257,1.04616306726221,0.991215869622679,0.989414890235945,0.9952759378549
"13",1996-02-01,1.01119330255146,1.00532939213572,1.01562184540815,1.0113948058205,0.99502680247695,1.02016049239582,1.0528832412093,0.983357018867761,0.990495597100082,0.990616463130024
"14",1996-03-01,1.01807938741564,0.999366728879349,1.01428280273199,1.00462687733074,0.997529732224597,1.02733259687503,1.05174677411827,0.990960309088146,0.990180293807863,1.00350233247242
"15",1996-04-01,1.01780048570581,1.00612838524614,1.01981715531305,0.993495919804233,0.999897604394874,1.02536372227273,1.06553478267759,0.996068613043089,0.998668374422101,0.996477059504019
"16",1996-05-01,1.02404795248561,1.00746791479735,1.02661377197225,0.999725204503893,0.995263563452312,1.02998870065217,1.06339125038007,1.00110784479732,0.996946449683485,1.00216696073369
"17",1996-06-01,1.03603610494167,1.0139198286349,1.03445333915844,1.01355188940178,1.00377047632044,1.03958932942485,1.07938349164706,1.01684041317901,1.00472318479126,1.01025449254765
"18",1996-07-01,1.03242185126615,1.00803473221578,1.03212660485778,0.995692598266431,0.994287253265439,1.04315562459234,1.07647094502272,0.993440179993197,1.00866947244003,1.00200049951882
"19",1996-08-01,1.04148658913765,1.01176529865693,1.03784614811381,0.999677777940973,0.991618328537955,1.04763357919641,1.08779576571121,0.996613345041435,1.00756564233381,1.01504921035317
"20",1996-09-01,1.04519559810649,1.02504779826663,1.04568639963795,1.00859489074516,1.00240318605109,1.05896162493251,1.09948194630769,1.00182662638264,1.01385395259491,1.01927086089641
"21",1996-10-01,1.0476052573189,1.02656575326477,1.04957760729985,1.01083156100984,1.0079830700598,1.06621127097979,1.10093381882375,1.00825663218632,1.01654120632517,1.02004188754862
"22",1996-11-01,1.0660154146502,1.03385159565198,1.056815818032,1.01148346493438,1.00539869572294,1.07301896504616,1.11706550215501,1.00753726986725,1.01788967073093,1.02313710230925
"23",1996-12-01,1.07227875222855,1.03696415677575,1.06600542771709,1.02113366207511,1.01854161531567,1.08553920460004,1.12712017754613,1.0109081767982,1.01884215575911,1.0322500950318
"24",1997-01-01,1.07439452940485,1.0391177160033,1.06763574821761,1.009996851397,1.00123586320996,1.09362351629749,1.1353353173644,1.00000471744251,1.02127243405021,1.02999347100316
"25",1997-02-01,1.07655006407801,1.03929881190776,1.079487004595,1.02143115281501,1.00993217717536,1.10173456999384,1.14856756041968,1.00626890665164,1.02569771828718,1.03599707748756
"26",1997-03-01,1.0918934906596,1.05579070533973,1.08610503946148,1.02962889132465,1.02158213047575,1.11564632016594,1.16693832910742,1.02046553015271,1.03250177062781,1.04993741550264
"27",1997-04-01,1.09993826975144,1.05518924587144,1.09362115569943,1.03115417167202,1.01820143003354,1.12493039769303,1.1780247372265,1.01824785512251,1.03713359450297,1.05146491978269
"28",1997-05-01,1.11123724170979,1.06689453478076,1.10647085716981,1.03511923669469,1.02083291495816,1.14094201551665,1.20101157038175,1.02530553159053,1.04213034923748,1.06076353604286
"29",1997-06-01,1.12736474952355,1.07756317058059,1.11853377472316,1.0423974624777,1.02390147692389,1.15618506129623,1.21941872034052,1.02740898576322,1.05815501357328,1.07291085278634
"30",1997-07-01,1.13441835435733,1.07606763825781,1.12461555595288,1.03651811134836,1.02272562127101,1.16921867793245,1.23614767415413,1.02618155794214,1.04977030710968,1.06680209882697
"31",1997-08-01,1.14714796503827,1.08920483894226,1.13875219546397,1.04248394186265,1.02696743179783,1.18875176678469,1.2455374179036,1.03641638401623,1.05566950764708,1.07821460441329
"32",1997-09-01,1.15731662407519,1.09695106405038,1.14488033288618,1.05225649012242,1.03720784340421,1.19923479946792,1.26590313879911,1.04114111882461,1.07004641225436,1.08608187244534
"33",1997-10-01,1.16834102098318,1.10023771820396,1.1538706779408,1.05126103941426,1.04549218820099,1.21481992920307,1.27518455362016,1.04537304820839,1.07246037132853,1.08657410455442
"34",1997-11-01,1.17621799647471,1.10860128670552,1.16550480559716,1.05750594970032,1.05157615544876,1.2226874686127,1.28597512208063,1.048056964608,1.06811658460544,1.09948664177659
"35",1997-12-01,1.19101997630779,1.11438831935233,1.1725964454503,1.06405085395403,1.05506582256537,1.23642211905387,1.30896966223607,1.0556586417088,1.08354085590855,1.10126143156379
"36",1998-01-01,1.19313216785692,1.11165108327046,1.17652459842305,1.06825280602494,1.04408664620004,1.24150707114798,1.30566807270147,1.05162448867839,1.07968725381396,1.10010137106945
"37",1998-02-01,1.20320762514914,1.12490868400669,1.18553101268621,1.07559648507758,1.05535866418471,1.25148638314782,1.31469688142163,1.06420593974864,1.0797625191589,1.10803613051366
"38",1998-03-01,1.20526099120653,1.1249857653661,1.19542860164996,1.07748254557106,1.06243686527084,1.26133275518204,1.33741449520388,1.06032515144048,1.09185609256127,1.11290228748995
"39",1998-04-01,1.21955951868896,1.13037679396695,1.20605569790223,1.08151361287042,1.06080665792543,1.27576802147723,1.3470387147913,1.06144637582008,1.09376823282098,1.1227338558874
"40",1998-05-01,1.23051908533429,1.13941290812651,1.21347645154689,1.08121924975148,1.06837536685339,1.29002715921552,1.36869012028036,1.06726980679796,1.10322186696533,1.13026440360535
"41",1998-06-01,1.24564155746743,1.14912785686768,1.22674395780858,1.09598748990571,1.07247643470438,1.30131629411842,1.38159446607659,1.07336391766144,1.10775741694355,1.13184108222972
"42",1998-07-01,1.25174919423296,1.15383125753549,1.23322535939869,1.09026043601482,1.07563476613197,1.30861628639428,1.39061945373251,1.06934315207536,1.11121081263884,1.141059792782
"43",1998-08-01,1.26153712507531,1.16173700817464,1.24662403018558,1.09227104439231,1.07582337799414,1.32017932054944,1.40722345738803,1.07037264618182,1.109897279442,1.14444153170959
"44",1998-09-01,1.27083046250691,1.1634726643861,1.25086223843059,1.09856632615443,1.08860170763361,1.32690141793843,1.41038233868205,1.07979651241105,1.11625733575948,1.15434673797337
"45",1998-10-01,1.27354020771847,1.17342474300331,1.2581534631919,1.10678068529737,1.08373303182412,1.33061255621813,1.41827898887072,1.09277920890395,1.1261343503761,1.15837474843833
"46",1998-11-01,1.27929889809249,1.17359896500984,1.26135346791003,1.11075287677393,1.08898113344543,1.34297844438358,1.41761968854052,1.09268902218823,1.13213221924461,1.16488928575348
"47",1998-12-01,1.29573632438162,1.18361335545473,1.2731643583881,1.11447977589344,1.09332909837886,1.35182088542443,1.43288951883386,1.10000168587824,1.13683929318288,1.17191569500782
"48",1999-01-01,1.29120560140987,1.17903271086557,1.27211762793502,1.11554995148896,1.08677586760131,1.34395397133878,1.42709040895252,1.09101208308622,1.13510953018363,1.16635311399756
"49",1999-02-01,1.29121062953344,1.19407970998254,1.27529032810149,1.12356125714467,1.09092809145143,1.35469023545267,1.44005818357526,1.08819812304162,1.13308625553517,1.17324510459098
"50",1999-03-01,1.30515351818918,1.1954463039805,1.28817956310963,1.12539418836406,1.10065598038556,1.36327481316192,1.45559837596358,1.096622647924,1.13826470509409,1.18382017187959
"51",1999-04-01,1.31635708201326,1.2056819460244,1.30147206235376,1.13450970869982,1.10577826210225,1.38041218062057,1.46936494082561,1.10892091477344,1.15438838970825,1.19169926490271
"52",1999-05-01,1.3313906915678,1.21273431684712,1.31613224516088,1.14360759840904,1.10993294984875,1.39607623329011,1.49502593433348,1.11027332687416,1.15702875078517,1.20395641799735
"53",1999-06-01,1.34845764859365,1.22444391628299,1.3330684391843,1.1483489879097,1.11738791882865,1.4163348640743,1.52713598372571,1.11498592151116,1.15826478765879,1.21109179234528
"54",1999-07-01,1.36025882073391,1.23381669119467,1.34837105148701,1.15306617474915,1.11576468588979,1.43524557663652,1.54682879720106,1.11777803840712,1.16628854541148,1.21758839358533
"55",1999-08-01,1.37876810507681,1.24818750155499,1.36964795578855,1.16776838484634,1.1309263271628,1.45964253967726,1.57852500862129,1.12450687760765,1.18464328925732,1.22778159702269
"56",1999-09-01,1.40242413598315,1.25218541515816,1.39111866205308,1.17049283714843,1.13628602886177,1.48265420019413,1.60430240657868,1.13331199948113,1.18563995824293,1.24073320429387
"57",1999-10-01,1.42175079147448,1.27149514663875,1.41394563287362,1.17893072526963,1.14640251652966,1.50864241904711,1.63496034629477,1.1319696869347,1.20002927528759,1.24514125924134
"58",1999-11-01,1.43991240193966,1.28173564162664,1.43524389808199,1.18442148180533,1.14786871699908,1.53506657686915,1.66823483282197,1.14149729749713,1.20769616488306,1.26230695240547
"59",1999-12-01,1.46684839481161,1.29685821829293,1.4539582107026,1.20082125535715,1.16557001208354,1.56467285075226,1.69479719714834,1.15218629821693,1.2185230410401,1.27796609106639
"60",2000-01-01,1.48282091045243,1.3015399183306,1.46158514148864,1.19855499664042,1.15723364271848,1.57478330979633,1.7082214712826,1.15362035732164,1.22734160198187,1.27281125218753
"61",2000-02-01,1.49776773076203,1.31018662444205,1.47602661420931,1.21266988775109,1.15983824899835,1.59639702252433,1.73435067466882,1.15304637225464,1.22208635077122,1.2904401127747
"62",2000-03-01,1.52317539424689,1.32261557084859,1.50925190150468,1.22403859687307,1.17901888756167,1.62627349015462,1.76794431252321,1.1646654491659,1.23593654451974,1.30691718907738
"63",2000-04-01,1.54820603370672,1.33721511969024,1.53568344842152,1.22945655002153,1.18960038628645,1.65715500525022,1.81170452555419,1.16570913472115,1.25229745687056,1.3143861203235
"64",2000-05-01,1.57224992219479,1.34992888500998,1.56371277987949,1.2378705056518,1.19352590647393,1.67791240038122,1.8341124986369,1.17697320033416,1.25665681527369,1.33309687047293
"65",2000-06-01,1.59689927892422,1.37353805650768,1.58172404318684,1.25220607674151,1.20607252381443,1.71623972846463,1.86859526144477,1.17507912197077,1.27434238439398,1.35041607536744
"66",2000-07-01,1.6188033973886,1.37851296314465,1.5951088252076,1.25507004268481,1.21557008922825,1.72397247717641,1.87597295202309,1.18257129781739,1.27472215299776,1.35983247836344
"67",2000-08-01,1.6306303964474,1.39775774287856,1.61242384638235,1.26984258105728,1.23112741369548,1.74313171715621,1.89000989957878,1.2013999058737,1.2809113105884,1.3729914341411
"68",2000-09-01,1.64362470487032,1.39679355614537,1.6158824787111,1.27050310724051,1.23273792543647,1.74763321525316,1.88691454523449,1.1927649546309,1.29610834927643,1.38968078665339
"69",2000-10-01,1.64341500777036,1.4091036226036,1.62826925450118,1.28639535650821,1.23771905156158,1.75166231732728,1.89122928830059,1.20101473337337,1.29780544536026,1.38467662603703
"70",2000-11-01,1.65352723455702,1.42056153199608,1.63314079464722,1.2817745526739,1.2379827675829,1.75400553481853,1.89624327215379,1.20942413462722,1.30583983089802,1.3927281702356
"71",2000-12-01,1.67658991680437,1.43596890263646,1.64064835428776,1.30662632680215,1.24797780026256,1.77476451988939,1.91813166131614,1.21472860394675,1.31137302011279,1.42297389838441
"72",2001-01-01,1.66516764961211,1.42647608058094,1.64227501537656,1.29453539239863,1.24718130231914,1.76883163833621,1.9257052461895,1.21055761999578,1.30868505503491,1.40420746132428
"73",2001-02-01,1.67496547285321,1.44736091594763,1.65747497996796,1.30401265113765,1.24380960850163,1.78576402598264,1.92372329237245,1.22743944171907,1.31779392936676,1.41582872274118
"74",2001-03-01,1.6973937643693,1.45604881728155,1.67250330706456,1.31389979780371,1.25544016892116,1.80223725856082,1.95371718480936,1.23570411198544,1.31817064006423,1.43747909801811
"75",2001-04-01,1.71908957414761,1.47304958848529,1.69989166694414,1.32741817593328,1.27883733092503,1.82603676067913,1.97573031610706,1.22495724524336,1.33472609378285,1.4601942034371
"76",2001-05-01,1.74281378935647,1.49491488178484,1.72175788136942,1.34400061669555,1.28929624790824,1.84790325675478,2.00839804713,1.24766121274661,1.34790268881463,1.46915314277197
"77",2001-06-01,1.76847043082191,1.50648393375389,1.75422767701575,1.35429840811919,1.30596307232628,1.87884027219199,2.03972733481278,1.26832438502096,1.37636378999285,1.49543067534415
"78",2001-07-01,1.78592576622233,1.51257368005377,1.76805543198667,1.36282059283021,1.31771776321935,1.89454908903714,2.06169356338278,1.27355172227735,1.38740310520846,1.50059743900208
"79",2001-08-01,1.81724901880054,1.53898441512154,1.80197658946724,1.3788758246674,1.3301007861569,1.92175322848294,2.0851413047559,1.28228781092435,1.39186124902859,1.52710107578608
"80",2001-09-01,1.84112935290256,1.55157121592517,1.82574685458252,1.38261089743697,1.34753026210685,1.93636236874732,2.11658807516357,1.28968379795274,1.4130681060466,1.54244964711765
"81",2001-10-01,1.85754716075609,1.5654029944538,1.83887964681743,1.39848635767886,1.35747223308381,1.95965171485206,2.12537883593264,1.29228146400538,1.41085807297039,1.55746318935893
"82",2001-11-01,1.8800271154066,1.58298728762338,1.85105343367981,1.40915446026925,1.36307274306349,1.97581198845898,2.14452847065514,1.31033284708134,1.42619116354527,1.57237380018634
"83",2001-12-01,1.91519823995895,1.59978262545218,1.87612367262556,1.43146460013167,1.39371713216326,1.9997097393363,2.17587515618117,1.33219142754964,1.44202748095858,1.60545639769037
"84",2002-01-01,1.90297928799885,1.59437204841736,1.8834693045522,1.43114343715439,1.38828864927231,1.99802859460078,2.16379000322326,1.32467161150193,1.43769700086896,1.58927242639925
"85",2002-02-01,1.92361684499249,1.61024437068369,1.90030588441519,1.44194106133177,1.39555710207587,2.01061019884813,2.18036183947808,1.34582273956518,1.4589654154422,1.61809455804117
"86",2002-03-01,1.95821508480521,1.63322240221599,1.94094781006653,1.45971541741612,1.42289528497885,2.04246422069861,2.20795340009937,1.3587028408864,1.47878992721476,1.65864771838461
"87",2002-04-01,1.99510634818003,1.67004755805392,1.96677553691958,1.47836193073061,1.44388345121868,2.07208093439474,2.24564725785683,1.38269982847553,1.49569139310687,1.68585915954057
"88",2002-05-01,2.03256852637473,1.69775286329404,2.01474760730351,1.52131125943932,1.48506820723489,2.11345238035751,2.28318250758651,1.42694753394768,1.52906953617117,1.72360778259178
"89",2002-06-01,2.08854787796844,1.75065919140175,2.07370603622066,1.55054398782072,1.53489346773744,2.16134237183582,2.3406280752249,1.45837305422185,1.58295571403827,1.77865693481758
"90",2002-07-01,2.13104011465126,1.77553544439603,2.11225073563542,1.56473827561442,1.55226229381896,2.19318069611862,2.36575475077873,1.47581925245593,1.59692271714473,1.80983089455445
"91",2002-08-01,2.1767331231826,1.81413084526268,2.17492744719364,1.596842238944,1.5897131290826,2.23891935506048,2.41479731989997,1.50566233856316,1.65334891352231,1.85918732915523
"92",2002-09-01,2.21893021390283,1.85068598600117,2.21739457237431,1.61977558669621,1.60981087097233,2.27204098891825,2.43992133082133,1.54218401315865,1.6548327234852,1.90694942026452
"93",2002-10-01,2.25584895027243,1.88045213954308,2.25066905789049,1.64015149406716,1.62929368539399,2.30544444765289,2.47088047310433,1.56705769945673,1.6790290801928,1.93016795660415
"94",2002-11-01,2.29100056380527,1.92216293781641,2.29015393946977,1.66352717791104,1.67300695389504,2.34131064647653,2.50234789487012,1.61131381246476,1.7182427622385,1.98053271649005
"95",2002-12-01,2.33755783219174,1.95457215996447,2.32592950427484,1.70717905675708,1.71451009916514,2.38017899817327,2.53730479888871,1.64181585282238,1.75144788421587,2.01558305697067
"96",2003-01-01,2.34803665721264,1.9670744397055,2.33552026747514,1.70075282642132,1.71212261086235,2.38777515643379,2.54446772918443,1.63670923766991,1.75221008491547,2.02653831768391
"97",2003-02-01,2.37689351860459,1.98864524666168,2.3599764642786,1.73507096965186,1.73649467180344,2.41140189718742,2.56520918898132,1.64607580815546,1.79059826262988,2.06408778688745
"98",2003-03-01,2.40167156827166,2.0207409574161,2.37792959827923,1.74339189259649,1.76650316167015,2.42957008209455,2.57580347014129,1.70327125448828,1.80690660479173,2.07923393753026
"99",2003-04-01,2.40489617455863,2.04143732611518,2.40465687092052,1.78720902741844,1.79986082299821,2.44686866994557,2.58480145776016,1.74571886248237,1.84567578742278,2.12047496024059
"100",2003-05-01,2.43467291355949,2.06654470045059,2.42685741892972,1.8120650377162,1.84087864388858,2.46135145761539,2.61327825032202,1.79781154826684,1.87616810111513,2.15296406092663
"101",2003-06-01,2.45609143205788,2.11312384542219,2.45927554130515,1.85736926182902,1.88514329912079,2.48783204246597,2.60436898513825,1.83376630669665,1.9214945923508,2.19131744448897
"102",2003-07-01,2.45723984778185,2.12195784439524,2.45657990981403,1.86966838311343,1.90162158157858,2.483372850071,2.60706326993203,1.85727319554936,1.94083443135506,2.20449918878721
"103",2003-08-01,2.46536362652706,2.15226844032053,2.47098390158359,1.91397230357377,1.93250582168309,2.48902044939999,2.61115759999849,1.91033465470009,1.97827832832929,2.24116154636079
"104",2003-09-01,2.4844355958449,2.16670586857232,2.489240562857,1.94168825034608,1.94993204480867,2.50006484005182,2.62282815881374,1.91368816354481,2.00007124344581,2.25428959152217
"105",2003-10-01,2.49579683925802,2.20153620070738,2.50979943772285,1.95899921858841,1.98599876955649,2.51513046627449,2.6392898812138,1.95227013968907,2.0184866743565,2.26998768795006
"106",2003-11-01,2.53419913042343,2.22402252928356,2.53551615487222,1.99488932908999,2.01769288835526,2.54221494971575,2.66522224791752,1.98601927930641,2.07966518842306,2.30043288005206
"107",2003-12-01,2.55853039124331,2.27415224678313,2.57266602916895,2.04173396087177,2.05822649928252,2.56724450888411,2.68351860224525,2.04188601270254,2.12568330632143,2.3299811614615
"108",2004-01-01,2.56038383936137,2.25509773224607,2.58118845578197,2.04489060467157,2.06164960456773,2.57638061342378,2.69004668562662,2.03069229933173,2.15140642179906,2.32480104120031
"109",2004-02-01,2.57493064930707,2.28624426720714,2.61109210037849,2.06429081080576,2.08666698518849,2.59922210687512,2.71001637081881,2.04920495082828,2.162730866402,2.35947614892297
"110",2004-03-01,2.60760882347406,2.30809938289113,2.61934174120458,2.09496732729151,2.13216536724012,2.61375810186021,2.73008850341321,2.09795706462552,2.18703254215972,2.38861146783823
"111",2004-04-01,2.63287223045471,2.3520177546081,2.66927000208975,2.17013579720505,2.19097044847199,2.64648919047391,2.75187169666386,2.1724400976766,2.25991307946484,2.43226129811738
"112",2004-05-01,2.67590087509044,2.38949859643302,2.72383476738024,2.22916733760427,2.2412214631988,2.6729336730346,2.797219562026,2.236286018229,2.30329137459633,2.47328799007428
"113",2004-06-01,2.71260728767493,2.44373222095485,2.75319112516714,2.27870687019505,2.28242792908832,2.71016460629134,2.82401190869007,2.28509602607183,2.3860042545281,2.51976237702056
"114",2004-07-01,2.73545950568664,2.46572818745252,2.78025677656234,2.31115530547577,2.3240272190597,2.7212426057009,2.84393815274853,2.32585121525416,2.4193164001212,2.5538559285105
"115",2004-08-01,2.76448828391348,2.49987724132465,2.81261348839967,2.34744289935048,2.35031627421417,2.75350883472363,2.87075271227693,2.3719112045273,2.46183747315266,2.58957396852173
"116",2004-09-01,2.79382445176183,2.51509208285212,2.82973466790283,2.37381986630384,2.36291817879296,2.76715105547441,2.88517289163657,2.36995691334473,2.46387624455288,2.61381520995594
"117",2004-10-01,2.78844618712527,2.53222318325572,2.84657279083418,2.37787573527783,2.39189844250735,2.78186414452766,2.89019058068725,2.40986895795405,2.48484368734623,2.59858386500731
"118",2004-11-01,2.81135610502788,2.54255489145073,2.84683720318714,2.41173188079694,2.39965925255473,2.78862459868818,2.90456164054362,2.42085141716645,2.50468062624783,2.62491966333354
"119",2004-12-01,2.81922977050869,2.56472935376246,2.84571670448775,2.4084125425828,2.41527451216789,2.7916942386953,2.90845907336411,2.45825017892595,2.52681362332394,2.63715309155001
"120",2005-01-01,2.78801328357021,2.53037267947289,2.83382016060594,2.39014185458185,2.40345552636911,2.77434218883479,2.88186395511157,2.38806790392986,2.51053925051015,2.60032351157949
"121",2005-02-01,2.80043351624096,2.54344439858577,2.84092596519191,2.40128546920598,2.39817853073085,2.783372875302,2.89396658969249,2.39999406183613,2.50902375021798,2.61947784911776
"122",2005-03-01,2.80019109730731,2.56851163449377,2.84692549489143,2.43233559749068,2.44200638322541,2.78550482297845,2.89421751301762,2.41839117660326,2.52448817150602,2.61646496451695
"123",2005-04-01,2.82521940867928,2.58191543743596,2.87350476769861,2.44103658283138,2.4505021408633,2.79364093170268,2.89693233837537,2.45351597752885,2.54127452725316,2.64549099123272
"124",2005-05-01,2.84236429295124,2.59366444966131,2.88424775994492,2.47499481400564,2.48722249222543,2.81184190188425,2.91693137186334,2.46329732271517,2.55741272430797,2.6574237341924
"125",2005-06-01,2.86530203706271,2.61416515397382,2.89915040761936,2.4920688784736,2.50321062693557,2.82677646884857,2.93454021224425,2.49136746948533,2.57660492426431,2.66777809538609
"126",2005-07-01,2.85384256742785,2.61718422092284,2.90201127465599,2.48752790610121,2.4920078210176,2.82886029788368,2.94042325698324,2.49899454385635,2.60572887988184,2.67138493443056
"127",2005-08-01,2.85917522925261,2.63417424869058,2.91368400049263,2.49916982646219,2.51597286841115,2.83177491911634,2.92850988671204,2.49839410747977,2.60371611924888,2.68001477751213
"128",2005-09-01,2.87146314016959,2.63705882735023,2.92015244793126,2.49858109720619,2.51451655036356,2.82645052106919,2.9494781095,2.49753230873595,2.60037330404754,2.68106271488091
"129",2005-10-01,2.87445955595063,2.63292779391321,2.92590948042812,2.51783750028349,2.52239959903009,2.83674250736896,2.97989849952558,2.51186735361695,2.60075242652443,2.69401143460637
"130",2005-11-01,2.88265951829984,2.65011936500617,2.94903330414783,2.53362995198103,2.52830166385411,2.84883358044083,2.97465570706377,2.52033610350924,2.62024026514138,2.69566233420944
"131",2005-12-01,2.90919409265185,2.66208909589221,2.957880280246,2.55616354764958,2.54884216651176,2.86754335909474,2.98422038637667,2.54216627789799,2.62342622421539,2.70572992246426
"132",2006-01-01,2.88534627715686,2.65441115586977,2.94794968585976,2.53865499026323,2.54121602183399,2.85897173993536,2.97995141220161,2.51952949207801,2.64151087229439,2.7086643876345
"133",2006-02-01,2.91466406258493,2.67304256349227,2.9672185690804,2.56392354657781,2.55818227098875,2.87455990762061,3.0028710722019,2.53597751862925,2.61932514195389,2.72325903349045
"134",2006-03-01,2.93083165036521,2.68865940134771,2.98928752298881,2.56722024228799,2.59232845437558,2.89282209221842,3.02401447592446,2.55555617722216,2.65796270487164,2.74593568097097
"135",2006-04-01,2.94755725351625,2.7003457856692,3.01831868630167,2.59688154365172,2.61114560046379,2.91361668925127,3.0353202372843,2.57897486889922,2.67988695825805,2.76491195954015
"136",2006-05-01,2.98052186985538,2.72567693044941,3.03891329773862,2.61307972874487,2.62086245661901,2.93990763472486,3.07893339875663,2.58029081797201,2.69511352974087,2.77888589397467
"137",2006-06-01,3.01034002303172,2.74887897362671,3.08332622680026,2.64320486531613,2.64623144411121,2.96980206202758,3.11090350155885,2.62026346750454,2.72809807977833,2.80046630704834
"138",2006-07-01,3.01651211637369,2.75185911728723,3.08654140400377,2.63729466019608,2.65845202120477,2.9772282481658,3.13761939626061,2.63227231554718,2.73205883812097,2.80885933245985
"139",2006-08-01,3.03576497793481,2.76329183049718,3.10942733249112,2.66348738917938,2.66398941602102,2.99934822165436,3.1747043696616,2.60933461175945,2.75288686443708,2.82515937761716
"140",2006-09-01,3.06089076521404,2.78863534433839,3.12694537251635,2.67262309391859,2.68620759811871,3.0207686142637,3.20643239180349,2.64024332503719,2.77493741420407,2.84167322210818
"141",2006-10-01,3.08244668796459,2.791388228586,3.15020648819911,2.68986119500639,2.7082714411417,3.03698018310271,3.23003451395435,2.63932159650293,2.78589139922718,2.85296188792709
"142",2006-11-01,3.10436047775575,2.80846113945266,3.18025745124934,2.71289910317263,2.72619864486623,3.0697285253678,3.25340902767593,2.66367849586265,2.79977127283483,2.87000762268225
"143",2006-12-01,3.14209822539523,2.83855376906917,3.2048967705204,2.73960347456005,2.75724161522713,3.09877046603555,3.29974068893127,2.7158792553328,2.83374568861277,2.90565283736393
"144",2007-01-01,3.13206807674145,2.82283230403255,3.21374444329597,2.73010806452488,2.74849102889161,3.10283476764384,3.31745092056293,2.6966480020932,2.82145884413508,2.89104170490996
"145",2007-02-01,3.1465652994608,2.83939614693185,3.23603819424184,2.73648630947606,2.75904521936636,3.12888700047214,3.35498726809922,2.68071960067527,2.83228154891974,2.90257894335963
"146",2007-03-01,3.18314541679611,2.86289280040006,3.25556011121758,2.76075916485102,2.78668435249538,3.15410710700899,3.39269210502042,2.72215114953806,2.84003539845027,2.92322218591387
"147",2007-04-01,3.21294406868912,2.88039911002204,3.27647940410914,2.78388557823352,2.81394244455308,3.18245219538383,3.44688071905232,2.73875940681101,2.86389592875968,2.93978671133553
"148",2007-05-01,3.23527789259671,2.90925304318623,3.30781231598237,2.79501564112413,2.82649923159091,3.2167039678577,3.49025287106445,2.7708763952905,2.88926417607687,2.95785609501775
"149",2007-06-01,3.27797592859348,2.92161185556021,3.33938514204008,2.81822664748515,2.84834807418176,3.25360482971928,3.55756384380182,2.79068681390575,2.90419346723478,2.97279176510256
"150",2007-07-01,3.27564552421701,2.91568484402049,3.35885683046318,2.83299383326684,2.84803586193568,3.27138747049945,3.59412982868989,2.76428658918991,2.91800951772077,2.99748429752602
"151",2007-08-01,3.31280110338791,2.93217659110235,3.36387171715571,2.84830273874334,2.86704909358875,3.3012597822031,3.63824700707988,2.78413396601211,2.93591110954569,2.98936935499402
"152",2007-09-01,3.32835405599923,2.94816161090395,3.38585674170455,2.84779679226471,2.87789206577936,3.30762152739962,3.66299331507947,2.8059780147392,2.95061431377617,3.01008406871976
"153",2007-10-01,3.33839776686846,2.94360554889831,3.38930534618541,2.8571705663691,2.87350977574565,3.32047140368058,3.67044976895966,2.80870326422933,2.95491417000856,2.99578228666554
"154",2007-11-01,3.33683102973211,2.95701270737122,3.38794983447268,2.85746312625034,2.8788231304878,3.33264567990969,3.69003430614309,2.80307763758769,2.97098686089696,3.00697391504111
"155",2007-12-01,3.34480198999798,2.94449262647614,3.38515052763951,2.85553315126578,2.90658711651064,3.3402024431286,3.6935672675532,2.82125889303474,2.96914728362506,3.00143443232371
"156",2008-01-01,3.31829590308783,2.92648620402203,3.35568289708575,2.83177653645633,2.86528673249837,3.32099575080467,3.67933704601646,2.76741543203892,2.92902608950121,2.95765712575257
"157",2008-02-01,3.3130768373439,2.92256473790387,3.36431709408085,2.82351968412473,2.86292115384867,3.31025743074258,3.67857355291239,2.77300727584781,2.92717160569301,2.95592734382487
"158",2008-03-01,3.29720361035717,2.88965490519847,3.33225583773054,2.83165861335548,2.85800756432397,3.29064777870626,3.65141285016461,2.77589833895454,2.90979752809999,2.94582400451496
"159",2008-04-01,3.29430182348641,2.89386342489444,3.33795020622985,2.83962738908177,2.85861488080625,3.28661121730812,3.6685345160454,2.80472517950795,2.90942967452838,2.95215435182192
"160",2008-05-01,3.30333849335468,2.91869170057086,3.32641753132791,2.83293088289652,2.86660701861379,3.28927090806825,3.68010459855088,2.78659658763601,2.90646751389702,2.96062952163032
"161",2008-06-01,3.25775401070369,2.89707510047657,3.28875431513426,2.82696011415304,2.84383851827014,3.25910944026472,3.65972579809143,2.7777069595358,2.88845771974462,2.93400953241712
"162",2008-07-01,3.22317671744324,2.83280145377257,3.24242168631464,2.76459687325861,2.81345180056167,3.21363376695999,3.60526073071846,2.72452002618381,2.85341191534052,2.89640485565842
"163",2008-08-01,3.15264654223922,2.81465647337738,3.18497658225265,2.77002911986435,2.78500770700268,3.16038651527334,3.52071295164776,2.67565790876826,2.83035636177459,2.8352192382043
"164",2008-09-01,3.08705149087113,2.77218816617993,3.13927620340524,2.72873618367789,2.73772474761588,3.09252683647675,3.48156824620692,2.66656066091796,2.79021208118148,2.79264015133395
"165",2008-10-01,3.03146731967398,2.71580669982799,3.07237180744145,2.70002806320115,2.69157576289484,3.0326367414732,3.39923752971143,2.63484278745162,2.78895702420158,2.72567465672435
"166",2008-11-01,2.98079680602191,2.6944016874236,3.02637230775624,2.64241588598859,2.69750971485786,2.96863311882515,3.35635784310588,2.58533507366574,2.73790662254798,2.7031785084207
"167",2008-12-01,2.93054467608659,2.6387977153051,2.9795511732954,2.60687543513588,2.60535056066079,2.92187831450691,3.3269121112211,2.57754408969257,2.70528088566624,2.67744756104156
"168",2009-01-01,2.8819431554387,2.6178112175059,2.92831829965083,2.56796207285617,2.60023845892606,2.87196534374244,3.25411968037309,2.52121096554664,2.65201737410562,2.63371365858155
"169",2009-02-01,2.86421867841617,2.58467258952507,2.89248146442836,2.54216790998221,2.56537720294119,2.84303337685778,3.21860523144231,2.53602418112713,2.6053963676752,2.57876586218866
"170",2009-03-01,2.83665722200744,2.56614769032127,2.8749394575767,2.53041384717766,2.55105859396519,2.82927929207498,3.19978697348293,2.49990628213639,2.62329004777656,2.57601341494129
"171",2009-04-01,2.83745687542891,2.56559361860868,2.90296948706633,2.53452927821037,2.55645606987765,2.82708119566001,3.18784883101163,2.49699257805723,2.62259227813407,2.59114547555939
"172",2009-05-01,2.87461789525785,2.57787226426878,2.91236592288303,2.54341413437506,2.55851064446913,2.85957924184779,3.22467164592261,2.49224129511473,2.62632203330401,2.59276645159439
"173",2009-06-01,2.87470959887638,2.57901124672148,2.94433678751914,2.54738305177548,2.54905624650327,2.88638258236364,3.26035093161507,2.51387287743961,2.66159523444999,2.61712524278427
"174",2009-07-01,2.91200416294288,2.61765740116905,2.98389099412724,2.56410399457918,2.57472852266164,2.91290994570544,3.29462003225873,2.49383004260657,2.68692297594754,2.64687217334835
"175",2009-08-01,2.94703896936531,2.61551909823684,3.01682706156466,2.57407078174237,2.58202262099153,2.95265808465912,3.33028713817136,2.5240185507687,2.69770694117196,2.66053520606203
"176",2009-09-01,2.97020423095039,2.63390156515358,3.03991373707715,2.58995895270027,2.60179689671224,2.9881903095783,3.3773968847033,2.5368565378432,2.69824090663599,2.66806975265361
"177",2009-10-01,2.98699709248538,2.64381972488344,3.06488709890875,2.60915168095315,2.61252687078193,3.00833656997363,3.42538009063534,2.53264237142713,2.69988175667729,2.68695589405484
"178",2009-11-01,3.02248732251945,2.65560173891051,3.08564118776827,2.62995032667869,2.62103747371441,3.04052992062527,3.4411229476172,2.56823819959187,2.72840780578831,2.6962026108626
"179",2009-12-01,3.03583764629872,2.67820722440869,3.09953929336989,2.62230474871643,2.64634891743559,3.0611160827983,3.48080128141662,2.56773446615026,2.72789577155465,2.7267173177255
"180",2010-01-01,3.04182675105636,2.69072558993688,3.12208352115548,2.61031360192053,2.62591425406018,3.0804686582211,3.53715481868063,2.53915085106995,2.7078879204186,2.72319106665606
"181",2010-02-01,3.06067818204005,2.69192131689003,3.12418970248238,2.61605605143916,2.65520415519735,3.08913153690115,3.52236998532976,2.5366194205062,2.70076114995066,2.73125106021559
"182",2010-03-01,3.08509414636139,2.69202222750233,3.13868964807008,2.63536518884867,2.63709810482546,3.09713490861817,3.54709362463744,2.55958659334473,2.74621912067697,2.72771318209017
"183",2010-04-01,3.10862280255288,2.71840321956408,3.15945368637158,2.63733384437286,2.64763026928935,3.1110412677817,3.56337617146227,2.57906158335408,2.7490094537139,2.75623310952727
"184",2010-05-01,3.10645699198151,2.71118960817853,3.16853460834906,2.63936901415107,2.65134372137528,3.14535190966214,3.58341441383067,2.53501202157917,2.74795121523627,2.74269736213036
"185",2010-06-01,3.13398156503116,2.72016729577898,3.17804137254682,2.65872151937862,2.67546804014367,3.15583389526228,3.61226423667033,2.57830880328662,2.78573052100735,2.7798195726912
"186",2010-07-01,3.1448652767336,2.71839604179892,3.19946451024351,2.63776999221695,2.67829838157341,3.16958276720738,3.64726780484215,2.58311115582445,2.77828651572762,2.7746572603517
"187",2010-08-01,3.14671367198797,2.73291308298149,3.19124064435031,2.65796635201976,2.66848811358982,3.17592839765553,3.65855346242706,2.57912995151472,2.77733361280797,2.77214256261075
"188",2010-09-01,3.14177861788864,2.74103912145525,3.20205873616373,2.646051361133,2.6805556716791,3.17618602547458,3.65713018143772,2.57966134553376,2.77326328471616,2.76662347767263
"189",2010-10-01,3.15974460907232,2.71330253717126,3.16591883689231,2.63999747662349,2.64963537135254,3.15549194409885,3.64238843660304,2.53558235172593,2.77191712402933,2.74782783339867
"190",2010-11-01,3.12315843054282,2.70189698630905,3.1607253418642,2.64621515167915,2.65588775046776,3.13763848458132,3.63701077332833,2.53252915690523,2.7070686982394,2.74136169745216
"191",2010-12-01,3.09974222282468,2.7096083945132,3.13629050143561,2.62024726871113,2.62767964874429,3.1333160516778,3.62133183894063,2.54294015256269,2.72369205696071,2.73021673320528
"192",2011-01-01,3.0980948773804,2.68156437742706,3.12007940782224,2.5836825627838,2.60333453172011,3.09904750577258,3.63232076596959,2.51246168995463,2.7142954804845,2.72990296668933
"193",2011-02-01,3.08032016659826,2.67154179460226,3.09644155028559,2.58141688430635,2.61052428382683,3.10383471874053,3.61277603475118,2.46991226099671,2.70006625221952,2.70038210681839
"194",2011-03-01,3.08598879588129,2.65294810523041,3.09704259398395,2.591237766741,2.57823356374088,3.09697348080014,3.61379390107553,2.50337621281601,2.70885251978492,2.69919881143395
"195",2011-04-01,3.07888904729661,2.65910967569685,3.12405745533532,2.59683964182725,2.60912164390837,3.1070131796248,3.65794057642925,2.50458193340146,2.7170607217161,2.72070722876904
"196",2011-05-01,3.08221658177607,2.65975835734406,3.11781698221093,2.59006657235823,2.62206544017284,3.11047899868936,3.65321482503695,2.51235177177681,2.70254538568245,2.7288890816359
"197",2011-06-01,3.1183458111201,2.68488978035903,3.12277060182907,2.58232205459399,2.60378219435456,3.13668460700042,3.67333011659094,2.50084937396724,2.70594685976764,2.71070530025575
"198",2011-07-01,3.10626729001104,2.67710445999985,3.15794849969895,2.5874786778554,2.6027957132751,3.14741894333832,3.72399869924486,2.47594830385813,2.70797787458019,2.71436584947391
"199",2011-08-01,3.11958013547681,2.67167813315417,3.12946749443535,2.58358294162851,2.61398469345911,3.13872623540554,3.73734333595664,2.50439647017343,2.71506872592669,2.73242177507161
"200",2011-09-01,3.10428033931408,2.67952206131602,3.12775024441169,2.57831409489636,2.6038660664363,3.13389231533514,3.72882182266191,2.47169271332079,2.71103454257675,2.72594097976469
"201",2011-10-01,3.11333689834692,2.66298020846063,3.12996750260349,2.5682768042934,2.58437197464345,3.13672737763548,3.71664018625133,2.46600484256276,2.68586635495538,2.71745891601325
"202",2011-11-01,3.11070195668118,2.68007106784749,3.1285137220366,2.57043025164016,2.59174568505119,3.13588018362462,3.72560610310128,2.46086353642804,2.68605584035134,2.71117693503506
"203",2011-12-01,3.11103038309093,2.66797918984056,3.11963642687711,2.57626776141461,2.57492067353616,3.13399602544779,3.74295676329208,2.48423709975787,2.69762239413318,2.71023349201575
"204",2012-01-01,3.11296151888456,2.65156089334387,3.11119614245769,2.55167434928648,2.58118225029109,3.1229570471886,3.75191638908693,2.43001536996276,2.67482337798783,2.69649734210598
"205",2012-02-01,3.09977717975141,2.64207605166961,3.11831636709556,2.53983456104902,2.56015164609786,3.13188280373485,3.749876609875,2.42663900119,2.67627173909691,2.68027230381194
"206",2012-03-01,3.0989189143438,2.66290791836288,3.11290336804529,2.56451175004124,2.56691561932016,3.1306494219147,3.71842605611136,2.456641594117,2.6725398847688,2.70801757253096
"207",2012-04-01,3.14338710123256,2.66113388774449,3.1398992309299,2.57521497052048,2.57415294097241,3.16396255501885,3.83326072996371,2.48316344445539,2.70860227196886,2.70166714152885
"208",2012-05-01,3.14006435363471,2.67692156996785,3.16025539761454,2.5495611098441,2.58203200016235,3.17678776093282,3.87547931886313,2.47577212406324,2.70229410927021,2.72966257361423
"209",2012-06-01,3.15838575168088,2.70452148391619,3.16477021009798,2.58247720469856,2.60655622785616,3.19531079035788,3.88952618966496,2.47133117520583,2.70165580885314,2.73354252340028
"210",2012-07-01,3.15896094224574,2.68505614916537,3.15831250537165,2.55534199035321,2.5837847288047,3.20386476481745,3.91409060353307,2.46165192931446,2.70353267081096,2.74015986721981
"211",2012-08-01,3.17867359015937,2.67749244794499,3.16901845853061,2.57402768640969,2.58501508819611,3.21135530605485,3.94492875918229,2.47093353564145,2.69160972814602,2.74370285183283
"212",2012-09-01,3.17806169045821,2.69308653268486,3.16450630175741,2.55265288253125,2.57044389394529,3.21311255285674,3.92826152355582,2.46319156598302,2.71245489514692,2.73739530679576
"213",2012-10-01,3.16844601875146,2.68825590751038,3.15780602887924,2.55682416707097,2.57699427393969,3.19965104766678,3.9169974765257,2.43438062718787,2.69521528547119,2.73517726988896
"214",2012-11-01,3.16500789879375,2.67826303090137,3.16810797862509,2.55895130485484,2.57315478253115,3.21622408985902,3.92975823331993,2.44123419683459,2.68151540232752,2.73412473738118
"215",2012-12-01,3.15919148440816,2.68642750015766,3.17257839964169,2.5486134832191,2.56972510544663,3.21338761128053,3.97116967128528,2.43880379140118,2.69998192320468,2.74256001232491
"216",2013-01-01,3.15815427466761,2.6835299406764,3.15968568119827,2.53074016881538,2.54173587957893,3.2056940072935,3.97080202004813,2.42005572259222,2.69046291354396,2.7154888375541
"217",2013-02-01,3.16257203441268,2.67832546694966,3.15885848223831,2.5504880639734,2.56203218858875,3.2055034706899,3.96740282653063,2.40612480041978,2.6937847645745,2.71999492244302
"218",2013-03-01,3.17046766956315,2.69009458847905,3.17273689421933,2.53519091688496,2.57071384184666,3.20825653685326,3.99185980545665,2.41906927144594,2.68049403561411,2.74514072194148
"219",2013-04-01,3.1965158027844,2.69232909624557,3.18740451289651,2.5685834888926,2.57121377126654,3.24225114147598,4.03944871935641,2.44368860820214,2.69584280832104,2.74691446793298
"220",2013-05-01,3.20920039133739,2.71587922857312,3.19605421739226,2.5802321709646,2.59070888543915,3.2456232666914,4.06484100689907,2.46275959046442,2.6955664504636,2.76946593288023
"221",2013-06-01,3.23713053385832,2.73752506903059,3.21114074455028,2.5726907935773,2.59021972646973,3.28553787348952,4.12104498381847,2.48144050595002,2.7278080237173,2.77406234650757
"222",2013-07-01,3.25788700374502,2.74019044461072,3.22977223582712,2.57587793355423,2.59792409394353,3.29571828453479,4.17014923361262,2.5028480377824,2.71252496717502,2.78202517668229
"223",2013-08-01,3.27186166812781,2.74211685468656,3.23577313111325,2.58553479529614,2.60868999425184,3.32000879026663,4.21554562273285,2.48914028693468,2.72177736405369,2.79412638310729
"224",2013-09-01,3.28632227557169,2.7504501601167,3.25031598105132,2.60276988063842,2.63702246264178,3.34862202678246,4.26042748123908,2.48657570758959,2.73146733962681,2.79882608099674
"225",2013-10-01,3.30893717792753,2.75194181212377,3.2638947289803,2.59717453302956,2.62583902387341,3.35625858558284,4.26650304848385,2.46394676787925,2.75396249722069,2.8176656003333
"226",2013-11-01,3.30293783369447,2.77699301160993,3.27152877680428,2.61123693812841,2.62766235629559,3.36687064411046,4.32472533038448,2.48605563988922,2.75465442348329,2.83007175586696
"227",2013-12-01,3.35571675053798,2.78139283528899,3.29154424246346,2.62928007987504,2.64440429966884,3.39580497073659,4.38524985412883,2.49421104828519,2.76290292472273,2.8538880007969
"228",2014-01-01,3.35439049557958,2.77035584728204,3.28327851954289,2.62041020031802,2.63565410931083,3.41593771684583,4.42503383706242,2.47501428009772,2.76223943777456,2.86440691514365
"229",2014-02-01,3.36973829229487,2.78658148732142,3.30343664988993,2.63701884874798,2.64700162236719,3.43012551283992,4.44904451619634,2.50476408670714,2.7811570162598,2.86965242616768
"230",2014-03-01,3.39488431474521,2.81545101992111,3.32352203721231,2.63674934776687,2.6554195642386,3.43900995707046,4.50201035370637,2.50798235935882,2.77335299890088,2.89038713560862
"231",2014-04-01,3.4464059532582,2.83732652039399,3.34858675005859,2.66205745378205,2.68851474797455,3.49603777264825,4.64301501985856,2.52834748449323,2.79581198875933,2.91326444307186
"232",2014-05-01,3.48741437651848,2.83103574151261,3.39468413396016,2.66820661614319,2.7004039084674,3.53873289889412,4.72782208308843,2.53970371351487,2.82776427507454,2.94472713380716
"233",2014-06-01,3.51813778153084,2.87496283041262,3.41383909862682,2.69216025798236,2.71369773841154,3.58007163767272,4.7913646175272,2.54684923389783,2.82193802380499,2.9505698151611
"234",2014-07-01,3.56357856911544,2.8831038355097,3.43327484037692,2.69905451073207,2.72563204764087,3.63305521488729,4.8683831614606,2.55564429629533,2.84827342957857,2.95883028935007
"235",2014-08-01,3.59879335764009,2.89610104512565,3.45911185916678,2.71915014060574,2.7447485934199,3.67712176261421,4.97891093266758,2.57293783305098,2.84784855655145,2.99524218960599
"236",2014-09-01,3.62158180513441,2.89901504051932,3.4717080409635,2.71368089146246,2.7411390900174,3.69215495411388,4.95505777143526,2.56061544188045,2.86341705913971,2.99287561120713
"237",2014-10-01,3.6380955295705,2.9071644923072,3.47959898939406,2.71280672250202,2.74065222998345,3.70854473189064,4.95152756499903,2.53804114219106,2.85740331078221,3.00248834875559
"238",2014-11-01,3.64148940757055,2.9189408920861,3.47870189791482,2.71723293747917,2.74353017049647,3.72622530304333,4.93080686959148,2.55514279829646,2.87467905129189,3.01237528195273
"239",2014-12-01,3.6785935401193,2.92155343751252,3.47591854398405,2.71637138236492,2.76253566538895,3.72812697977997,4.97039381186259,2.54833843980774,2.85976457562874,3.01541257927977
"240",2015-01-01,3.67374182802088,2.91433413848999,3.49771906447556,2.71605974554437,2.73864662891821,3.73190735457669,4.97383568378654,2.54473170672787,2.86553905950522,3.01446613026955
"241",2015-02-01,3.68981356971399,2.92351726838572,3.49093027790682,2.71273032980388,2.75245692553088,3.74525235326073,4.95505236212561,2.57230034153252,2.88933257774399,3.01642201191868
"242",2015-03-01,3.69665297114735,2.92381910934852,3.50517258865181,2.70651201036866,2.74618322288179,3.76409696132162,5.01107387881531,2.54868993205178,2.85303072962149,3.03106435965442
"243",2015-04-01,3.73634214188175,2.95293935066109,3.54208377131367,2.75419373815965,2.77722355017547,3.80164077480872,5.09056785850196,2.56631096164046,2.86919242914698,3.05536815432409
"244",2015-05-01,3.78138745546272,2.96281958834684,3.55207749412232,2.7632791735041,2.7842029542898,3.83655585462942,5.13207773915855,2.57722979765667,2.89259780392848,3.05862668485584
"245",2015-06-01,3.803480077197,2.97111376508355,3.57731612452728,2.78029532052343,2.80258713079313,3.86985168141852,5.18003168507496,2.59267051143939,2.92216339197448,3.08534171138748
"246",2015-07-01,3.86017407324153,3.00358049479863,3.60663740293327,2.78394904942283,2.81318576775177,3.91701393123398,5.25820144626326,2.60763933595186,2.90678234588615,3.11197341610034
"247",2015-08-01,3.88343132022838,3.02690679117622,3.63674638524047,2.79674907638202,2.83867776772653,3.9550408959043,5.33553099570339,2.61464296158529,2.91231513302729,3.12165931272684
"248",2015-09-01,3.89674040787829,3.04115685141401,3.65797542151466,2.81434292426064,2.84724025619769,3.97742426913524,5.37059470438917,2.59952278844677,2.92696534408959,3.12683898177316
"249",2015-10-01,3.93798353400864,3.03908242055592,3.66791583539254,2.81146637691496,2.83868646995457,4.00822069994434,5.40800402571474,2.60885819617937,2.94887685636391,3.15240766694753
"250",2015-11-01,3.97050025112184,3.0435510053141,3.67441370502274,2.82002391297479,2.84897016802706,4.02564249920086,5.44327895020429,2.61449338378839,2.96113601189441,3.15425166075575
"251",2015-12-01,3.99213269905575,3.05503056244066,3.68415612602921,2.82854667775793,2.85157198532958,4.06280806419913,5.49134415189025,2.61402248190005,2.94721800722139,3.16093118511736
"252",2016-01-01,4.02036713393469,3.06657562377528,3.71001961510832,2.82035240047167,2.83596395994368,4.08055481830381,5.55307068764495,2.59185139076518,2.97697459617505,3.18256867851779
"253",2016-02-01,4.0439200543648,3.0632557023508,3.72385790172981,2.8246801906721,2.86751575792054,4.11367174492662,5.61855465323874,2.60588703727248,2.97296661290239,3.19928272992857
"254",2016-03-01,4.08187328705829,3.05999556726105,3.71755233674512,2.83733886179718,2.85054046577092,4.13242218776668,5.64409272516067,2.60200714619792,2.96626839918008,3.18462506191043
"255",2016-04-01,4.1292210743314,3.12235661371103,3.76913783449745,2.86646647663255,2.89250537675094,4.20427913437521,5.69411048330757,2.62435494819493,2.99042432767286,3.24851998043634
"256",2016-05-01,4.20236298583929,3.13342854170175,3.79897759518437,2.89693578343886,2.90618710005288,4.24031514070981,5.77733023261487,2.65114482380741,3.01215345924598,3.27429179732097
"257",2016-06-01,4.24025212885473,3.16308131771252,3.82060855468679,2.90126144311614,2.92625456660016,4.28188849888214,5.78441180105462,2.65073969008722,3.02535237797365,3.28184687692378
"258",2016-07-01,4.28200540788981,3.19397204769655,3.86203707026002,2.92640547841932,2.95451741168165,4.32293467988222,5.87105307301602,2.64157426642134,3.04728307340038,3.30960200372865
"259",2016-08-01,4.2925433291928,3.19747360408923,3.87813099635747,2.9307134857339,2.93250145824775,4.3358380116641,5.87725743377708,2.6662376593535,3.04231119159826,3.31675200430446
"260",2016-09-01,4.31611575071668,3.18716636037845,3.90265671089557,2.94169779041303,2.94637380357333,4.33284976588336,5.86269624897204,2.65208249289678,3.05933182821964,3.31654419611148
"261",2016-10-01,4.333071741437,3.1824241080469,3.87980520756956,2.91060997549682,2.95339442867248,4.34689243543084,5.85188332380649,2.64691466574899,3.05098021856188,3.31332170535853
"262",2016-11-01,4.34435585414474,3.20586809092449,3.89250847541988,2.93682696961241,2.93431097173675,4.33659716624393,5.8207938157688,2.6343816764089,3.06133331038507,3.33590745209775
"263",2016-12-01,4.36640586716708,3.21274179537393,3.90830812552305,2.93680845649589,2.94041159243267,4.35216362820758,5.8658880599275,2.63403571648164,3.08300092051856,3.36114816733756
"264",2017-01-01,4.39026240673612,3.23695578792201,3.91576128080709,2.93976425130659,2.92717607983842,4.37665144576414,5.87311298514245,2.64490324377449,3.05076435623856,3.36551591782134
"265",2017-02-01,4.39672126135017,3.22667525580735,3.91817464467317,2.93141145815033,2.95568672194818,4.37310652379829,5.9102315041673,2.62707884698548,3.05577239047194,3.3637611078461
"266",2017-03-01,4.40831375739621,3.24561355056842,3.9194149850037,2.95052154709416,2.93401626449862,4.38214926818352,5.88188761114905,2.61863728940733,3.06792547109175,3.38779616146824
"267",2017-04-01,4.45016872435663,3.28545542992622,3.94914388078019,2.98142266734698,2.97716867751459,4.41847815052108,5.93635505720894,2.66451467384458,3.09410643679962,3.41386047682983
"268",2017-05-01,4.48578885857963,3.29929943095777,3.99440483512921,2.99371297205388,2.9904948765396,4.44685525457722,5.99316815139096,2.69191043612725,3.08518149627338,3.43018028812754
"269",2017-06-01,4.49265266539557,3.30882463640474,4.00556086246089,3.01891017819931,3.02482691315678,4.4820025295085,5.97868710671214,2.67786575910755,3.10664398239409,3.45948128624702
"270",2017-07-01,4.5417490863734,3.33788883354891,4.04633105778442,3.04343066417421,3.03149494397909,4.50512701852012,6.03673993104979,2.7013748781038,3.1651988036991,3.49361469035656
"271",2017-08-01,4.55756834359123,3.36068885904574,4.08628314628858,3.06408588585047,3.05550774187815,4.53033453535626,6.10037709645335,2.68495272935485,3.15121431613766,3.51294369224184
"272",2017-09-01,4.58317135265167,3.35446636836743,4.07472547945698,3.06202102544038,3.0525179222855,4.51914208715872,6.05451257769395,2.70304026432583,3.17848338681638,3.51484777076433
"273",2017-10-01,4.59081597553623,3.37481724391079,4.07720385041441,3.05319845005806,3.0597185794936,4.53815819771539,5.99242790533902,2.70490180283654,3.1880723377036,3.5292996373636
"274",2017-11-01,4.57067781441887,3.38935473110578,4.09193442043146,3.07054135722472,3.07192975322679,4.53384127095042,5.97129483377122,2.69230080115039,3.18538079571314,3.54507910363328
"275",2017-12-01,4.59111006870908,3.39679945274749,4.0982978983051,3.06963484367751,3.06962877769924,4.52339949697964,6.00592585464385,2.72000010997029,3.19640122230323,3.54773332436437
"276",2018-01-01,4.60686235341632,3.39037134834133,4.1147185410559,3.07977941737633,3.06883805382438,4.52725483931797,5.96260237624584,2.68821695750187,3.21163078386343,3.52927220833183
"277",2018-02-01,4.60482988495066,3.38576133278637,4.0904421300461,3.06708520736454,3.08055168016697,4.53685250548996,5.93975228930017,2.69578890596986,3.20988901710669,3.56976083119265
"278",2018-03-01,4.60795610441885,3.39657992308094,4.12199112439319,3.08050997440122,3.06164638107678,4.52583875567033,5.95967757470384,2.65308183302553,3.21732913117997,3.56278790521209
"279",2018-04-01,4.61239105169291,3.42281529993455,4.12727824039315,3.09864219822842,3.09083311924236,4.54603842954835,5.92073376814015,2.72928640417064,3.21374681547879,3.5807348325301
"280",2018-05-01,4.63027628191259,3.43796586707954,4.1430171862711,3.09895660930989,3.10724471892892,4.57975223720162,6.03637022749916,2.72612446763504,3.22642660900795,3.60072855540751
"281",2018-06-01,4.63377155098201,3.47879592018248,4.1902254230926,3.13731649362762,3.12685387055005,4.5791818454006,5.98080076581087,2.72194096834066,3.28534396576089,3.63768469141252
"282",2018-07-01,4.67534477895693,3.52252759796701,4.2230841762535,3.15891957361503,3.13416966986897,4.59686333438254,6.00566874269915,2.7222664195932,3.31219240194374,3.65574036435991
"283",2018-08-01,4.70232360124224,3.52209710845907,4.22033996040179,3.18008511589518,3.17667116031379,4.60473008338578,6.00523657824516,2.74977608113097,3.31323337009861,3.66894086844165
"284",2018-09-01,4.6784352634778,3.52086053221329,4.22120467147182,3.18486300877829,3.15705661286843,4.61200646706596,6.00088759735436,2.72996474455629,3.34381094259232,3.69427162029346
"285",2018-10-01,4.69445450690098,3.52581543432919,4.2101010934727,3.16982600995899,3.15760063213687,4.57566309392962,5.94534980112685,2.75587327488953,3.34517317891373,3.67147945522742
"286",2018-11-01,4.67036231019794,3.55683032448667,4.22799842173132,3.17700052165071,3.17338279687628,4.59097553888894,5.93298079568316,2.72481083593795,3.35031686461437,3.70902330426197
"287",2018-12-01,4.68478241918758,3.5444084698996,4.22644048675559,3.18140869257783,3.15887163667316,4.54990926166091,5.87545249692388,2.71903145294366,3.32589839048736,3.6998283824986
"288",2019-01-01,4.66994513275002,3.52274529972118,4.2165328901448,3.1845212929517,3.15164239385403,4.54528269602143,5.87134916043803,2.68822027402067,3.34723251959978,3.67654993427082
"289",2019-02-01,4.64034609489467,3.533744663652,4.18913490454545,3.19291861499546,3.15220702769407,4.52449108455651,5.86724747725869,2.69370150679984,3.32626274661371,3.66761863205841
"290",2019-03-01,4.63582505754406,3.52025998824513,4.17689503346555,3.17635278009001,3.15662997312282,4.53392481962903,5.81564606080972,2.66617477187684,3.35216918473254,3.7077334778783
"291",2019-04-01,4.63463984705073,3.54616064000406,4.19248559173806,3.19047115323918,3.18386140864443,4.53524222704847,5.85803884955418,2.75057060247975,3.36204548276881,3.71801763043154
"292",2019-05-01,4.66474009799615,3.56231513795908,4.22765180750045,3.23526602403174,3.20724106775336,4.53810781906367,5.82922796843735,2.73871547595163,3.37006790236134,3.71522127246945
"293",2019-06-01,4.68069419495362,3.57766644794548,4.22347055566071,3.23721507584926,3.20903318049065,4.5529871377287,5.85038596539145,2.79675422775967,3.41653213103809,3.7607867576612
"294",2019-07-01,4.70309964023597,3.57624933240665,4.26314369985199,3.26800232582702,3.24848321233401,4.58811271231227,5.94226576275236,2.75716180377577,3.40962831530636,3.74604043312449
"295",2019-08-01,4.70171160028122,3.62373910758301,4.26109227999905,3.27807737046567,3.26490044287191,4.60260270472755,5.95660883046586,2.77894033845629,3.48118727919192,3.77273239856711
"296",2019-09-01,4.70683130315082,3.62042029911122,4.2732367077118,3.28126594233903,3.25660406615463,4.59547994470253,5.93966437774443,2.78056718378888,3.43387041118243,3.77032346077768
"297",2019-10-01,4.73980169406292,3.64585226540164,4.29761788370112,3.27457683433386,3.27467521304117,4.58420220024043,5.92880426185442,2.77985141581397,3.45749301540336,3.77312456752007
